DELIVERY_PERSON_NAME,EMPLOYMENT_TYPE,VEHICLE_TYPE,TOTAL_DELIVERIES,AVG_DELAY,AVG_RATING,ON_TIME_RATE
Ayesha Sama,CONTRACT,VAN,80,0.48,4.00,62.50
Amani Srinivas,FULL-TIME,EV BIKE,98,0.46,3.99,63.27
Reyansh Yogi,FULL-TIME,EV BIKE,89,0.44,4.10,64.04
Abram Sankaran,FULL-TIME,VAN,129,0.50,4.01,62.02
Kartik Korpal,FULL-TIME,BIKE,74,0.43,4.04,62.16
Prisha Apte,FULL-TIME,BIKE,118,0.43,4.01,64.41
Shray Bal,CONTRACT,EV BIKE,93,0.42,4.11,66.67
Priyansh Sarna,FULL-TIME,SCOOTER,92,0.59,3.84,54.35
Anaya Kadakia,CONTRACT,VAN,123,0.50,3.94,60.16
Oorja Krish,CONTRACT,SCOOTER,108,0.43,4.01,68.52
Gokul Chakraborty,CONTRACT,BIKE,97,0.45,4.01,62.89
Kashvi Bumb,FULL-TIME,VAN,113,0.50,3.90,57.52
Zeeshan Shanker,CONTRACT,BIKE,86,0.40,3.97,68.60
Ivan Venkatesh,FULL-TIME,VAN,122,0.43,4.01,68.03
Rhea Grover,CONTRACT,EV BIKE,101,0.53,4.00,62.38
Dhanush Datta,CONTRACT,BIKE,91,0.59,3.85,59.34
Vritika Dutt,FULL-TIME,EV BIKE,110,0.42,4.03,68.18
Madhup Goyal,FULL-TIME,SCOOTER,134,0.46,3.94,63.43
Saksham Kari,FULL-TIME,SCOOTER,86,0.48,3.96,63.95
Heer Srinivasan,CONTRACT,EV BIKE,81,0.38,4.12,69.14
Ela Tak,FULL-TIME,BIKE,121,0.44,3.98,68.60
Mishti Karpe,FULL-TIME,SCOOTER,123,0.53,3.90,60.98
Himmat Bassi,CONTRACT,SCOOTER,114,0.33,4.15,71.93
Rasha Arora,FULL-TIME,VAN,114,0.51,3.94,63.16
Sara Uppal,FULL-TIME,VAN,95,0.44,4.00,65.26
Advik Anne,CONTRACT,SCOOTER,114,0.33,4.06,76.32
Farhan Bhatt,CONTRACT,VAN,94,0.32,4.19,74.47
Chirag Dhar,FULL-TIME,VAN,130,0.48,3.90,64.62
Amira Comar,FULL-TIME,BIKE,129,0.53,3.85,62.02
Seher Warrior,FULL-TIME,BIKE,120,0.38,4.11,70.00
Vardaniya Rajan,CONTRACT,VAN,102,0.45,4.00,65.69
Zain Garg,FULL-TIME,VAN,127,0.43,3.98,65.35
Ayesha Bakshi,CONTRACT,EV BIKE,87,0.52,3.90,60.92
Nishith Shah,FULL-TIME,VAN,119,0.43,4.09,66.39
Advika Datta,CONTRACT,EV BIKE,87,0.56,3.78,57.47
Bhavin Tandon,FULL-TIME,EV BIKE,103,0.52,3.87,61.17
Purab Wadhwa,CONTRACT,EV BIKE,107,0.47,3.92,64.49
Samar Banik,FULL-TIME,SCOOTER,122,0.50,3.95,62.30
Gokul Dara,CONTRACT,VAN,127,0.39,4.08,67.72
Yasmin Kata,FULL-TIME,BIKE,124,0.44,4.02,63.71
Lagan Deep,FULL-TIME,VAN,88,0.33,4.20,72.73
Biju Dhingra,CONTRACT,VAN,130,0.43,4.02,64.62
Shray Arora,CONTRACT,BIKE,117,0.46,4.00,64.10
Ishita Korpal,CONTRACT,EV BIKE,104,0.43,4.00,64.42
Yakshit Ramesh,CONTRACT,SCOOTER,102,0.46,4.01,62.75
Pihu Baral,FULL-TIME,EV BIKE,126,0.52,3.91,62.70
Shray Sem,CONTRACT,EV BIKE,104,0.38,4.04,70.19
Faiyaz Mani,CONTRACT,BIKE,94,0.50,3.95,65.96
Yuvaan Basu,CONTRACT,BIKE,104,0.48,3.96,64.42
Stuvan Bera,CONTRACT,SCOOTER,83,0.43,4.04,68.67
Nirvi Kaul,CONTRACT,EV BIKE,109,0.46,3.98,60.55
Kaira Iyengar,FULL-TIME,SCOOTER,124,0.49,3.95,62.90
Aayush Kar,CONTRACT,VAN,139,0.51,3.99,60.43
Hiran Bumb,FULL-TIME,EV BIKE,100,0.37,4.14,71.00
Nehmat Sathe,CONTRACT,BIKE,103,0.37,4.05,70.87
Divij Rao,CONTRACT,VAN,119,0.44,4.04,65.55
Manikya Bhat,CONTRACT,EV BIKE,126,0.47,4.05,60.32
Shaan Gill,FULL-TIME,BIKE,113,0.42,4.01,67.26
Samiha Shankar,CONTRACT,BIKE,119,0.45,4.02,65.55
Rohan Yogi,FULL-TIME,EV BIKE,122,0.44,3.99,66.39
Emir Chaudry,CONTRACT,VAN,86,0.52,3.84,60.47
Neysa Devi,FULL-TIME,VAN,102,0.45,3.96,64.71
Chirag Seshadri,CONTRACT,EV BIKE,121,0.40,4.09,66.94
Umang Kothari,CONTRACT,VAN,119,0.43,4.05,67.23
Tara Kata,FULL-TIME,VAN,76,0.46,3.95,63.16
Badal Kari,FULL-TIME,SCOOTER,125,0.34,4.10,72.80
Pranay Kohli,FULL-TIME,VAN,120,0.43,4.03,68.33
Alisha Warrior,CONTRACT,EV BIKE,112,0.46,4.03,61.61
Dhruv Kadakia,FULL-TIME,EV BIKE,139,0.45,3.99,64.03
Baiju Chaudhry,CONTRACT,SCOOTER,137,0.61,3.79,55.47
Nirvaan Zachariah,CONTRACT,BIKE,92,0.34,4.11,71.74
Riaan Chaudhry,FULL-TIME,VAN,89,0.36,4.18,69.66
Indrajit Bath,CONTRACT,BIKE,106,0.56,3.92,57.55
Manikya Sachdeva,FULL-TIME,BIKE,84,0.45,3.95,64.29
Himmat Saini,CONTRACT,VAN,104,0.46,3.93,66.35
Umang Rajan,CONTRACT,BIKE,144,0.38,4.10,68.75
Advik Walia,CONTRACT,SCOOTER,92,0.47,4.00,63.04
Nakul D’alia,CONTRACT,VAN,131,0.57,3.87,54.20
Zaina Bhandari,FULL-TIME,VAN,128,0.31,4.14,75.78
Zara Sabharwal,FULL-TIME,EV BIKE,117,0.51,3.95,57.26
Samiha Dhingra,FULL-TIME,BIKE,153,0.45,3.95,65.36
Aniruddh Tank,FULL-TIME,VAN,93,0.46,4.00,60.22
Gokul Mammen,FULL-TIME,EV BIKE,112,0.49,3.95,62.50
Urvi Bala,CONTRACT,SCOOTER,94,0.47,3.95,67.02
Madhav Mani,FULL-TIME,BIKE,105,0.54,3.91,61.90
Aayush Vyas,CONTRACT,SCOOTER,139,0.47,4.00,62.59
Rania Kothari,CONTRACT,VAN,108,0.44,3.96,62.96
Zara Bahri,FULL-TIME,BIKE,104,0.49,3.94,58.65
Zaina Kurian,CONTRACT,BIKE,121,0.57,3.87,58.68
Siya Kala,FULL-TIME,EV BIKE,130,0.48,4.01,61.54
Nitya Rajan,FULL-TIME,EV BIKE,135,0.47,3.98,62.96
Taran Cherian,CONTRACT,VAN,80,0.40,4.00,67.50
Hunar Khalsa,CONTRACT,VAN,117,0.51,4.00,64.10
Madhup Wali,FULL-TIME,VAN,98,0.36,4.11,71.43
Kavya Walia,FULL-TIME,BIKE,99,0.33,4.13,76.77
Saanvi Shanker,FULL-TIME,SCOOTER,124,0.46,3.98,65.32
Hrishita Deol,CONTRACT,EV BIKE,127,0.45,3.99,65.35
Tanya Bali,FULL-TIME,EV BIKE,95,0.43,3.99,67.37
Hridaan Kapadia,CONTRACT,SCOOTER,109,0.50,3.99,57.80
Akarsh Kala,FULL-TIME,EV BIKE,94,0.45,4.06,62.77
Siya Iyengar,FULL-TIME,SCOOTER,82,0.48,3.87,64.63
Rhea Ben,FULL-TIME,VAN,103,0.49,3.90,62.14
Raghav Chad,FULL-TIME,BIKE,124,0.56,3.82,58.87
Krish Sabharwal,FULL-TIME,EV BIKE,102,0.37,4.11,67.65
Badal Shenoy,CONTRACT,EV BIKE,115,0.42,4.06,65.22
Samiha Halder,CONTRACT,VAN,101,0.43,3.98,65.35
Neelofar Sagar,FULL-TIME,BIKE,89,0.56,3.88,52.81
Vritika Kumer,CONTRACT,BIKE,110,0.41,4.04,65.45
Elakshi Dugal,CONTRACT,BIKE,80,0.38,4.12,68.75
Jhanvi Lanka,CONTRACT,BIKE,100,0.38,4.09,72.00
Mamooty Gokhale,FULL-TIME,SCOOTER,116,0.43,3.98,67.24
Adira Sane,CONTRACT,EV BIKE,148,0.41,4.03,67.57
Nayantara Kaur,CONTRACT,VAN,105,0.46,3.96,66.67
Eshani Raj,FULL-TIME,EV BIKE,118,0.42,4.09,64.41
Vivaan Grewal,FULL-TIME,BIKE,85,0.42,4.03,65.88
Amani Brar,CONTRACT,BIKE,109,0.50,3.90,63.30
Aarush Dewan,FULL-TIME,SCOOTER,109,0.30,4.16,74.31
Samarth Sunder,CONTRACT,BIKE,120,0.45,4.03,62.50
Madhup Dara,FULL-TIME,BIKE,327,0.44,3.99,65.14
Riya Sampath,FULL-TIME,BIKE,104,0.42,4.01,66.35
Hansh Sekhon,CONTRACT,BIKE,101,0.38,4.12,67.33
Keya Taneja,FULL-TIME,SCOOTER,105,0.37,4.10,70.48
Jivika Sandal,CONTRACT,EV BIKE,111,0.45,4.02,65.77
Biju Singh,CONTRACT,BIKE,87,0.34,4.11,72.41
Kavya Gara,CONTRACT,SCOOTER,96,0.53,3.92,58.33
Emir Ratti,FULL-TIME,EV BIKE,82,0.35,4.13,68.29
Yashvi Bobal,FULL-TIME,EV BIKE,112,0.53,3.86,60.71
Jhanvi Saran,CONTRACT,VAN,109,0.44,4.10,65.14
Lagan Zachariah,CONTRACT,EV BIKE,121,0.57,3.81,57.02
Tiya Gill,FULL-TIME,BIKE,127,0.39,4.13,67.72
Misha Shenoy,FULL-TIME,SCOOTER,118,0.43,3.94,66.95
Uthkarsh Sant,FULL-TIME,VAN,82,0.52,3.92,57.32
Ela Chakrabarti,FULL-TIME,SCOOTER,128,0.50,3.94,59.38
Lagan Varughese,CONTRACT,EV BIKE,95,0.52,3.97,63.16
Aaina Subramaniam,CONTRACT,VAN,95,0.38,4.05,71.58
Fateh Dutt,FULL-TIME,EV BIKE,103,0.56,3.86,57.28
Samarth Boase,FULL-TIME,VAN,95,0.42,4.07,65.26
Hunar Goswami,FULL-TIME,BIKE,95,0.56,3.86,56.84
Aaina Sahni,FULL-TIME,VAN,91,0.52,3.88,61.54
Manjari Ramanathan,FULL-TIME,BIKE,108,0.41,4.02,69.44
Anvi Sur,FULL-TIME,EV BIKE,109,0.57,3.80,60.55
Shamik Sundaram,FULL-TIME,VAN,99,0.54,3.91,58.59
Jayan Iyengar,FULL-TIME,VAN,111,0.51,3.89,58.56
Sumer Singhal,FULL-TIME,BIKE,121,0.42,4.09,66.94
Zoya Dugal,CONTRACT,SCOOTER,153,0.49,3.95,64.71
Elakshi Keer,CONTRACT,BIKE,100,0.38,4.07,69.00
Yuvraj  Arya,CONTRACT,BIKE,106,0.40,4.06,66.04
Myra Kala,FULL-TIME,BIKE,135,0.44,4.02,65.93
Krish Setty,FULL-TIME,SCOOTER,96,0.43,4.09,65.63
Riya Din,FULL-TIME,VAN,128,0.41,4.04,67.97
Alisha Gandhi,FULL-TIME,VAN,130,0.45,3.95,66.92
Kartik Devi,FULL-TIME,EV BIKE,112,0.42,4.06,66.07
Suhana Basu,FULL-TIME,EV BIKE,196,0.44,4.00,65.31
Myra Goel,FULL-TIME,SCOOTER,98,0.40,4.04,70.41
Zain Gopal,CONTRACT,VAN,120,0.44,4.01,67.50
Anika Chanda,CONTRACT,SCOOTER,104,0.47,4.00,61.54
Indrans Kari,FULL-TIME,VAN,111,0.42,4.03,66.67
Zara Gaba,CONTRACT,EV BIKE,83,0.48,3.89,63.86
Alisha Vora,CONTRACT,BIKE,149,0.48,3.95,63.76
Krish Randhawa,CONTRACT,SCOOTER,106,0.50,3.98,61.32
Anay Bajwa,FULL-TIME,EV BIKE,102,0.37,4.12,68.63
Inaaya  Kamdar,FULL-TIME,EV BIKE,116,0.40,4.02,68.97
Nehmat Jani,CONTRACT,SCOOTER,106,0.39,4.09,68.87
Riaan Mander,FULL-TIME,BIKE,118,0.36,4.08,72.03
Zaina Shan,FULL-TIME,BIKE,103,0.50,4.00,63.11
Samar Johal,FULL-TIME,SCOOTER,95,0.42,4.05,66.32
Dishani Setty,CONTRACT,BIKE,126,0.47,3.97,65.87
Dhanush Dalal,CONTRACT,EV BIKE,118,0.37,4.08,68.64
Gatik Kothari,CONTRACT,VAN,153,0.37,4.14,69.93
Hridaan Dave,CONTRACT,SCOOTER,100,0.47,4.06,64.00
Kimaya Kaur,FULL-TIME,BIKE,123,0.49,3.99,62.60
Tarini Bhalla,CONTRACT,BIKE,91,0.49,3.93,60.44
Diya Kapadia,FULL-TIME,EV BIKE,71,0.45,4.05,66.20
Romil Grewal,CONTRACT,BIKE,91,0.36,4.17,68.13
Trisha Dara,FULL-TIME,SCOOTER,101,0.45,3.96,66.34
Kimaya Mani,FULL-TIME,SCOOTER,99,0.39,4.06,69.70
Yashvi Dass,CONTRACT,SCOOTER,167,0.44,4.04,64.07
Baiju Sodhi,FULL-TIME,BIKE,122,0.39,4.10,69.67
Vedika Upadhyay,FULL-TIME,EV BIKE,113,0.34,4.13,71.68
Taran Srinivas,FULL-TIME,VAN,81,0.33,4.15,71.60
Amira Gokhale,CONTRACT,SCOOTER,119,0.43,3.97,63.87
Siya Din,FULL-TIME,VAN,128,0.46,3.96,64.06
Raghav Ratta,FULL-TIME,EV BIKE,96,0.43,4.04,65.63
Divij Upadhyay,CONTRACT,VAN,94,0.44,4.05,67.02
Jivin Hegde,FULL-TIME,VAN,108,0.53,3.95,57.41
Advik Hayre,FULL-TIME,VAN,97,0.45,4.12,67.01
Raghav Doctor,CONTRACT,SCOOTER,81,0.36,4.10,71.60
Shamik Batra,CONTRACT,EV BIKE,106,0.44,3.99,67.92
Jivin Ratta,CONTRACT,EV BIKE,101,0.34,4.03,72.28
Himmat Thakkar,CONTRACT,SCOOTER,80,0.68,3.72,46.25
Hazel Samra,FULL-TIME,SCOOTER,112,0.39,4.07,67.86
Yuvraj  Desai,FULL-TIME,VAN,115,0.58,3.75,58.26
Riya Borra,FULL-TIME,EV BIKE,114,0.46,3.93,65.79
Lavanya Dugal,CONTRACT,SCOOTER,110,0.47,4.04,62.73
Romil Hora,FULL-TIME,BIKE,123,0.38,4.06,69.92
Jivika Sarraf,FULL-TIME,VAN,102,0.46,3.99,66.67
Drishya Kurian,CONTRACT,EV BIKE,121,0.44,4.09,64.46
Sumer Bhagat,FULL-TIME,EV BIKE,93,0.47,4.01,63.44
Divit Mannan,CONTRACT,VAN,108,0.41,4.06,65.74
Kashvi Chopra,FULL-TIME,SCOOTER,93,0.49,3.88,61.29
Sumer Kala,FULL-TIME,VAN,110,0.49,3.85,65.45
Hridaan Swamy,FULL-TIME,VAN,106,0.45,3.98,64.15
Shray Vaidya,FULL-TIME,EV BIKE,86,0.49,3.91,65.12
Jayan Doctor,FULL-TIME,EV BIKE,125,0.43,4.03,64.00
Advika Ben,CONTRACT,BIKE,121,0.45,3.97,64.46
Eva Garg,CONTRACT,EV BIKE,101,0.37,4.09,72.28
Ojas Dar,CONTRACT,VAN,90,0.49,3.98,62.22
Kartik Bora,CONTRACT,SCOOTER,87,0.44,3.95,66.67
Renee Bera,FULL-TIME,EV BIKE,84,0.55,3.91,57.14
Gatik Lanka,FULL-TIME,SCOOTER,114,0.50,3.91,64.04
Aniruddh Singh,CONTRACT,SCOOTER,121,0.40,4.02,66.12
Kiara Suri,CONTRACT,VAN,121,0.45,4.03,64.46
Umang Subramanian,FULL-TIME,BIKE,107,0.49,4.00,59.81
Jayan Sharma,FULL-TIME,SCOOTER,109,0.39,4.05,70.64
Romil Kar,FULL-TIME,BIKE,125,0.58,3.87,55.20
Anaya Dora,FULL-TIME,BIKE,97,0.46,3.93,62.89
Jayant Khurana,FULL-TIME,VAN,123,0.37,4.10,69.11
Krish Randhawa,CONTRACT,EV BIKE,98,0.44,4.06,67.35
Raghav Ahuja,CONTRACT,SCOOTER,91,0.44,4.04,61.54
Zara Kale,FULL-TIME,EV BIKE,138,0.47,3.96,64.49
Aarush Madan,FULL-TIME,SCOOTER,102,0.48,3.92,62.75
Anya Hayre,FULL-TIME,BIKE,99,0.46,3.93,65.66
Jayant Badal,CONTRACT,EV BIKE,124,0.53,3.90,59.68
Yasmin Sachdev,CONTRACT,VAN,115,0.33,4.10,73.04
Krish Choudhry,FULL-TIME,VAN,92,0.51,3.93,60.87
Nishith Rout,FULL-TIME,SCOOTER,116,0.58,3.81,57.76
Anahi Dash,FULL-TIME,SCOOTER,134,0.42,4.02,67.91
Pranay Borah,CONTRACT,BIKE,131,0.45,4.03,65.65
Sahil Lanka,FULL-TIME,VAN,114,0.44,3.99,64.91
Hansh Rege,FULL-TIME,BIKE,76,0.37,4.10,68.42
Ranbir Chhabra,FULL-TIME,EV BIKE,103,0.42,4.07,66.99
Navya Ravel,CONTRACT,EV BIKE,97,0.47,3.95,64.95
Dharmajan Bose,FULL-TIME,EV BIKE,128,0.48,3.97,62.50
Mohanlal Sarma,FULL-TIME,BIKE,138,0.49,4.02,62.32
Kabir Baral,FULL-TIME,EV BIKE,88,0.52,3.87,59.09
Alisha Bedi,CONTRACT,VAN,92,0.39,4.06,69.57
Ira Wali,CONTRACT,SCOOTER,129,0.53,3.94,58.14
Hazel Sarin,CONTRACT,VAN,110,0.41,4.06,69.09
Dishani Bhardwaj,CONTRACT,SCOOTER,107,0.41,4.02,69.16
Hrishita Chacko,CONTRACT,EV BIKE,81,0.31,4.20,74.07
Bhamini Dalal,CONTRACT,VAN,118,0.42,4.03,63.56
Jayan Dhillon,FULL-TIME,SCOOTER,117,0.52,3.87,58.97
Trisha Majumdar,CONTRACT,BIKE,109,0.41,4.11,63.30
Mannat Bose,FULL-TIME,SCOOTER,75,0.60,3.82,54.67
Prerak Kale,CONTRACT,VAN,93,0.41,3.95,69.89
Lakshit Tripathi,CONTRACT,EV BIKE,122,0.34,4.17,70.49
Neelofar Kalla,CONTRACT,SCOOTER,110,0.48,3.88,63.64
Samaira Sehgal,CONTRACT,EV BIKE,80,0.31,4.17,75.00
Onkar Dora,CONTRACT,BIKE,100,0.38,4.08,70.00
Aniruddh Taneja,CONTRACT,VAN,117,0.29,4.20,72.65
Adah Goel,CONTRACT,VAN,125,0.48,3.96,62.40
Mahika Contractor,FULL-TIME,BIKE,110,0.53,3.90,62.73
Taran Grover,CONTRACT,BIKE,112,0.49,3.95,65.18
Divij Dar,FULL-TIME,SCOOTER,104,0.41,4.10,64.42
Hiran Tripathi,CONTRACT,EV BIKE,105,0.48,3.95,64.76
Gatik Sawhney,CONTRACT,BIKE,85,0.53,3.92,61.18
Saanvi Sarin,FULL-TIME,SCOOTER,151,0.43,3.99,62.91
Kimaya Chad,CONTRACT,VAN,125,0.37,4.08,72.00
Tara Lala,FULL-TIME,BIKE,104,0.43,4.03,65.38
Gokul Rege,CONTRACT,SCOOTER,89,0.39,4.07,66.29
Ishita Arora,FULL-TIME,VAN,120,0.43,3.99,65.00
Jivin Sekhon,CONTRACT,BIKE,112,0.51,3.94,61.61
Vivaan Sethi,FULL-TIME,EV BIKE,96,0.51,4.00,59.38
Vaibhav Dada,CONTRACT,BIKE,107,0.42,4.06,65.42
Zaina Raval,FULL-TIME,VAN,118,0.49,3.93,65.25
Suhana Handa,CONTRACT,SCOOTER,125,0.42,4.05,67.20
Trisha Doctor,CONTRACT,VAN,115,0.40,4.06,66.96
Kashvi Jain,CONTRACT,VAN,121,0.43,4.06,66.94
Prisha Bhargava,FULL-TIME,BIKE,74,0.38,4.08,68.92
Taimur Sharaf,CONTRACT,VAN,111,0.47,3.97,63.96
Indrajit Bhatti,CONTRACT,EV BIKE,91,0.44,4.03,69.23
Abram Kata,CONTRACT,SCOOTER,123,0.37,4.13,69.11
Vaibhav Lall,CONTRACT,BIKE,131,0.51,3.88,61.83
Piya Karpe,FULL-TIME,SCOOTER,115,0.49,3.99,64.35
Ivan Ravel,CONTRACT,BIKE,101,0.37,4.07,70.30
Miraan Wadhwa,FULL-TIME,SCOOTER,117,0.38,4.06,70.09
Jayant Chhabra,CONTRACT,VAN,108,0.49,3.94,59.26
Hridaan Bandi,CONTRACT,SCOOTER,112,0.51,3.92,63.39
Mamooty Rattan,FULL-TIME,EV BIKE,124,0.58,3.80,56.45
Indrajit Shetty,FULL-TIME,SCOOTER,86,0.52,3.93,60.47
Badal Sanghvi,FULL-TIME,EV BIKE,132,0.38,4.08,68.18
Shamik Wali,FULL-TIME,BIKE,121,0.46,4.00,64.46
Shanaya Varughese,CONTRACT,EV BIKE,122,0.52,3.95,60.66
Anaya Bhat,CONTRACT,VAN,128,0.35,4.12,70.31
Onkar Balan,FULL-TIME,BIKE,115,0.47,4.07,63.48
Jivika Bhandari,CONTRACT,EV BIKE,120,0.39,4.01,66.67
Shanaya Sandal,CONTRACT,VAN,106,0.34,4.07,74.53
Tara Lanka,FULL-TIME,EV BIKE,111,0.44,4.02,68.47
Taran Char,CONTRACT,BIKE,122,0.43,4.05,67.21
Biju Boase,CONTRACT,EV BIKE,94,0.44,4.09,69.15
Umang Gade,CONTRACT,BIKE,144,0.47,3.98,65.28
Gatik Balakrishnan,CONTRACT,EV BIKE,97,0.39,4.14,69.07
Kashvi Sengupta,FULL-TIME,BIKE,127,0.48,3.99,61.42
Purab Bhatia,CONTRACT,VAN,107,0.54,3.80,57.01
Eva Bhatia,FULL-TIME,BIKE,96,0.49,3.91,62.50
Shlok Kaul,FULL-TIME,VAN,139,0.50,3.91,64.03
Jayesh Bora,CONTRACT,BIKE,103,0.45,3.99,65.05
Veer Karpe,FULL-TIME,VAN,110,0.41,4.02,66.36
Heer Wali,FULL-TIME,EV BIKE,126,0.36,4.11,69.84
Ishaan Badal,CONTRACT,EV BIKE,105,0.50,3.88,62.86
Prisha Mahajan,CONTRACT,BIKE,115,0.45,4.01,65.22
Trisha Deol,CONTRACT,SCOOTER,102,0.47,4.01,62.75
Oorja Saxena,CONTRACT,VAN,95,0.35,4.11,70.53
Baiju Chaudhari,CONTRACT,SCOOTER,88,0.50,4.01,57.95
Dharmajan Chada,CONTRACT,EV BIKE,110,0.51,3.88,63.64
Ira Barad,CONTRACT,EV BIKE,114,0.46,4.01,58.77
Trisha Sant,CONTRACT,BIKE,92,0.43,4.03,65.22
Sara Mane,CONTRACT,VAN,85,0.53,3.90,61.18
Manikya Bhatti,CONTRACT,EV BIKE,125,0.35,4.09,71.20
Alisha Karan,CONTRACT,SCOOTER,111,0.57,3.79,59.46
Ela Dhar,CONTRACT,EV BIKE,86,0.47,3.96,66.28
Elakshi Bora,FULL-TIME,EV BIKE,110,0.37,4.08,70.91
Amira Sani,CONTRACT,SCOOTER,102,0.46,3.97,59.80
Devansh Cherian,CONTRACT,SCOOTER,105,0.31,4.23,72.38
Madhup Gola,FULL-TIME,SCOOTER,105,0.57,3.83,56.19
Amira Sani,FULL-TIME,EV BIKE,109,0.45,4.02,64.22
Pihu Chaudhari,CONTRACT,VAN,95,0.46,3.94,66.32
Alia Majumdar,CONTRACT,SCOOTER,98,0.47,4.04,61.22
Shlok Choudhury,CONTRACT,EV BIKE,98,0.48,4.00,64.29
Khushi Rau,CONTRACT,SCOOTER,96,0.49,3.97,58.33
Jayan Khare,CONTRACT,SCOOTER,94,0.49,3.90,62.77
Vardaniya Ramesh,FULL-TIME,VAN,96,0.48,4.04,62.50
Inaaya  Tata,FULL-TIME,VAN,94,0.37,4.09,72.34
Akarsh Tella,FULL-TIME,VAN,102,0.44,3.97,67.65
Hridaan Agarwal,FULL-TIME,EV BIKE,105,0.50,3.95,63.81
Tushar Kapur,FULL-TIME,VAN,88,0.33,4.14,71.59
Yuvraj  Sharma,CONTRACT,SCOOTER,125,0.54,3.87,58.40
Shaan Thakur,FULL-TIME,SCOOTER,92,0.47,3.99,65.22
Raghav Sangha,CONTRACT,BIKE,98,0.47,4.05,66.33
Ayesha Luthra,FULL-TIME,BIKE,97,0.44,3.94,64.95
Faiyaz Kumer,CONTRACT,BIKE,103,0.35,4.15,69.90
Ayesha Khare,CONTRACT,EV BIKE,102,0.49,3.95,61.76
Nehmat Bakshi,CONTRACT,EV BIKE,77,0.34,4.13,71.43
Farhan Bassi,FULL-TIME,EV BIKE,77,0.38,4.12,71.43
Aaryahi Kala,FULL-TIME,VAN,76,0.57,3.82,59.21
Yuvaan Bora,CONTRACT,VAN,125,0.46,3.97,65.60
Advik Tata,CONTRACT,VAN,79,0.29,4.17,74.68
Vihaan Walia,CONTRACT,BIKE,93,0.53,3.90,59.14
Hunar Bhasin,CONTRACT,BIKE,101,0.50,3.96,65.35
Rhea Dhingra,CONTRACT,EV BIKE,97,0.56,3.91,54.64
Ira Sarin,FULL-TIME,SCOOTER,90,0.41,4.11,65.56
Indrans Sampath,CONTRACT,EV BIKE,132,0.48,3.98,64.39
Jivika Lanka,CONTRACT,BIKE,130,0.38,4.09,64.62
Drishya Babu,CONTRACT,VAN,91,0.30,4.15,75.82
Zaina Golla,CONTRACT,SCOOTER,86,0.59,3.79,54.65
Kiaan Butala,FULL-TIME,BIKE,114,0.39,4.05,69.30
Tushar Taneja,FULL-TIME,EV BIKE,100,0.41,4.02,66.00
Fateh Bora,CONTRACT,BIKE,87,0.46,4.03,59.77
Aaryahi Srivastava,CONTRACT,BIKE,90,0.36,4.09,73.33
Faiyaz Shankar,FULL-TIME,SCOOTER,116,0.47,3.94,61.21
Sara Saha,CONTRACT,SCOOTER,111,0.40,4.11,68.47
Tushar Bassi,CONTRACT,BIKE,114,0.36,4.09,70.18
Romil Kaur,FULL-TIME,VAN,96,0.36,4.11,70.83
Tara Dutt,FULL-TIME,SCOOTER,97,0.46,4.00,62.89
Taimur Khurana,FULL-TIME,SCOOTER,101,0.39,4.08,70.30
Indranil Magar,FULL-TIME,EV BIKE,113,0.45,3.96,64.60
Biju Kumer,CONTRACT,EV BIKE,103,0.46,3.98,66.02
Saira Andra,FULL-TIME,VAN,113,0.42,3.96,67.26
Tara Hayer,FULL-TIME,EV BIKE,103,0.40,4.11,67.96
Krish Bobal,FULL-TIME,EV BIKE,102,0.60,3.88,53.92
Prisha Sridhar,CONTRACT,SCOOTER,102,0.40,4.07,69.61
Ivana Solanki,CONTRACT,SCOOTER,96,0.44,3.96,66.67
Miraya Mannan,CONTRACT,BIKE,127,0.68,3.71,51.97
Parinaaz Sachdeva,CONTRACT,VAN,100,0.33,4.22,71.00
Hridaan Sarin,FULL-TIME,EV BIKE,108,0.53,3.86,62.96
Mannat Chacko,CONTRACT,EV BIKE,99,0.38,4.11,66.67
Ayesha Malhotra,FULL-TIME,VAN,87,0.40,4.03,67.82
Dhruv Chauhan,CONTRACT,SCOOTER,110,0.50,3.93,63.64
Kaira Kala,FULL-TIME,VAN,124,0.44,3.94,66.94
Vardaniya Uppal,CONTRACT,BIKE,111,0.41,4.12,67.57
Neysa Tata,CONTRACT,BIKE,111,0.43,4.05,67.57
Aradhya Singhal,CONTRACT,BIKE,118,0.37,4.14,70.34
Aaryahi Dhar,FULL-TIME,EV BIKE,94,0.36,4.16,71.28
Vardaniya Viswanathan,FULL-TIME,SCOOTER,108,0.40,4.08,68.52
Akarsh Chauhan,FULL-TIME,VAN,91,0.47,3.94,60.44
Ishaan Anne,CONTRACT,VAN,76,0.49,3.88,61.84
Inaaya  Hayre,FULL-TIME,VAN,106,0.39,4.09,68.87
Mannat Bains,CONTRACT,BIKE,127,0.40,4.04,70.87
Ehsaan Keer,FULL-TIME,BIKE,98,0.50,3.90,61.22
Jhanvi Varty,CONTRACT,VAN,121,0.45,3.98,64.46
Vihaan Hora,CONTRACT,BIKE,96,0.46,3.94,68.75
Drishya Gala,FULL-TIME,VAN,97,0.52,3.92,61.86
Manikya Chanda,FULL-TIME,SCOOTER,114,0.47,3.91,64.91
Manjari Gole,FULL-TIME,VAN,86,0.38,4.01,68.60
Jayant Jain,CONTRACT,VAN,112,0.47,3.98,65.18
Divyansh Kale,FULL-TIME,VAN,105,0.54,3.88,60.00
Badal Chowdhury,CONTRACT,SCOOTER,86,0.45,4.03,65.12
Vedika Venkataraman,FULL-TIME,BIKE,126,0.39,4.02,72.22
Vanya Kapadia,FULL-TIME,BIKE,97,0.43,4.02,69.07
Amira Sule,CONTRACT,BIKE,95,0.61,3.81,54.74
Kashvi Buch,FULL-TIME,BIKE,133,0.46,4.03,66.17
Taimur Saini,CONTRACT,SCOOTER,137,0.48,3.97,62.77
Vidur Kaul,CONTRACT,BIKE,115,0.35,4.13,73.04
Urvi Dar,CONTRACT,BIKE,137,0.46,3.91,64.96
Dhanush Bassi,FULL-TIME,SCOOTER,163,0.50,3.92,58.28
Raunak Dubey,FULL-TIME,BIKE,91,0.53,3.87,57.14
Mahika Bahl,FULL-TIME,EV BIKE,94,0.51,3.99,58.51
Jivika Choudhury,FULL-TIME,EV BIKE,114,0.44,4.00,68.42
Anika Badami,FULL-TIME,BIKE,97,0.60,3.73,57.73
Ivan Kapur,CONTRACT,VAN,95,0.51,3.96,60.00
Taran Ramachandran,CONTRACT,VAN,88,0.42,4.03,67.05
Trisha Kala,FULL-TIME,EV BIKE,125,0.46,4.01,66.40
Jivika Bajaj,CONTRACT,VAN,86,0.34,4.19,70.93
Kaira Dutt,FULL-TIME,BIKE,126,0.43,4.01,65.87
Ahana  Devan,FULL-TIME,VAN,125,0.41,4.04,68.00
Anay Gokhale,FULL-TIME,BIKE,88,0.42,4.01,70.45
Shray Srivastava,FULL-TIME,EV BIKE,93,0.49,3.91,61.29
Anvi Taneja,FULL-TIME,SCOOTER,89,0.35,4.12,68.54
Riaan Raval,FULL-TIME,VAN,115,0.43,4.02,66.96
Kanav Grover,CONTRACT,VAN,108,0.62,3.73,54.63
Jayesh Varghese,CONTRACT,SCOOTER,96,0.43,4.06,67.71
Shray Deep,FULL-TIME,SCOOTER,124,0.37,4.10,70.97
Vritika Biswas,CONTRACT,EV BIKE,139,0.41,3.97,65.47
Saanvi Verma,CONTRACT,VAN,132,0.39,4.06,68.94
Trisha Goswami,CONTRACT,EV BIKE,84,0.38,4.06,71.43
Veer Aurora,CONTRACT,VAN,132,0.46,3.97,68.18
Priyansh Chand,FULL-TIME,SCOOTER,104,0.47,3.96,63.46
Gokul Walia,CONTRACT,VAN,106,0.49,3.93,58.49
Aarav Saran,FULL-TIME,SCOOTER,101,0.43,4.05,64.36
Tara Deshpande,CONTRACT,BIKE,100,0.45,4.03,64.00
Vidur Mane,CONTRACT,EV BIKE,141,0.43,4.08,63.83
Aarush Raman,FULL-TIME,SCOOTER,106,0.42,4.03,67.92
Ritvik Swamy,FULL-TIME,BIKE,85,0.47,4.03,64.71
Rhea Chaudhari,CONTRACT,BIKE,133,0.56,3.82,57.14
Yasmin Mand,CONTRACT,BIKE,99,0.34,4.14,68.69
Shanaya Rajagopalan,FULL-TIME,SCOOTER,124,0.49,3.96,59.68
Azad Chopra,FULL-TIME,SCOOTER,128,0.43,3.99,63.28
Neelofar Dash,FULL-TIME,EV BIKE,108,0.35,4.18,67.59
Mamooty Talwar,CONTRACT,VAN,70,0.43,4.03,65.71
Gatik Borra,CONTRACT,EV BIKE,106,0.44,4.00,67.92
Jiya Grover,FULL-TIME,EV BIKE,116,0.45,3.97,65.52
Inaaya  Dayal,CONTRACT,VAN,118,0.42,4.09,66.95
Samaira Thakkar,CONTRACT,VAN,151,0.48,3.93,61.59
Hazel Kade,FULL-TIME,BIKE,103,0.46,3.91,68.93
Mohanlal Khanna,FULL-TIME,VAN,115,0.45,3.91,66.09
Badal Chandra,FULL-TIME,BIKE,93,0.44,4.08,66.67
Diya Chowdhury,FULL-TIME,SCOOTER,97,0.48,3.98,64.95
Hunar Dhillon,FULL-TIME,SCOOTER,108,0.40,4.08,64.81
Tarini Venkataraman,CONTRACT,SCOOTER,133,0.43,4.09,63.91
Heer Kaur,CONTRACT,EV BIKE,113,0.39,4.11,67.26
Aarush Sharaf,CONTRACT,BIKE,99,0.57,3.88,55.56
Yuvraj  Bath,CONTRACT,EV BIKE,97,0.54,3.98,58.76
Vidur Walla,CONTRACT,EV BIKE,120,0.38,4.11,70.83
Fateh Bali,CONTRACT,VAN,91,0.52,3.93,61.54
Darshit Ghosh,FULL-TIME,BIKE,98,0.41,4.10,67.35
Seher Sundaram,FULL-TIME,EV BIKE,111,0.53,3.87,59.46
Rhea Lad,CONTRACT,SCOOTER,85,0.54,3.90,58.82
Mahika Sampath,CONTRACT,BIKE,120,0.48,3.97,60.83
Alisha Seshadri,FULL-TIME,BIKE,134,0.31,4.12,73.88
Samar Varkey,FULL-TIME,VAN,90,0.56,3.87,57.78
Emir Rama,FULL-TIME,SCOOTER,97,0.47,4.04,62.89
Indrajit Kaul,CONTRACT,EV BIKE,95,0.35,4.08,69.47
Hansh Mand,FULL-TIME,BIKE,103,0.43,4.07,66.99
Diya Mand,CONTRACT,EV BIKE,94,0.38,3.98,72.34
Vardaniya Warrior,CONTRACT,VAN,142,0.44,4.03,64.08
Samar Mander,CONTRACT,BIKE,101,0.43,4.06,63.37
Jhanvi Wali,CONTRACT,SCOOTER,93,0.49,3.97,62.37
Indrans Saran,FULL-TIME,BIKE,87,0.43,4.07,65.52
Mamooty Grover,CONTRACT,EV BIKE,100,0.47,3.97,64.00
Indrajit Rajagopalan,CONTRACT,EV BIKE,127,0.45,4.04,68.50
Veer Shroff,CONTRACT,SCOOTER,130,0.48,4.00,59.23
Amira Mannan,FULL-TIME,BIKE,97,0.57,3.80,57.73
Manjari Kuruvilla,FULL-TIME,VAN,110,0.38,4.03,69.09
Zoya Tara,FULL-TIME,EV BIKE,121,0.40,4.05,66.94
Sumer Goda,FULL-TIME,VAN,111,0.56,3.88,60.36
Faiyaz Sachdev,CONTRACT,SCOOTER,116,0.37,4.03,71.55
Khushi Dave,CONTRACT,EV BIKE,149,0.38,4.15,69.13
Kabir Chauhan,CONTRACT,SCOOTER,114,0.48,3.94,64.91
Samaira Mani,FULL-TIME,VAN,111,0.50,3.88,62.16
Mishti Barman,CONTRACT,EV BIKE,86,0.45,3.93,63.95
Aaina Doshi,CONTRACT,SCOOTER,74,0.32,4.13,78.38
Vaibhav Keer,FULL-TIME,EV BIKE,124,0.48,3.98,62.10
Stuvan Talwar,FULL-TIME,SCOOTER,137,0.47,3.95,62.77
Adah Vyas,CONTRACT,EV BIKE,110,0.45,3.96,64.55
Tiya Raju,CONTRACT,SCOOTER,136,0.43,4.04,68.38
Hansh Doshi,FULL-TIME,BIKE,107,0.52,3.85,60.75
Sumer Garde,FULL-TIME,EV BIKE,86,0.62,3.73,56.98
Sara Sehgal,FULL-TIME,BIKE,89,0.46,4.04,60.67
Ehsaan Mandal,FULL-TIME,BIKE,108,0.44,3.96,68.52
Shanaya Tailor,FULL-TIME,BIKE,111,0.48,3.95,60.36
Hiran Divan,FULL-TIME,EV BIKE,104,0.45,3.96,66.35
Elakshi Gola,CONTRACT,EV BIKE,105,0.46,3.92,68.57
Ritvik Kunda,CONTRACT,SCOOTER,130,0.56,3.83,55.38
Neelofar Trivedi,FULL-TIME,EV BIKE,93,0.60,3.78,52.69
Indrans Dhaliwal,CONTRACT,BIKE,94,0.31,4.24,73.40
Jayan Halder,FULL-TIME,BIKE,115,0.54,3.92,59.13
Anay Swaminathan,FULL-TIME,SCOOTER,120,0.63,3.70,53.33
Charvi Wali,CONTRACT,BIKE,92,0.45,4.00,67.39
Emir Gour,CONTRACT,SCOOTER,105,0.38,4.12,69.52
Ojas Gandhi,CONTRACT,EV BIKE,137,0.52,3.93,59.85
Miraya Sagar,FULL-TIME,EV BIKE,82,0.60,3.86,54.88
Eva Sharaf,FULL-TIME,SCOOTER,111,0.50,3.85,62.16
Urvi Kata,CONTRACT,EV BIKE,98,0.43,3.92,69.39
Siya Anand,FULL-TIME,EV BIKE,104,0.36,4.09,72.12
Hridaan Apte,FULL-TIME,BIKE,118,0.48,3.96,62.71
Advika Sami,CONTRACT,VAN,104,0.52,3.87,62.50
Rati Khurana,CONTRACT,VAN,123,0.46,4.07,61.79
Ivana Ahluwalia,FULL-TIME,VAN,114,0.37,4.11,68.42
Emir Kalita,CONTRACT,SCOOTER,122,0.39,4.11,69.67
Mehul Samra,FULL-TIME,VAN,115,0.43,4.07,64.35
Lavanya Manda,FULL-TIME,SCOOTER,98,0.35,4.13,71.43
Farhan Chadha,FULL-TIME,EV BIKE,110,0.43,4.04,66.36
Lakshit Kaur,CONTRACT,EV BIKE,103,0.46,3.92,66.99
Priyansh Mani,CONTRACT,SCOOTER,116,0.36,4.13,71.55
Anya Gera,CONTRACT,VAN,88,0.26,4.27,78.41
Ehsaan Bora,FULL-TIME,VAN,104,0.37,4.10,69.23
Yakshit Thakkar,CONTRACT,BIKE,87,0.48,4.00,62.07
Parinaaz Hayre,FULL-TIME,VAN,97,0.40,4.03,69.07
Jayan Hayer,FULL-TIME,EV BIKE,105,0.45,4.01,65.71
Stuvan Bawa,FULL-TIME,BIKE,104,0.36,4.15,70.19
Advika Kota,FULL-TIME,BIKE,85,0.38,4.15,70.59
Manjari Lad,FULL-TIME,VAN,103,0.57,3.84,55.34
Jivika Kara,CONTRACT,EV BIKE,93,0.42,4.06,66.67
Nitya Maharaj,CONTRACT,BIKE,96,0.43,4.12,63.54
Seher Yogi,CONTRACT,BIKE,139,0.47,3.96,62.59
Vritika Bhagat,CONTRACT,VAN,117,0.45,4.01,65.81
Neysa Lala,FULL-TIME,SCOOTER,112,0.52,3.86,62.50
Saksham Kata,CONTRACT,EV BIKE,140,0.50,3.89,60.00
Mishti Shroff,FULL-TIME,EV BIKE,119,0.48,3.97,62.18
Ivan Verma,FULL-TIME,BIKE,118,0.35,4.11,72.03
Manjari Karnik,FULL-TIME,EV BIKE,75,0.39,4.06,68.00
Samar Bhatnagar,CONTRACT,EV BIKE,96,0.51,3.97,60.42
Nitara Ramanathan,CONTRACT,BIKE,92,0.42,4.04,66.30
Vivaan Dora,CONTRACT,EV BIKE,119,0.39,4.06,69.75
Kaira Kara,FULL-TIME,SCOOTER,101,0.44,4.04,64.36
Lavanya Ray,CONTRACT,EV BIKE,97,0.51,3.92,58.76
Vanya Bansal,FULL-TIME,BIKE,133,0.49,4.00,60.90
Vanya Bhasin,CONTRACT,BIKE,79,0.49,3.85,68.35
Raghav Dash,CONTRACT,BIKE,81,0.59,3.79,54.32
Priyansh Aggarwal,FULL-TIME,SCOOTER,101,0.48,3.95,66.34
Sara Varkey,CONTRACT,EV BIKE,88,0.49,3.93,62.50
Himmat Agarwal,FULL-TIME,SCOOTER,138,0.38,4.08,69.57
Damini Krishnan,FULL-TIME,VAN,135,0.38,4.11,68.89
Nakul Krish,FULL-TIME,SCOOTER,93,0.39,4.04,67.74
Urvi Ganesh,FULL-TIME,SCOOTER,111,0.41,3.98,67.57
Tushar Dada,CONTRACT,SCOOTER,105,0.50,3.97,58.10
Aayush Maharaj,CONTRACT,SCOOTER,99,0.56,3.89,58.59
Ahana  Borde,CONTRACT,BIKE,134,0.55,3.91,59.70
Yakshit Mann,CONTRACT,VAN,147,0.46,3.97,65.31
Shanaya Chaudhary,CONTRACT,SCOOTER,125,0.53,3.97,61.60
Vanya Dhingra,FULL-TIME,VAN,107,0.44,3.98,66.36
Pranay Din,CONTRACT,BIKE,78,0.35,4.14,70.51
Anahita Dugar,CONTRACT,EV BIKE,207,0.46,3.97,63.77
Charvi Gupta,CONTRACT,VAN,119,0.47,4.01,63.87
Jayan Chad,CONTRACT,BIKE,100,0.40,4.03,67.00
Kashvi Konda,FULL-TIME,EV BIKE,118,0.53,3.87,61.02
Ojas Ratta,CONTRACT,VAN,111,0.43,3.91,67.57
Kashvi Ganesh,CONTRACT,SCOOTER,94,0.39,4.08,70.21
Alisha Edwin,FULL-TIME,BIKE,109,0.44,3.96,69.72
Gatik Chahal,CONTRACT,BIKE,86,0.40,4.06,65.12
Zain Dhaliwal,CONTRACT,EV BIKE,104,0.53,3.88,61.54
Anahi Seshadri,CONTRACT,EV BIKE,100,0.43,3.96,68.00
Siya Dhar,FULL-TIME,EV BIKE,89,0.42,4.05,65.17
Onkar Kakar,FULL-TIME,SCOOTER,111,0.36,4.12,70.27
Priyansh Vig,FULL-TIME,SCOOTER,80,0.51,3.87,62.50
Dhanuk Borde,FULL-TIME,EV BIKE,110,0.44,4.04,64.55
Ivan Sangha,CONTRACT,SCOOTER,103,0.52,3.91,59.22
Drishya Ram,FULL-TIME,EV BIKE,96,0.46,3.99,61.46
Onkar Kapadia,FULL-TIME,VAN,86,0.52,3.90,61.63
Yasmin Wali,FULL-TIME,VAN,119,0.45,4.07,66.39
Aayush Dani,FULL-TIME,EV BIKE,110,0.46,4.00,66.36
Ehsaan Chauhan,CONTRACT,BIKE,100,0.36,4.15,70.00
Sana Shankar,FULL-TIME,EV BIKE,102,0.38,4.09,69.61
Samarth Gopal,CONTRACT,BIKE,117,0.43,3.97,64.10
Dharmajan Krishna,CONTRACT,SCOOTER,123,0.41,3.99,69.92
Aradhya Gopal,FULL-TIME,EV BIKE,118,0.45,4.04,66.10
Kimaya Sawhney,FULL-TIME,BIKE,79,0.61,3.84,55.70
Dishani Chaudhry,CONTRACT,SCOOTER,104,0.48,4.00,64.42
Stuvan Lall,FULL-TIME,BIKE,95,0.42,3.97,69.47
Arhaan Bhatt,CONTRACT,BIKE,105,0.58,3.82,60.00
Drishya Dugar,CONTRACT,VAN,105,0.48,3.97,60.95
Dhruv Shankar,CONTRACT,BIKE,88,0.34,4.13,71.59
Mohanlal Balakrishnan,FULL-TIME,VAN,128,0.53,3.97,60.16
Advik Bhat,CONTRACT,SCOOTER,92,0.47,4.00,68.48
Mehul Karan,CONTRACT,BIKE,83,0.39,4.07,69.88
Keya Brar,CONTRACT,VAN,121,0.53,3.94,60.33
Vaibhav Bora,FULL-TIME,EV BIKE,103,0.38,4.08,64.08
Dhanush Dar,FULL-TIME,BIKE,78,0.46,3.98,66.67
Shray Buch,FULL-TIME,EV BIKE,149,0.44,4.02,64.43
Mamooty Dalal,FULL-TIME,SCOOTER,96,0.44,4.07,62.50
Kimaya Wable,CONTRACT,VAN,103,0.33,4.12,73.79
Stuvan Kapur,CONTRACT,SCOOTER,110,0.51,3.90,61.82
Hunar Ramanathan,CONTRACT,BIKE,113,0.48,3.97,62.83
Miraya Aggarwal,CONTRACT,SCOOTER,102,0.47,3.94,62.75
Pihu Yogi,CONTRACT,BIKE,97,0.45,3.95,68.04
Sahil Kade,CONTRACT,BIKE,133,0.43,4.01,67.67
Jayesh Kari,CONTRACT,VAN,98,0.49,3.97,64.29
Heer Varma,CONTRACT,SCOOTER,106,0.45,4.08,63.21
Jhanvi Brahmbhatt,FULL-TIME,VAN,95,0.53,3.90,62.11
Sumer Deshpande,FULL-TIME,SCOOTER,131,0.43,4.06,67.18
Fateh Anand,CONTRACT,SCOOTER,119,0.56,3.94,58.82
Raghav Sunder,FULL-TIME,EV BIKE,79,0.56,3.89,56.96
Ayesha Ramachandran,FULL-TIME,SCOOTER,104,0.50,3.89,65.38
Jivin Chand,FULL-TIME,VAN,111,0.42,4.01,68.47
Priyansh De,CONTRACT,SCOOTER,134,0.42,4.01,66.42
Miraya Biswas,CONTRACT,VAN,130,0.39,4.08,72.31
Aaina Banerjee,FULL-TIME,EV BIKE,100,0.47,3.99,63.00
Prerak Tiwari,CONTRACT,SCOOTER,85,0.41,4.03,69.41
Madhav Sangha,FULL-TIME,SCOOTER,105,0.44,4.03,65.71
Dharmajan Dasgupta,CONTRACT,BIKE,97,0.42,4.04,65.98
Prerak Bhat,CONTRACT,EV BIKE,98,0.51,3.84,63.27
Tiya Kannan,CONTRACT,VAN,113,0.33,4.13,72.57
Lavanya Shukla,CONTRACT,VAN,109,0.52,3.95,63.30
Vedika Dewan,CONTRACT,VAN,121,0.47,4.05,63.64
Hiran Chaudry,CONTRACT,EV BIKE,107,0.29,4.17,77.57
Keya Bal,FULL-TIME,BIKE,98,0.38,4.05,68.37
Vidur Tripathi,FULL-TIME,EV BIKE,101,0.35,4.17,74.26
Divij Solanki,FULL-TIME,EV BIKE,138,0.51,3.87,65.22
Diya Mann,FULL-TIME,EV BIKE,101,0.37,4.07,71.29
Rania Vasa,FULL-TIME,VAN,127,0.46,3.97,63.78
Madhup Ramaswamy,FULL-TIME,VAN,94,0.38,4.13,69.15
Hrishita Salvi,CONTRACT,VAN,133,0.31,4.11,73.68
Ojas Kar,FULL-TIME,BIKE,100,0.46,3.96,65.00
Nitara Vyas,CONTRACT,SCOOTER,100,0.49,3.90,62.00
Hrishita Raja,CONTRACT,VAN,106,0.43,4.00,66.04
Sara Malhotra,CONTRACT,VAN,112,0.35,4.15,72.32
Vihaan Kaul,CONTRACT,BIKE,121,0.46,3.98,61.98
Hazel Ramanathan,FULL-TIME,BIKE,104,0.55,3.88,55.77
Madhup Sachdeva,CONTRACT,EV BIKE,91,0.27,4.18,75.82
Trisha Chowdhury,FULL-TIME,SCOOTER,118,0.52,3.98,61.86
Lavanya Uppal,CONTRACT,BIKE,126,0.42,3.98,68.25
Divyansh Tara,CONTRACT,SCOOTER,88,0.40,4.06,65.91
Indrans Upadhyay,FULL-TIME,BIKE,113,0.45,4.00,66.37
Misha Karan,FULL-TIME,BIKE,88,0.41,4.06,68.18
Armaan Chander,FULL-TIME,VAN,119,0.52,3.95,56.30
Himmat Raja,FULL-TIME,VAN,121,0.45,4.01,64.46
Ritvik Gokhale,CONTRACT,EV BIKE,83,0.52,3.91,60.24
Devansh Kalita,CONTRACT,EV BIKE,92,0.51,3.90,63.04
Abram Bose,CONTRACT,VAN,106,0.48,3.99,63.21
Raghav Vig,CONTRACT,SCOOTER,111,0.38,4.15,68.47
Amira Kade,CONTRACT,VAN,90,0.47,4.05,61.11
Renee Rama,CONTRACT,EV BIKE,99,0.48,4.02,60.61
Ishaan Dass,CONTRACT,VAN,101,0.47,3.98,65.35
Hunar Choudhry,CONTRACT,EV BIKE,98,0.51,3.95,59.18
Anahita Shere,FULL-TIME,BIKE,148,0.39,4.10,67.57
Jayant Arora,FULL-TIME,BIKE,100,0.39,4.08,69.00
Saanvi Rastogi,FULL-TIME,VAN,101,0.47,4.00,61.39
Navya Dalal,FULL-TIME,EV BIKE,108,0.49,3.96,63.89
Baiju Sarkar,CONTRACT,SCOOTER,89,0.51,3.94,62.92
Farhan Ahuja,FULL-TIME,SCOOTER,93,0.40,4.07,69.89
Inaaya  Mahajan,CONTRACT,EV BIKE,74,0.64,3.74,58.11
Kismat Dutta,FULL-TIME,VAN,113,0.46,3.97,63.72
Kartik Uppal,FULL-TIME,SCOOTER,93,0.46,4.01,62.37
Zaina Bandi,FULL-TIME,SCOOTER,147,0.39,4.00,71.43
Saanvi Agarwal,CONTRACT,VAN,131,0.41,4.03,67.94
Nirvaan Banerjee,CONTRACT,VAN,105,0.49,3.88,61.90
Raghav Varma,CONTRACT,BIKE,93,0.35,4.11,69.89
Inaaya  Kalla,CONTRACT,VAN,99,0.37,4.07,67.68
Misha Bains,FULL-TIME,BIKE,102,0.52,3.87,56.86
Kashvi Choudhury,CONTRACT,VAN,102,0.47,3.93,62.75
Fateh Deshmukh,FULL-TIME,BIKE,109,0.44,4.06,66.06
Fateh Gola,CONTRACT,EV BIKE,126,0.45,4.00,64.29
Khushi Chaudry,CONTRACT,VAN,71,0.44,4.00,64.79
Kimaya Garde,CONTRACT,VAN,123,0.47,4.02,61.79
Kabir Agate,CONTRACT,BIKE,137,0.44,4.02,64.96
Fateh Savant,CONTRACT,VAN,91,0.52,3.88,59.34
Kashvi Dara,FULL-TIME,EV BIKE,114,0.48,3.90,64.04
Aniruddh Chandran,CONTRACT,BIKE,88,0.40,4.08,65.91
Rasha Bobal,FULL-TIME,EV BIKE,123,0.41,4.02,69.11
Chirag Char,FULL-TIME,SCOOTER,86,0.50,3.90,58.14
Ela Edwin,FULL-TIME,EV BIKE,76,0.39,4.04,67.11
Renee Hari,CONTRACT,VAN,96,0.47,4.04,62.50
Ayesha Bhatti,FULL-TIME,SCOOTER,91,0.52,3.99,61.54
Saira Vaidya,CONTRACT,BIKE,101,0.33,4.17,73.27
Shanaya Samra,FULL-TIME,BIKE,102,0.49,3.95,61.76
Renee Dewan,CONTRACT,VAN,110,0.47,3.99,64.55
Romil Gala,FULL-TIME,SCOOTER,101,0.46,3.95,64.36
Kimaya Boase,FULL-TIME,SCOOTER,115,0.50,3.88,62.61
Farhan Basu,FULL-TIME,VAN,111,0.48,4.05,62.16
Drishya Dhillon,CONTRACT,SCOOTER,106,0.39,4.05,68.87
Tushar Dara,CONTRACT,SCOOTER,102,0.47,3.99,64.71
Bhavin Lala,FULL-TIME,SCOOTER,99,0.52,3.97,60.61
Eva Sem,CONTRACT,BIKE,138,0.49,3.95,62.32
Samar Sheth,FULL-TIME,BIKE,121,0.44,3.99,66.12
Bhavin Kakar,CONTRACT,EV BIKE,127,0.41,4.04,66.14
Suhana Rama,CONTRACT,EV BIKE,93,0.43,3.94,65.59
Divit Sule,CONTRACT,BIKE,106,0.61,3.83,53.77
Lakshit Gade,FULL-TIME,VAN,82,0.41,4.05,68.29
Advik Dutta,FULL-TIME,EV BIKE,146,0.46,3.96,65.07
Tejas Saran,FULL-TIME,SCOOTER,112,0.43,3.98,69.64
Romil Dasgupta,CONTRACT,EV BIKE,107,0.39,4.06,69.16
Anaya Sachar,FULL-TIME,SCOOTER,118,0.38,4.13,69.49
Aarna Kalla,FULL-TIME,SCOOTER,84,0.35,4.19,71.43
Vaibhav Venkataraman,CONTRACT,EV BIKE,69,0.36,4.09,73.91
Tushar Krish,FULL-TIME,SCOOTER,105,0.44,4.03,66.67
Mahika Tiwari,CONTRACT,EV BIKE,95,0.46,3.99,65.26
Dishani Iyengar,CONTRACT,BIKE,98,0.37,4.10,70.41
Emir Kulkarni,FULL-TIME,EV BIKE,87,0.62,3.77,55.17
Urvi Sule,FULL-TIME,SCOOTER,111,0.50,3.97,61.26
Mohanlal Wali,FULL-TIME,BIKE,96,0.45,3.99,63.54
Biju Hayer,FULL-TIME,BIKE,76,0.61,3.88,56.58
Romil Ravi,FULL-TIME,VAN,79,0.44,4.00,68.35
Amira Kunda,FULL-TIME,EV BIKE,95,0.49,3.90,62.11
Amani Mallick,FULL-TIME,EV BIKE,103,0.51,3.92,59.22
Adah Kara,FULL-TIME,VAN,101,0.42,4.03,70.30
Bhamini Deol,CONTRACT,SCOOTER,140,0.36,4.10,71.43
Prisha Chaudhuri,CONTRACT,EV BIKE,133,0.47,3.95,63.16
Bhavin Dhingra,FULL-TIME,SCOOTER,116,0.49,3.99,64.66
Lagan Thaker,FULL-TIME,VAN,97,0.37,4.07,70.10
Arhaan Chaudry,FULL-TIME,BIKE,107,0.35,4.09,71.96
Nehmat Sundaram,FULL-TIME,BIKE,98,0.36,4.06,72.45
Vihaan Loyal,CONTRACT,EV BIKE,112,0.57,3.90,53.57
Anika Shan,CONTRACT,SCOOTER,118,0.49,3.95,61.86
Miraan Dhingra,CONTRACT,VAN,89,0.44,3.98,65.17
Nishith Badami,FULL-TIME,EV BIKE,110,0.54,3.85,57.27
Zain Mani,FULL-TIME,BIKE,103,0.42,4.04,67.96
Bhamini Thakur,FULL-TIME,EV BIKE,96,0.43,4.00,64.58
Veer Korpal,FULL-TIME,EV BIKE,94,0.50,3.90,63.83
Jivika Ramachandran,CONTRACT,VAN,92,0.54,3.80,57.61
Khushi Bhargava,CONTRACT,EV BIKE,98,0.42,4.07,64.29
Zara Kota,CONTRACT,EV BIKE,114,0.60,3.86,57.02
Ojas Doshi,CONTRACT,VAN,133,0.41,4.03,65.41
Jiya Lall,FULL-TIME,VAN,119,0.50,3.99,61.34
Amani Bahl,FULL-TIME,SCOOTER,78,0.47,3.97,58.97
Darshit Bose,FULL-TIME,VAN,74,0.57,3.94,52.70
Eva Mallick,CONTRACT,SCOOTER,117,0.38,4.06,69.23
Kabir Kant,FULL-TIME,SCOOTER,125,0.52,3.97,56.80
Diya Sule,CONTRACT,VAN,96,0.39,4.01,71.88
Hrishita Kala,CONTRACT,VAN,88,0.40,4.06,68.18
Pranay Ravi,CONTRACT,VAN,100,0.52,3.86,58.00
Anika Borah,FULL-TIME,VAN,87,0.46,4.04,65.52
Shamik Sankar,FULL-TIME,EV BIKE,121,0.46,3.96,63.64
Nitya Balasubramanian,CONTRACT,SCOOTER,103,0.49,4.04,61.17
Rania Gour,FULL-TIME,BIKE,83,0.46,4.04,62.65
Myra Viswanathan,FULL-TIME,EV BIKE,82,0.37,4.11,68.29
Rohan Mannan,CONTRACT,EV BIKE,113,0.35,4.10,73.45
Madhup Char,CONTRACT,VAN,110,0.45,4.02,63.64
Jayan Anne,CONTRACT,SCOOTER,96,0.39,4.03,68.75
Riya Bandi,CONTRACT,BIKE,131,0.44,4.05,63.36
Renee Rana,CONTRACT,EV BIKE,79,0.56,3.82,59.49
Yuvaan Bandi,FULL-TIME,SCOOTER,89,0.38,4.12,68.54
Shray Ranganathan,FULL-TIME,BIKE,77,0.44,4.00,67.53
Madhav Rastogi,CONTRACT,VAN,100,0.45,4.02,67.00
Zara Khurana,CONTRACT,SCOOTER,85,0.53,3.89,57.65
Kimaya Garde,CONTRACT,BIKE,95,0.58,3.91,52.63
Ivana Luthra,CONTRACT,SCOOTER,80,0.36,4.08,70.00
Bhavin Walla,FULL-TIME,EV BIKE,97,0.45,3.98,64.95
Badal Mangal,CONTRACT,SCOOTER,114,0.51,3.95,59.65
Ritvik Dada,CONTRACT,VAN,119,0.52,3.96,57.14
Kismat Master,CONTRACT,VAN,83,0.27,4.15,75.90
Jivika Varty,CONTRACT,SCOOTER,127,0.58,3.85,55.91
Damini Behl,CONTRACT,EV BIKE,100,0.44,4.00,64.00
Vedika Mandal,FULL-TIME,VAN,102,0.45,4.00,67.65
Nitara Kumar,FULL-TIME,EV BIKE,102,0.35,4.12,69.61
Heer Jhaveri,CONTRACT,VAN,103,0.39,4.04,70.87
Samiha Ben,FULL-TIME,SCOOTER,111,0.47,3.99,66.67
Shlok Iyengar,CONTRACT,EV BIKE,107,0.44,4.00,65.42
Yashvi Atwal,CONTRACT,BIKE,84,0.40,4.03,69.05
Dhruv Bakshi,CONTRACT,EV BIKE,86,0.45,4.02,65.12
Advika Magar,FULL-TIME,VAN,98,0.42,3.95,69.39
Zeeshan Mann,FULL-TIME,EV BIKE,131,0.53,3.90,59.54
Trisha Randhawa,FULL-TIME,SCOOTER,116,0.40,4.07,68.10
Jayant Chacko,CONTRACT,VAN,108,0.44,4.02,62.96
Riya Sethi,FULL-TIME,BIKE,77,0.47,3.98,62.34
Ojas Sekhon,CONTRACT,VAN,103,0.50,3.93,63.11
Veer Sibal,FULL-TIME,EV BIKE,147,0.50,3.97,61.22
Yuvraj  Kar,CONTRACT,BIKE,108,0.59,3.88,57.41
Taimur Khalsa,FULL-TIME,SCOOTER,94,0.43,4.03,65.96
Pari Lad,CONTRACT,SCOOTER,110,0.43,4.01,67.27
Aniruddh Karnik,CONTRACT,EV BIKE,88,0.38,4.07,70.45
Jayesh Lall,CONTRACT,BIKE,118,0.42,4.04,66.10
Aarna Butala,FULL-TIME,SCOOTER,78,0.36,4.13,70.51
Shanaya Banerjee,CONTRACT,SCOOTER,103,0.50,3.95,61.17
Nakul Manda,CONTRACT,EV BIKE,113,0.43,4.08,64.60
Navya Sane,CONTRACT,VAN,107,0.44,4.06,64.49
Ojas Dada,CONTRACT,EV BIKE,103,0.47,3.94,64.08
Suhana Tailor,FULL-TIME,SCOOTER,97,0.47,3.98,65.98
Armaan Mani,CONTRACT,BIKE,94,0.51,3.94,59.57
Nayantara Solanki,FULL-TIME,SCOOTER,132,0.55,3.90,59.09
Ahana  Bhandari,CONTRACT,SCOOTER,98,0.57,3.80,60.20
Khushi Srinivasan,FULL-TIME,BIKE,108,0.46,4.10,62.04
Inaaya  Borra,FULL-TIME,VAN,96,0.45,3.98,64.58
Onkar Sandal,CONTRACT,BIKE,93,0.45,4.04,62.37
Samiha Choudhry,CONTRACT,EV BIKE,129,0.43,4.05,64.34
Shamik De,FULL-TIME,SCOOTER,97,0.38,4.10,71.13
Nishith Sridhar,FULL-TIME,VAN,124,0.53,3.87,61.29
Navya Ravel,CONTRACT,VAN,88,0.41,4.08,68.18
Manjari Bakshi,FULL-TIME,VAN,84,0.48,3.96,65.48
Dishani Ratti,CONTRACT,SCOOTER,129,0.43,4.02,65.89
Hunar Sachdev,CONTRACT,SCOOTER,69,0.46,3.98,65.22
Diya Lad,CONTRACT,SCOOTER,124,0.43,4.03,68.55
Shray Dua,FULL-TIME,EV BIKE,100,0.41,3.99,71.00
Jivin Guha,FULL-TIME,EV BIKE,76,0.42,4.03,67.11
Aarna Subramanian,FULL-TIME,EV BIKE,109,0.43,4.02,65.14
Biju Sant,CONTRACT,EV BIKE,92,0.46,4.05,64.13
Himmat Ganesan,FULL-TIME,VAN,90,0.51,3.99,58.89
Heer Baral,FULL-TIME,BIKE,118,0.42,4.05,65.25
Drishya Wable,CONTRACT,VAN,97,0.54,3.91,56.70
Aaryahi Dua,CONTRACT,SCOOTER,136,0.47,3.94,66.18
Anahi Chadha,CONTRACT,EV BIKE,118,0.47,4.05,62.71
Trisha Sridhar,FULL-TIME,BIKE,92,0.45,4.04,66.30
Neysa Ahluwalia,FULL-TIME,EV BIKE,105,0.47,3.99,62.86
Advika Seshadri,FULL-TIME,VAN,99,0.42,3.95,70.71
Riya Chhabra,FULL-TIME,BIKE,78,0.36,4.21,71.79
Aarush De,CONTRACT,SCOOTER,80,0.40,4.04,66.25
Kartik Dave,CONTRACT,VAN,81,0.43,4.05,62.96
Adah Kibe,FULL-TIME,VAN,93,0.45,4.08,62.37
Heer Vaidya,CONTRACT,BIKE,86,0.37,4.06,68.60
Akarsh Gulati,CONTRACT,SCOOTER,68,0.56,3.91,57.35
Tara Kibe,FULL-TIME,BIKE,86,0.35,4.14,74.42
Samar D’alia,CONTRACT,SCOOTER,104,0.38,4.08,69.23
Taran Bhattacharyya,FULL-TIME,EV BIKE,111,0.43,4.02,63.06
Saksham Dave,FULL-TIME,EV BIKE,96,0.46,3.92,62.50
Shanaya Gour,FULL-TIME,VAN,136,0.41,4.05,66.91
Dhanush Bala,CONTRACT,BIKE,117,0.41,4.12,68.38
Vritika Seshadri,FULL-TIME,EV BIKE,109,0.47,3.96,65.14
Umang Raja,CONTRACT,BIKE,105,0.45,3.98,66.67
Nirvaan Buch,CONTRACT,VAN,97,0.35,4.07,72.16
Zain Barad,CONTRACT,EV BIKE,121,0.49,3.96,66.12
Hansh Ramesh,CONTRACT,SCOOTER,107,0.45,3.99,65.42
Samaira Gandhi,FULL-TIME,SCOOTER,84,0.65,3.75,53.57
Shaan Basak,FULL-TIME,VAN,64,0.30,4.19,75.00
Indranil Kaul,FULL-TIME,SCOOTER,126,0.46,3.97,64.29
Anay Bhavsar,FULL-TIME,EV BIKE,79,0.49,3.90,64.56
Prisha Banerjee,FULL-TIME,EV BIKE,105,0.54,3.89,58.10
Tanya Gupta,FULL-TIME,SCOOTER,128,0.42,4.03,64.84
Arhaan Bhagat,CONTRACT,SCOOTER,109,0.39,4.08,68.81
Nitara Deo,FULL-TIME,BIKE,103,0.50,3.94,59.22
Arhaan Anand,FULL-TIME,EV BIKE,94,0.40,4.08,65.96
Adira Bhattacharyya,CONTRACT,SCOOTER,92,0.39,4.04,68.48
Ehsaan Thakur,FULL-TIME,BIKE,101,0.50,3.95,60.40
Riaan Srinivasan,FULL-TIME,SCOOTER,108,0.45,3.94,65.74
Urvi Cherian,CONTRACT,EV BIKE,89,0.44,3.99,65.17
Heer Hari,CONTRACT,BIKE,117,0.35,4.11,72.65
Sumer Deol,CONTRACT,VAN,98,0.57,3.85,57.14
Keya Chahal,CONTRACT,BIKE,152,0.48,3.98,63.82
Ira Bhattacharyya,CONTRACT,VAN,164,0.45,4.00,67.07
Bhamini Bajwa,CONTRACT,SCOOTER,124,0.46,3.96,61.29
Shaan Shetty,FULL-TIME,VAN,111,0.46,3.95,63.96
Diya Kohli,FULL-TIME,SCOOTER,95,0.45,3.94,64.21
Yasmin Kar,FULL-TIME,SCOOTER,130,0.42,4.01,67.69
Taran Khalsa,FULL-TIME,EV BIKE,115,0.48,3.99,63.48
Aarna Sura,CONTRACT,SCOOTER,98,0.48,3.94,63.27
Anaya Dara,CONTRACT,VAN,78,0.35,4.08,74.36
Madhup Shroff,CONTRACT,EV BIKE,84,0.36,4.14,69.05
Ehsaan Bera,CONTRACT,SCOOTER,87,0.60,3.86,54.02
Amira Kadakia,CONTRACT,BIKE,93,0.46,3.98,67.74
Vedika Saini,CONTRACT,SCOOTER,101,0.41,4.08,67.33
Ayesha Kar,FULL-TIME,BIKE,111,0.50,3.95,62.16
Kashvi Kunda,FULL-TIME,VAN,108,0.56,3.90,56.48
Lakshay Mahal,FULL-TIME,EV BIKE,98,0.47,3.98,67.35
Anika Mahajan,CONTRACT,VAN,106,0.42,4.07,64.15
Fateh Chand,CONTRACT,SCOOTER,100,0.37,4.09,70.00
Kimaya Kakar,FULL-TIME,SCOOTER,106,0.51,3.96,59.43
Rati Krishnan,CONTRACT,EV BIKE,77,0.53,3.90,61.04
Lakshay Loyal,FULL-TIME,SCOOTER,112,0.38,4.04,69.64
Kiaan Jha,CONTRACT,EV BIKE,93,0.42,4.03,68.82
Saanvi Bhandari,CONTRACT,VAN,73,0.38,4.10,69.86
Saksham Yohannan,FULL-TIME,BIKE,89,0.38,4.09,66.29
Indranil Kumar,CONTRACT,SCOOTER,123,0.41,4.07,69.11
Samiha Sagar,CONTRACT,SCOOTER,117,0.50,3.98,61.54
Vivaan Sharma,CONTRACT,EV BIKE,97,0.37,4.11,70.10
Ryan Sachdeva,FULL-TIME,BIKE,89,0.42,4.00,66.29
Pihu Dhillon,FULL-TIME,SCOOTER,108,0.32,4.15,73.15
Mannat Sahota,FULL-TIME,SCOOTER,93,0.39,4.12,69.89
Trisha Walia,CONTRACT,EV BIKE,95,0.48,3.97,60.00
Samarth Balakrishnan,FULL-TIME,BIKE,93,0.54,3.85,63.44
Umang Ratta,FULL-TIME,EV BIKE,105,0.53,3.92,57.14
Ivana Sehgal,CONTRACT,VAN,69,0.46,4.04,62.32
Ehsaan Walia,CONTRACT,VAN,103,0.44,3.99,63.11
Tiya Wali,CONTRACT,EV BIKE,100,0.32,4.20,73.00
Baiju Seth,FULL-TIME,BIKE,117,0.40,4.06,68.38
Dhanuk Gokhale,FULL-TIME,EV BIKE,104,0.40,4.13,65.38
Ayesha Kota,CONTRACT,EV BIKE,83,0.42,4.07,69.88
Ishaan Master,FULL-TIME,EV BIKE,104,0.39,4.07,66.35
Saira Badal,FULL-TIME,VAN,144,0.40,3.97,71.53
Anahita Chandra,CONTRACT,EV BIKE,102,0.43,3.99,65.69
Sana Contractor,CONTRACT,BIKE,89,0.40,4.02,68.54
Jiya Bala,FULL-TIME,EV BIKE,95,0.44,4.01,67.37
Gatik Majumdar,FULL-TIME,SCOOTER,107,0.36,4.09,72.90
Nishith Mahal,CONTRACT,EV BIKE,98,0.51,3.96,60.20
Anahi Zacharia,FULL-TIME,VAN,99,0.41,4.02,66.67
Kashvi Ganesh,FULL-TIME,BIKE,117,0.51,3.89,64.10
Badal Wagle,CONTRACT,SCOOTER,104,0.47,3.98,63.46
Ayesha Bedi,FULL-TIME,SCOOTER,141,0.52,3.91,59.57
Renee Soman,CONTRACT,VAN,82,0.44,4.08,65.85
Pranay Sibal,CONTRACT,VAN,116,0.46,3.98,63.79
Aaryahi Khanna,CONTRACT,SCOOTER,80,0.39,4.11,66.25
Aaryahi Comar,FULL-TIME,VAN,114,0.39,4.06,68.42
Raunak Mallick,FULL-TIME,VAN,90,0.46,4.10,61.11
Manikya Dora,CONTRACT,BIKE,118,0.44,4.07,63.56
Jivin Sharaf,CONTRACT,SCOOTER,93,0.51,3.95,61.29
Sumer Dutt,CONTRACT,BIKE,122,0.44,3.99,64.75
Jiya Mane,CONTRACT,VAN,104,0.46,3.93,67.31
Kimaya Chawla,CONTRACT,BIKE,108,0.49,3.91,62.96
Anay Bhat,CONTRACT,BIKE,99,0.36,4.13,67.68
Vaibhav Viswanathan,FULL-TIME,VAN,79,0.25,4.23,77.22
Hrishita Dutta,CONTRACT,BIKE,88,0.48,4.03,64.77
Diya Bhakta,FULL-TIME,BIKE,100,0.41,4.01,67.00
Ivana Rout,FULL-TIME,EV BIKE,76,0.51,3.87,59.21
Zoya Saran,CONTRACT,VAN,68,0.38,4.08,70.59
Jivika Tank,CONTRACT,EV BIKE,85,0.47,3.97,63.53
Fateh Sawhney,FULL-TIME,VAN,109,0.39,4.04,71.56
Tiya Suresh,FULL-TIME,SCOOTER,89,0.39,4.06,71.91
Yashvi Singh,FULL-TIME,VAN,109,0.45,4.03,66.97
Mohanlal Bala,CONTRACT,EV BIKE,91,0.40,4.13,67.03
Keya Cherian,CONTRACT,SCOOTER,99,0.38,4.07,71.72
Shray Kaul,CONTRACT,VAN,97,0.44,4.02,67.01
Krish Bhatia,FULL-TIME,EV BIKE,105,0.37,4.08,71.43
Divyansh Koshy,FULL-TIME,BIKE,109,0.46,3.97,62.39
Sumer Behl,FULL-TIME,EV BIKE,72,0.42,3.99,69.44
Rasha Bora,FULL-TIME,BIKE,113,0.49,3.95,62.83
Ryan Sampath,FULL-TIME,EV BIKE,93,0.37,4.11,69.89
Diya Kohli,FULL-TIME,EV BIKE,87,0.44,4.02,65.52
Divyansh Dutta,CONTRACT,VAN,97,0.47,3.94,60.82
Divij Luthra,FULL-TIME,SCOOTER,89,0.48,3.95,64.04
Riya Sidhu,CONTRACT,VAN,104,0.46,4.01,65.38
Inaaya  Bhavsar,CONTRACT,SCOOTER,78,0.38,4.06,67.95
Aaryahi Ahuja,CONTRACT,VAN,81,0.44,4.05,67.90
Akarsh Wali,CONTRACT,SCOOTER,109,0.46,4.01,63.30
Zoya Tata,FULL-TIME,SCOOTER,100,0.42,3.99,68.00
Lakshay Sunder,CONTRACT,EV BIKE,101,0.48,4.02,62.38
Shayak Rana,FULL-TIME,SCOOTER,84,0.57,3.84,58.33
Yuvaan Batra,CONTRACT,BIKE,111,0.39,4.15,66.67
Farhan Soni,CONTRACT,EV BIKE,108,0.53,3.87,59.26
Rhea Rout,FULL-TIME,BIKE,123,0.46,3.96,65.85
Sahil Hans,CONTRACT,EV BIKE,107,0.50,4.01,64.49
Himmat Gaba,CONTRACT,VAN,103,0.50,4.02,62.14
Nitara Singh,CONTRACT,VAN,89,0.42,3.94,68.54
Manjari Andra,FULL-TIME,VAN,87,0.47,3.98,66.67
Aarav Kanda,CONTRACT,BIKE,97,0.43,3.99,65.98
Yakshit Sekhon,CONTRACT,EV BIKE,111,0.63,3.80,49.55
Rasha Andra,FULL-TIME,EV BIKE,138,0.39,4.11,71.01
Saira Ghose,CONTRACT,BIKE,130,0.45,4.00,64.62
Aarav Mand,CONTRACT,BIKE,92,0.36,4.09,69.57
Mishti Agrawal,CONTRACT,EV BIKE,98,0.45,4.01,60.20
Darshit Brahmbhatt,FULL-TIME,EV BIKE,88,0.51,3.98,60.23
Aayush Buch,CONTRACT,SCOOTER,77,0.43,4.02,63.64
Oorja Sem,CONTRACT,VAN,116,0.54,3.90,59.48
Inaaya  Tailor,FULL-TIME,EV BIKE,126,0.44,3.99,65.08
Vaibhav Jani,CONTRACT,EV BIKE,97,0.36,4.10,71.13
Nayantara Chada,FULL-TIME,EV BIKE,84,0.57,3.90,53.57
Prisha Wable,FULL-TIME,BIKE,99,0.60,3.84,55.56
Kiara Kashyap,CONTRACT,VAN,144,0.48,3.96,63.89
Neysa Raja,CONTRACT,EV BIKE,83,0.28,4.16,79.52
Prerak Singh,CONTRACT,VAN,107,0.53,3.86,59.81
Hridaan Hegde,CONTRACT,SCOOTER,126,0.49,4.01,61.11
Zaina Chaudhary,FULL-TIME,EV BIKE,105,0.41,4.00,70.48
Kimaya Ramachandran,CONTRACT,VAN,98,0.48,4.04,65.31
Elakshi Ratti,FULL-TIME,EV BIKE,121,0.37,4.10,67.77
Saira Manda,CONTRACT,EV BIKE,99,0.35,4.08,73.74
Madhav Barad,FULL-TIME,SCOOTER,91,0.52,3.94,64.84
Rhea Bhatia,FULL-TIME,EV BIKE,145,0.39,4.11,70.34
Urvi Konda,FULL-TIME,BIKE,86,0.40,4.09,67.44
Kiaan Gokhale,FULL-TIME,BIKE,87,0.40,3.96,71.26
Aradhya Singhal,FULL-TIME,EV BIKE,117,0.44,3.97,64.96
Jayan Sachdeva,FULL-TIME,BIKE,98,0.41,4.04,65.31
Raghav Ravel,CONTRACT,BIKE,104,0.50,3.89,61.54
Shray Kalla,FULL-TIME,EV BIKE,108,0.49,4.01,58.33
Lavanya Koshy,CONTRACT,BIKE,128,0.46,4.02,66.41
Nitara Srinivas,FULL-TIME,VAN,127,0.53,3.84,59.84
Abram Lalla,CONTRACT,EV BIKE,113,0.40,4.08,68.14
Baiju Rao,CONTRACT,SCOOTER,135,0.52,3.99,56.30
Rohan Khare,FULL-TIME,SCOOTER,105,0.42,4.00,65.71
Saksham Doshi,CONTRACT,BIKE,109,0.39,4.08,66.97
Nishith Bose,CONTRACT,BIKE,150,0.42,4.05,66.00
Indranil Raman,CONTRACT,SCOOTER,117,0.44,4.00,68.38
Ivana Bawa,FULL-TIME,VAN,97,0.49,3.95,61.86
Anahita Mani,CONTRACT,VAN,97,0.54,3.89,56.70
Zoya Rana,CONTRACT,SCOOTER,91,0.44,3.95,62.64
Nirvaan Saraf,CONTRACT,EV BIKE,95,0.59,3.79,53.68
Shray Dhillon,FULL-TIME,VAN,108,0.48,4.01,64.81
Kabir Kota,FULL-TIME,VAN,106,0.51,3.93,58.49
Anika Setty,FULL-TIME,BIKE,115,0.49,3.95,59.13
Ritvik Sachar,CONTRACT,EV BIKE,107,0.48,4.01,60.75
Kimaya Kaur,CONTRACT,SCOOTER,118,0.49,3.98,63.56
Lagan Halder,FULL-TIME,EV BIKE,87,0.37,4.12,71.26
Hrishita Raval,CONTRACT,VAN,100,0.51,4.02,60.00
Samarth Batta,FULL-TIME,BIKE,102,0.33,4.20,70.59
Taran Hegde,FULL-TIME,VAN,98,0.56,3.90,55.10
Nakul Bhagat,FULL-TIME,VAN,99,0.36,4.17,68.69
Renee Dubey,CONTRACT,SCOOTER,194,0.52,3.92,58.76
Jayant Dasgupta,FULL-TIME,BIKE,136,0.52,3.90,61.76
Hiran Wadhwa,FULL-TIME,VAN,102,0.54,3.87,60.78
Damini Dani,CONTRACT,VAN,112,0.52,3.88,63.39
Aayush Sunder,FULL-TIME,VAN,107,0.48,3.91,62.62
Hiran Bandi,CONTRACT,SCOOTER,149,0.56,3.90,56.38
Ivana Ravi,CONTRACT,EV BIKE,102,0.49,3.99,61.76
Jiya Sarraf,CONTRACT,VAN,118,0.38,4.12,67.80
Yuvaan Rege,FULL-TIME,VAN,106,0.43,4.01,61.32
Drishya Dhingra,CONTRACT,EV BIKE,100,0.46,4.03,64.00
Aarna Chadha,CONTRACT,VAN,92,0.48,3.99,60.87
Manikya Choudhary,FULL-TIME,EV BIKE,87,0.46,3.97,67.82
Indrans Sandal,CONTRACT,SCOOTER,121,0.31,4.19,74.38
Vanya Bhardwaj,CONTRACT,BIKE,219,0.45,4.06,64.38
Neelofar Krishnan,CONTRACT,EV BIKE,118,0.44,4.01,68.64
Kavya Yogi,CONTRACT,BIKE,111,0.33,4.08,74.77
Gokul Rau,FULL-TIME,BIKE,124,0.52,3.91,61.29
Zain Solanki,CONTRACT,SCOOTER,97,0.40,4.09,69.07
Adira Sarin,FULL-TIME,EV BIKE,220,0.47,3.99,64.55
Diya Soni,FULL-TIME,EV BIKE,116,0.56,3.90,52.59
Keya Khosla,FULL-TIME,BIKE,107,0.46,3.97,63.55
Lagan Bala,CONTRACT,SCOOTER,104,0.42,4.02,68.27
Jiya Chopra,CONTRACT,VAN,94,0.53,3.90,58.51
Damini Bava,CONTRACT,EV BIKE,97,0.46,3.99,68.04
Vihaan Soman,CONTRACT,SCOOTER,118,0.31,4.13,77.12
Urvi Bala,CONTRACT,VAN,95,0.34,4.16,72.63
Amira Gill,CONTRACT,VAN,124,0.40,4.04,67.74
Tanya Dhawan,FULL-TIME,SCOOTER,104,0.46,4.00,61.54
Hridaan Bal,FULL-TIME,VAN,111,0.48,3.92,65.77
Aaryahi Dewan,FULL-TIME,EV BIKE,85,0.44,4.00,63.53
Ryan Kala,CONTRACT,BIKE,106,0.53,3.87,60.38
Hunar Sani,FULL-TIME,BIKE,87,0.40,4.04,64.37
Hazel Kale,CONTRACT,SCOOTER,105,0.39,4.03,66.67
Adah Walla,CONTRACT,EV BIKE,89,0.54,3.90,58.43
Tarini Date,CONTRACT,EV BIKE,110,0.39,4.05,70.00
Renee Gola,CONTRACT,BIKE,128,0.34,4.20,73.44
Indrajit Kohli,CONTRACT,SCOOTER,90,0.50,3.99,63.33
Adah Dixit,CONTRACT,EV BIKE,79,0.41,4.12,68.35
Oorja Tandon,CONTRACT,VAN,92,0.47,4.01,64.13
Vanya Dara,FULL-TIME,VAN,107,0.51,3.93,57.01
Baiju Divan,FULL-TIME,VAN,120,0.48,3.97,66.67
Reyansh Kohli,FULL-TIME,EV BIKE,101,0.57,3.89,60.40
Shanaya Hayre,FULL-TIME,SCOOTER,82,0.48,4.02,60.98
Eshani Ramachandran,FULL-TIME,EV BIKE,104,0.45,3.99,64.42
Nakul Tella,FULL-TIME,SCOOTER,126,0.40,4.04,66.67
Mohanlal Buch,CONTRACT,SCOOTER,132,0.45,3.97,65.15
Uthkarsh Rattan,CONTRACT,VAN,107,0.48,3.90,60.75
Neelofar Ray,CONTRACT,SCOOTER,85,0.39,4.09,69.41
Diya Mallick,CONTRACT,VAN,88,0.51,3.91,61.36
Badal Chandran,CONTRACT,EV BIKE,96,0.39,4.09,69.79
Jayant Chaudhary,FULL-TIME,EV BIKE,112,0.48,3.91,65.18
Anika Mani,CONTRACT,EV BIKE,83,0.42,4.06,66.27
Samaira Rajagopal,CONTRACT,EV BIKE,140,0.59,3.82,56.43
Chirag Kurian,FULL-TIME,VAN,108,0.40,4.04,69.44
Ivan Choudhury,FULL-TIME,VAN,119,0.46,4.00,63.87
Hazel Dora,CONTRACT,BIKE,99,0.32,4.12,73.74
Uthkarsh Chaudhary,CONTRACT,VAN,108,0.46,3.94,63.89
Eva Dutta,CONTRACT,SCOOTER,81,0.31,4.18,74.07
Badal Ben,CONTRACT,VAN,134,0.43,3.99,69.40
Aarush Wali,FULL-TIME,VAN,127,0.43,4.06,64.57
Anahi Sarin,FULL-TIME,VAN,113,0.39,4.02,69.91
Taran Dugar,CONTRACT,SCOOTER,105,0.49,3.92,63.81
Jivin Ben,FULL-TIME,EV BIKE,103,0.46,4.03,65.05
Seher Issac,FULL-TIME,SCOOTER,96,0.44,4.02,65.63
Alia Date,CONTRACT,EV BIKE,94,0.48,3.99,64.89
Shamik Bandi,FULL-TIME,EV BIKE,91,0.52,3.95,58.24
Mishti Saran,CONTRACT,EV BIKE,82,0.45,4.04,67.07
Hunar Rajan,FULL-TIME,EV BIKE,100,0.40,4.09,68.00
Mishti Savant,FULL-TIME,EV BIKE,108,0.46,3.95,62.04
Lakshay Bath,FULL-TIME,SCOOTER,121,0.49,3.98,61.98
Priyansh Tara,CONTRACT,EV BIKE,109,0.41,4.02,67.89
Anika Lala,FULL-TIME,BIKE,109,0.44,4.02,66.06
Kanav Barman,CONTRACT,VAN,126,0.37,4.10,68.25
Dharmajan Thaker,FULL-TIME,VAN,98,0.44,4.08,65.31
Vedika Chaudry,FULL-TIME,BIKE,107,0.45,4.00,62.62
Manjari Sarkar,FULL-TIME,VAN,87,0.38,4.08,72.41
Nishith Rout,CONTRACT,EV BIKE,130,0.42,4.03,66.15
Anvi Bath,CONTRACT,VAN,134,0.46,3.99,62.69
Kavya Toor,CONTRACT,EV BIKE,137,0.49,3.96,59.12
Jivika Vasa,CONTRACT,EV BIKE,84,0.46,3.95,63.10
Tiya Gandhi,FULL-TIME,VAN,106,0.37,4.15,69.81
Divij Contractor,CONTRACT,VAN,112,0.48,3.98,63.39
Nakul Malhotra,FULL-TIME,EV BIKE,104,0.48,3.96,62.50
Miraan Choudhary,FULL-TIME,EV BIKE,112,0.38,4.09,67.86
Anvi Sastry,FULL-TIME,EV BIKE,149,0.45,3.92,69.80
Ojas Sathe,FULL-TIME,BIKE,114,0.57,3.83,58.77
Nehmat Char,CONTRACT,VAN,93,0.48,3.95,63.44
Advik Balay,FULL-TIME,BIKE,133,0.35,4.08,69.92
Miraan Ghosh,FULL-TIME,BIKE,95,0.43,4.03,68.42
Manjari Hora,FULL-TIME,BIKE,118,0.39,4.05,71.19
Arhaan Acharya,CONTRACT,SCOOTER,87,0.45,3.99,63.22
Tushar Bahri,CONTRACT,BIKE,107,0.49,3.95,63.55
Azad Korpal,CONTRACT,BIKE,121,0.50,3.97,61.98
Mahika Kaur,FULL-TIME,SCOOTER,141,0.45,3.95,65.25
Aaryahi Mani,CONTRACT,BIKE,149,0.40,4.05,68.46
Hiran Buch,CONTRACT,SCOOTER,106,0.42,4.06,68.87
Eva Kakar,FULL-TIME,BIKE,99,0.38,4.04,70.71
Faiyaz Madan,FULL-TIME,BIKE,120,0.57,3.86,58.33
Yashvi Khatri,FULL-TIME,BIKE,101,0.47,3.96,67.33
Kavya Buch,CONTRACT,SCOOTER,110,0.48,3.98,59.09
Yashvi Doctor,CONTRACT,VAN,90,0.34,4.18,72.22
Sumer Srivastava,CONTRACT,EV BIKE,125,0.45,3.98,65.60
Sana Dhaliwal,CONTRACT,EV BIKE,120,0.38,4.10,70.00
Rania Khanna,CONTRACT,EV BIKE,94,0.61,3.84,55.32
Stuvan Kaul,CONTRACT,SCOOTER,82,0.45,4.01,64.63
Ivana Chaudhari,CONTRACT,VAN,112,0.46,3.95,67.86
Neelofar Kapoor,FULL-TIME,BIKE,77,0.31,4.15,77.92
Hridaan Thaker,CONTRACT,BIKE,124,0.46,4.01,65.32
Reyansh Reddy,CONTRACT,BIKE,113,0.44,3.99,64.60
Nirvi Dash,FULL-TIME,SCOOTER,135,0.45,4.00,65.93
Shayak Dhar,FULL-TIME,EV BIKE,101,0.46,3.99,64.36
Ira Sharaf,CONTRACT,EV BIKE,96,0.43,4.04,66.67
Zain Dhar,CONTRACT,SCOOTER,88,0.53,3.91,55.68
Tiya Barman,CONTRACT,EV BIKE,115,0.47,3.99,62.61
Samiha Wali,CONTRACT,SCOOTER,120,0.46,4.11,65.00
Madhup Sheth,FULL-TIME,BIKE,103,0.40,4.11,68.93
Elakshi Sahni,FULL-TIME,EV BIKE,130,0.50,3.95,63.85
Mehul Rajan,CONTRACT,SCOOTER,114,0.45,4.02,64.91
Vaibhav Dora,CONTRACT,VAN,99,0.37,4.12,68.69
Samarth Mahal,CONTRACT,EV BIKE,96,0.55,3.84,58.33
Manjari Rama,FULL-TIME,EV BIKE,128,0.45,4.01,67.97
Anvi Sankar,CONTRACT,VAN,78,0.44,4.01,66.67
Bhamini Bhardwaj,CONTRACT,SCOOTER,116,0.41,4.09,65.52
Shamik Suresh,FULL-TIME,EV BIKE,126,0.46,3.96,64.29
Vihaan Raju,CONTRACT,SCOOTER,138,0.42,4.03,68.12
Jayan Suri,CONTRACT,EV BIKE,101,0.47,3.93,64.36
Neysa Sarma,FULL-TIME,VAN,128,0.45,4.01,67.19
Tara Chawla,FULL-TIME,BIKE,110,0.54,3.85,60.00
Abram Suri,CONTRACT,EV BIKE,86,0.37,4.11,72.09
Armaan Tailor,CONTRACT,BIKE,129,0.43,4.03,64.34
Hiran D’alia,CONTRACT,VAN,84,0.48,3.99,58.33
Veer Chopra,FULL-TIME,VAN,126,0.57,3.81,57.14
Raghav Soni,CONTRACT,VAN,133,0.43,4.03,66.92
Eva Sanghvi,CONTRACT,SCOOTER,85,0.36,4.14,68.24
Jhanvi Lala,CONTRACT,BIKE,123,0.44,4.04,68.29
Indrajit Chaudry,FULL-TIME,BIKE,146,0.48,3.97,64.38
Eshani Shanker,CONTRACT,SCOOTER,116,0.45,3.96,65.52
Samiha Buch,FULL-TIME,EV BIKE,125,0.38,4.09,68.00
Keya Aggarwal,CONTRACT,SCOOTER,124,0.48,4.01,65.32
Shayak Lanka,CONTRACT,SCOOTER,94,0.52,3.86,60.64
Tara Sankaran,CONTRACT,SCOOTER,113,0.41,4.06,67.26
Ira Tandon,CONTRACT,VAN,85,0.33,4.13,72.94
Mamooty Kulkarni,FULL-TIME,VAN,93,0.49,3.92,60.22
Nehmat Devan,FULL-TIME,BIKE,94,0.46,4.00,64.89
Prisha Salvi,FULL-TIME,VAN,82,0.50,3.91,60.98
Diya Bakshi,FULL-TIME,VAN,109,0.43,4.03,64.22
Uthkarsh Dey,CONTRACT,SCOOTER,132,0.48,3.97,62.12
Nehmat Kota,CONTRACT,VAN,89,0.42,4.03,66.29
Zaina Kapadia,CONTRACT,VAN,142,0.42,4.00,66.20
Rati Sridhar,CONTRACT,SCOOTER,100,0.39,4.00,67.00
Mannat Rattan,FULL-TIME,VAN,116,0.45,3.97,67.24
Lakshit Chander,CONTRACT,VAN,135,0.44,4.03,59.26
Mannat Khare,CONTRACT,EV BIKE,125,0.42,4.12,64.80
Sumer Hora,CONTRACT,EV BIKE,103,0.43,3.99,66.02
Umang Tailor,FULL-TIME,SCOOTER,110,0.43,4.01,68.18
Dhanuk Dora,CONTRACT,VAN,101,0.53,3.91,59.41
Anahita Krishnan,FULL-TIME,VAN,122,0.43,3.95,68.85
Vaibhav Bawa,CONTRACT,SCOOTER,195,0.51,3.97,62.56
Uthkarsh Agarwal,CONTRACT,BIKE,117,0.38,4.14,70.09
Arnav Apte,FULL-TIME,BIKE,127,0.48,3.95,62.99
Vanya Soni,CONTRACT,SCOOTER,135,0.44,4.02,62.96
Adira Dasgupta,FULL-TIME,VAN,114,0.46,4.00,64.91
Nehmat Vohra,CONTRACT,EV BIKE,121,0.47,3.98,64.46
Keya Ranganathan,CONTRACT,BIKE,125,0.44,4.05,62.40
Zain Sehgal,CONTRACT,VAN,116,0.49,3.90,61.21
Akarsh Edwin,FULL-TIME,VAN,133,0.41,4.03,65.41
Nakul Basu,FULL-TIME,SCOOTER,101,0.46,4.00,64.36
Yashvi Banerjee,FULL-TIME,SCOOTER,95,0.44,3.98,64.21
Umang Sule,CONTRACT,VAN,119,0.41,4.04,67.23
Vivaan Reddy,CONTRACT,EV BIKE,148,0.47,3.91,68.24
Anya Tata,CONTRACT,VAN,130,0.47,3.99,63.08
Drishya Ghose,CONTRACT,BIKE,116,0.51,3.95,62.93
Divyansh Chaudry,FULL-TIME,BIKE,96,0.54,3.88,60.42
Azad Jhaveri,CONTRACT,SCOOTER,109,0.37,4.05,69.72
Saanvi Kumer,CONTRACT,EV BIKE,91,0.46,4.00,64.84
Kabir Hegde,FULL-TIME,VAN,112,0.54,3.93,59.82
Arnav Rau,FULL-TIME,SCOOTER,115,0.51,3.90,60.87
Zain Chana,CONTRACT,BIKE,97,0.42,4.00,68.04
Yasmin Viswanathan,CONTRACT,BIKE,94,0.48,3.94,64.89
Lagan Barad,CONTRACT,EV BIKE,118,0.53,3.88,59.32
Vedika Vig,CONTRACT,BIKE,127,0.53,3.80,62.20
Inaaya  Sawhney,FULL-TIME,BIKE,110,0.35,4.12,71.82
Nitya Kulkarni,FULL-TIME,BIKE,116,0.47,4.02,65.52
Veer Sethi,FULL-TIME,VAN,100,0.41,4.01,67.00
Lakshit Dara,FULL-TIME,SCOOTER,122,0.50,3.89,63.11
Dhanush Madan,FULL-TIME,BIKE,113,0.46,3.98,65.49
Purab Subramanian,FULL-TIME,EV BIKE,104,0.46,4.00,64.42
Pihu Sahni,CONTRACT,EV BIKE,136,0.43,4.02,68.38
Riya Buch,CONTRACT,EV BIKE,104,0.47,3.96,61.54
Ivan Ratti,FULL-TIME,VAN,121,0.52,3.92,58.68
Kiaan Halder,FULL-TIME,SCOOTER,121,0.54,3.83,61.16
Rati Gala,CONTRACT,EV BIKE,100,0.41,4.04,66.00
Zeeshan Chaudhary,FULL-TIME,SCOOTER,118,0.36,4.11,71.19
Riya Bhandari,FULL-TIME,SCOOTER,107,0.33,4.09,74.77
Sumer Bhasin,FULL-TIME,EV BIKE,107,0.40,4.07,69.16
Pihu Shankar,FULL-TIME,EV BIKE,150,0.44,4.02,69.33
Aniruddh Dyal,CONTRACT,VAN,120,0.49,3.95,61.67
Jayesh Char,FULL-TIME,SCOOTER,85,0.36,4.09,71.76
Shayak Luthra,CONTRACT,VAN,99,0.46,4.01,63.64
Ryan Subramaniam,FULL-TIME,VAN,129,0.43,3.98,66.67
Adira Behl,CONTRACT,BIKE,88,0.50,4.04,62.50
Zaina Ganesan,CONTRACT,EV BIKE,120,0.43,4.05,67.50
Shayak Behl,CONTRACT,BIKE,107,0.37,4.10,69.16
Renee Dave,CONTRACT,BIKE,77,0.36,4.09,72.73
Divit Dada,CONTRACT,SCOOTER,99,0.51,3.95,63.64
Kashvi Balakrishnan,FULL-TIME,EV BIKE,105,0.54,3.88,61.90
Nakul Tak,CONTRACT,BIKE,97,0.51,3.92,59.79
Myra Mani,CONTRACT,SCOOTER,111,0.44,4.06,65.77
Gokul Iyengar,FULL-TIME,SCOOTER,133,0.40,4.03,67.67
Shayak Handa,FULL-TIME,SCOOTER,98,0.34,4.10,72.45
Inaaya  Ganesan,CONTRACT,VAN,88,0.42,4.02,70.45
Saksham Dani,FULL-TIME,BIKE,98,0.42,4.09,67.35
Lagan Butala,FULL-TIME,VAN,133,0.43,4.02,69.17
Nakul Khatri,CONTRACT,EV BIKE,80,0.48,3.94,62.50
Adah Din,FULL-TIME,SCOOTER,98,0.43,4.01,63.27
Kabir Vala,CONTRACT,BIKE,80,0.46,3.97,66.25
Tiya Kurian,CONTRACT,VAN,89,0.44,3.97,69.66
Zaina Sampath,FULL-TIME,EV BIKE,108,0.56,3.87,60.19
Ryan Raman,CONTRACT,SCOOTER,130,0.49,3.96,63.08
Mannat Suresh,CONTRACT,EV BIKE,87,0.54,3.94,57.47
Baiju Mangal,FULL-TIME,EV BIKE,118,0.53,3.92,64.41
Sara Maharaj,FULL-TIME,BIKE,117,0.46,3.99,65.81
Navya Bora,FULL-TIME,VAN,224,0.42,4.03,66.52
Dhanuk Raval,CONTRACT,EV BIKE,102,0.46,3.99,63.73
Yakshit Dash,FULL-TIME,SCOOTER,126,0.48,3.94,64.29
Kashvi Tailor,FULL-TIME,BIKE,114,0.44,3.99,67.54
Vritika Dasgupta,CONTRACT,SCOOTER,91,0.55,3.81,60.44
Tushar Manne,FULL-TIME,SCOOTER,97,0.40,4.05,69.07
Amira Dhar,FULL-TIME,BIKE,125,0.42,4.00,65.60
Faiyaz Chatterjee,FULL-TIME,SCOOTER,87,0.45,4.03,67.82
Tarini Rau,FULL-TIME,EV BIKE,94,0.49,3.96,61.70
Piya Ratti,FULL-TIME,VAN,112,0.44,3.97,66.96
Hunar Bera,FULL-TIME,VAN,89,0.39,4.01,68.54
Dhanush Goyal,FULL-TIME,VAN,90,0.31,4.20,73.33
Shayak Varty,FULL-TIME,SCOOTER,108,0.44,4.06,61.11
Riya Barman,FULL-TIME,BIKE,96,0.30,4.20,73.96
Jhanvi Mangat,CONTRACT,BIKE,86,0.34,4.12,70.93
Tara Koshy,CONTRACT,EV BIKE,133,0.47,3.97,61.65
Samar Cherian,FULL-TIME,SCOOTER,85,0.52,3.82,62.35
Vanya Kulkarni,CONTRACT,SCOOTER,109,0.40,4.05,67.89
Aarna Rout,CONTRACT,SCOOTER,86,0.65,3.81,50.00
Purab Sangha,FULL-TIME,EV BIKE,88,0.51,4.02,61.36
Sumer Randhawa,FULL-TIME,SCOOTER,134,0.43,4.02,68.66
Sana Chaudhuri,CONTRACT,BIKE,132,0.45,3.99,63.64
Mohanlal Kala,FULL-TIME,VAN,97,0.49,4.00,60.82
Arnav Ravel,CONTRACT,SCOOTER,106,0.43,4.10,65.09
Baiju Shere,FULL-TIME,EV BIKE,96,0.42,4.07,65.63
Seher Kulkarni,FULL-TIME,VAN,125,0.46,4.00,65.60
Mehul Chana,CONTRACT,BIKE,157,0.48,4.01,62.42
Aniruddh Sarna,CONTRACT,BIKE,122,0.47,3.99,63.11
Indrans Keer,CONTRACT,EV BIKE,78,0.38,4.12,67.95
Baiju Jayaraman,CONTRACT,EV BIKE,107,0.43,3.96,70.09
Manjari Batta,CONTRACT,EV BIKE,123,0.46,4.00,64.23
Heer Sabharwal,CONTRACT,EV BIKE,108,0.45,4.00,64.81
Kiaan Bal,FULL-TIME,SCOOTER,111,0.50,3.92,59.46
Ishaan Bora,CONTRACT,VAN,92,0.51,3.85,57.61
Aaina Kannan,FULL-TIME,EV BIKE,108,0.44,4.04,62.96
Hazel Buch,CONTRACT,EV BIKE,126,0.40,4.08,68.25
Aaryahi Atwal,CONTRACT,SCOOTER,96,0.44,3.96,65.63
Krish Grewal,FULL-TIME,VAN,85,0.51,3.93,63.53
Mehul Chaudhuri,FULL-TIME,SCOOTER,99,0.66,3.73,50.51
Prerak Wali,CONTRACT,SCOOTER,93,0.45,4.01,65.59
Jivin Singhal,CONTRACT,SCOOTER,122,0.46,3.99,64.75
Dishani Deo,CONTRACT,VAN,112,0.41,4.00,70.54
Armaan Talwar,CONTRACT,VAN,74,0.49,3.99,62.16
Indrans Hayre,CONTRACT,EV BIKE,121,0.46,3.97,60.33
Amira Dara,FULL-TIME,BIKE,98,0.46,4.05,65.31
Aaryahi Kar,FULL-TIME,BIKE,89,0.37,4.09,68.54
Aniruddh Bajwa,CONTRACT,EV BIKE,139,0.53,3.85,59.71
Zeeshan Amble,CONTRACT,BIKE,123,0.41,3.98,65.85
Priyansh Chawla,CONTRACT,VAN,113,0.50,3.93,62.83
Aarush Sabharwal,FULL-TIME,SCOOTER,105,0.48,3.97,65.71
Nehmat Butala,FULL-TIME,SCOOTER,115,0.46,4.06,62.61
Rania Master,FULL-TIME,EV BIKE,119,0.34,4.14,74.79
Shayak Sandhu,FULL-TIME,EV BIKE,96,0.52,3.94,61.46
Yakshit Karan,FULL-TIME,SCOOTER,134,0.49,3.97,60.45
Arhaan Yadav,CONTRACT,BIKE,110,0.48,3.97,62.73
Lavanya Ghose,CONTRACT,EV BIKE,93,0.38,4.08,72.04
Lagan Raja,CONTRACT,VAN,122,0.44,3.94,65.57
Vaibhav Gole,CONTRACT,BIKE,112,0.48,4.02,61.61
Dhanuk Borra,CONTRACT,SCOOTER,91,0.43,4.04,69.23
Kanav Dhingra,FULL-TIME,SCOOTER,99,0.48,3.97,61.62
Reyansh Dube,CONTRACT,VAN,129,0.50,3.95,61.24
Rania Bajwa,FULL-TIME,VAN,125,0.39,4.08,66.40
Darshit Jhaveri,FULL-TIME,EV BIKE,134,0.48,3.94,64.18
Tarini Sood,CONTRACT,VAN,99,0.36,4.07,70.71
Zaina Grewal,FULL-TIME,EV BIKE,91,0.36,4.03,71.43
Vidur Seshadri,CONTRACT,VAN,94,0.40,4.12,71.28
Shamik Karpe,CONTRACT,BIKE,117,0.45,3.97,65.81
Onkar Soman,CONTRACT,SCOOTER,118,0.43,4.04,63.56
Ritvik Chowdhury,CONTRACT,BIKE,98,0.44,4.04,65.31
Samaira Mand,FULL-TIME,EV BIKE,132,0.48,3.87,64.39
Aarush Banerjee,FULL-TIME,EV BIKE,114,0.45,3.97,64.91
Ahana  Banerjee,CONTRACT,SCOOTER,103,0.46,3.99,66.02
Dishani Ben,FULL-TIME,SCOOTER,116,0.41,4.09,67.24
Shayak Jain,CONTRACT,EV BIKE,116,0.37,4.06,68.97
Samaira Vora,FULL-TIME,EV BIKE,106,0.40,4.04,66.04
Tushar Gala,FULL-TIME,VAN,93,0.43,4.01,65.59
Zain Dhar,FULL-TIME,EV BIKE,97,0.44,4.06,60.82
Kiaan Mangal,FULL-TIME,SCOOTER,110,0.45,4.01,62.73
Vanya Chaudry,CONTRACT,BIKE,88,0.48,3.95,63.64
Samar Dhar,CONTRACT,SCOOTER,125,0.46,3.96,64.80
Elakshi Sen,CONTRACT,VAN,135,0.45,4.02,65.93
Anahi Korpal,FULL-TIME,EV BIKE,114,0.58,3.91,60.53
Kiaan Chopra,CONTRACT,VAN,86,0.37,4.05,67.44
Renee Dyal,FULL-TIME,EV BIKE,118,0.43,4.01,66.10
Anika Sama,CONTRACT,SCOOTER,142,0.49,3.97,64.08
Zeeshan Dyal,FULL-TIME,SCOOTER,77,0.47,4.10,64.94
Baiju Bandi,CONTRACT,VAN,85,0.42,4.04,63.53
Kiara Ganesan,CONTRACT,VAN,123,0.44,4.00,67.48
Parinaaz Dewan,CONTRACT,SCOOTER,106,0.36,4.07,72.64
Renee Bava,FULL-TIME,EV BIKE,98,0.52,3.94,58.16
Tiya Wali,FULL-TIME,SCOOTER,93,0.49,3.94,60.22
Hiran Bera,CONTRACT,BIKE,105,0.42,4.08,69.52
Jivika Deol,CONTRACT,VAN,138,0.43,4.06,65.94
Shayak Mani,CONTRACT,SCOOTER,90,0.37,4.19,70.00
Miraan Issac,CONTRACT,BIKE,114,0.55,3.90,58.77
Madhav Contractor,FULL-TIME,BIKE,94,0.50,3.99,59.57
Lakshay Sarkar,FULL-TIME,SCOOTER,103,0.42,4.07,69.90
Bhamini Malhotra,CONTRACT,BIKE,74,0.31,4.16,71.62
Hansh Srivastava,FULL-TIME,VAN,99,0.42,4.03,66.67
Myra Gandhi,CONTRACT,SCOOTER,95,0.36,4.09,70.53
Mahika Subramaniam,CONTRACT,VAN,116,0.48,3.93,66.38
Manikya Raju,FULL-TIME,BIKE,88,0.42,4.00,67.05
Anya Ramanathan,FULL-TIME,SCOOTER,126,0.52,3.88,59.52
Nishith Mallick,CONTRACT,EV BIKE,109,0.52,3.91,61.47
Ira Kar,CONTRACT,SCOOTER,108,0.57,3.87,58.33
Rania Mangal,FULL-TIME,BIKE,122,0.44,4.04,65.57
Emir Sankar,CONTRACT,VAN,91,0.45,3.93,62.64
Jivin Chanda,CONTRACT,EV BIKE,101,0.50,3.95,64.36
Neelofar Deo,FULL-TIME,SCOOTER,86,0.38,4.08,66.28
Mehul Loyal,FULL-TIME,EV BIKE,88,0.45,3.94,65.91
Yashvi Shukla,CONTRACT,VAN,90,0.39,4.09,71.11
Parinaaz Varty,CONTRACT,EV BIKE,129,0.46,4.00,64.34
Ehsaan Rege,CONTRACT,SCOOTER,88,0.51,3.95,63.64
Tanya Krishnan,CONTRACT,EV BIKE,114,0.43,4.08,65.79
Indrans Din,FULL-TIME,SCOOTER,113,0.32,4.09,76.11
Mahika Bhandari,CONTRACT,EV BIKE,140,0.44,3.98,66.43
Dharmajan Chaudhry,CONTRACT,EV BIKE,102,0.36,4.07,69.61
Anay Karnik,FULL-TIME,SCOOTER,118,0.43,4.08,65.25
Sara Dash,CONTRACT,SCOOTER,118,0.47,3.95,63.56
Azad Chad,CONTRACT,EV BIKE,104,0.38,4.08,71.15
Ehsaan Apte,CONTRACT,EV BIKE,109,0.35,4.11,71.56
Vedika Sampath,FULL-TIME,EV BIKE,129,0.58,3.87,58.91
Heer Varty,CONTRACT,VAN,113,0.52,3.92,61.06
Dishani Barad,CONTRACT,BIKE,90,0.38,4.08,70.00
Ojas Sastry,CONTRACT,SCOOTER,122,0.46,4.06,63.93
Anvi Tailor,FULL-TIME,VAN,141,0.41,4.10,67.38
Hiran Thaman,FULL-TIME,EV BIKE,74,0.55,3.91,59.46
Gokul Gulati,CONTRACT,BIKE,119,0.48,3.91,63.87
Devansh Anne,FULL-TIME,SCOOTER,105,0.51,3.94,60.00
Anaya Ramakrishnan,CONTRACT,VAN,91,0.45,4.06,62.64
Krish Warrior,CONTRACT,BIKE,106,0.37,4.14,67.92
Ahana  Shetty,FULL-TIME,SCOOTER,110,0.45,4.00,61.82
Nirvi Date,CONTRACT,EV BIKE,123,0.43,4.08,66.67
Rasha Deshpande,FULL-TIME,BIKE,99,0.47,3.92,62.63
Rati Gopal,CONTRACT,VAN,80,0.38,4.09,67.50
Mohanlal Swaminathan,CONTRACT,BIKE,121,0.38,4.03,72.73
Adah Dugar,CONTRACT,BIKE,113,0.44,4.00,68.14
Darshit Choudhry,FULL-TIME,VAN,120,0.48,3.97,64.17
Biju Bhatti,FULL-TIME,EV BIKE,141,0.48,4.00,63.12
Anika Hegde,FULL-TIME,EV BIKE,90,0.36,4.09,70.00
Raghav Karpe,CONTRACT,SCOOTER,85,0.32,4.14,78.82
Ayesha Raman,CONTRACT,VAN,86,0.40,3.99,68.60
Adah Krishna,CONTRACT,EV BIKE,117,0.47,3.98,64.10
Aaina Rege,FULL-TIME,VAN,114,0.33,4.21,71.05
Dhanush Grewal,CONTRACT,EV BIKE,115,0.36,4.11,70.43
Hansh Dhingra,FULL-TIME,BIKE,135,0.55,3.94,55.56
Sahil Mani,CONTRACT,SCOOTER,96,0.50,3.93,62.50
Rania Das,CONTRACT,EV BIKE,97,0.38,4.08,69.07
Myra Chakrabarti,CONTRACT,EV BIKE,82,0.41,4.01,64.63
Kanav Sampath,CONTRACT,SCOOTER,124,0.44,4.02,64.52
Mahika Buch,CONTRACT,EV BIKE,106,0.41,4.08,70.75
Anvi Tripathi,FULL-TIME,EV BIKE,97,0.34,4.14,73.20
Pihu Bhandari,FULL-TIME,SCOOTER,89,0.52,3.89,58.43
Sana Kanda,FULL-TIME,SCOOTER,131,0.47,3.99,62.60
Darshit Handa,CONTRACT,EV BIKE,118,0.43,3.94,66.95
Amira Sampath,FULL-TIME,EV BIKE,115,0.36,4.06,72.17
Prerak Mahajan,FULL-TIME,SCOOTER,139,0.47,3.96,64.03
Seher Korpal,FULL-TIME,SCOOTER,91,0.57,3.83,54.95
Dhanush Khurana,CONTRACT,BIKE,126,0.53,3.86,61.90
Vritika Tiwari,CONTRACT,BIKE,118,0.50,3.91,65.25
Reyansh Toor,CONTRACT,VAN,130,0.55,3.89,56.92
Ranbir Sandhu,FULL-TIME,SCOOTER,111,0.50,3.97,60.36
Shamik Kuruvilla,FULL-TIME,EV BIKE,108,0.42,4.06,65.74
Arnav Viswanathan,CONTRACT,VAN,105,0.47,4.01,61.90
Abram Sarkar,FULL-TIME,EV BIKE,99,0.48,3.92,62.63
Tarini Acharya,FULL-TIME,EV BIKE,88,0.31,4.16,72.73
Jiya Mani,FULL-TIME,EV BIKE,104,0.38,4.06,70.19
Lavanya Roy,FULL-TIME,VAN,119,0.39,4.07,67.23
Pari Yadav,FULL-TIME,BIKE,115,0.47,4.04,64.35
Myra Tandon,FULL-TIME,BIKE,115,0.44,4.00,66.96
Divit Salvi,FULL-TIME,EV BIKE,105,0.54,3.82,58.10
Urvi Atwal,CONTRACT,VAN,132,0.45,3.98,63.64
Zain Lalla,CONTRACT,VAN,129,0.39,4.05,70.54
Shaan Sandal,CONTRACT,BIKE,142,0.53,3.96,59.15
Nirvi Badal,CONTRACT,VAN,86,0.38,4.08,69.77
Krish Ratti,FULL-TIME,VAN,116,0.42,3.96,68.10
Oorja Lall,FULL-TIME,BIKE,118,0.45,4.03,67.80
Advika Upadhyay,FULL-TIME,SCOOTER,118,0.50,3.92,62.71
Ela Sabharwal,FULL-TIME,BIKE,102,0.41,4.02,66.67
Nirvaan Garg,CONTRACT,SCOOTER,96,0.38,4.11,68.75
Ishaan Boase,FULL-TIME,EV BIKE,105,0.51,3.93,60.00
Shalv Raju,CONTRACT,VAN,93,0.41,4.03,69.89
Mannat Dar,FULL-TIME,EV BIKE,102,0.47,4.00,61.76
Biju Roy,CONTRACT,BIKE,100,0.42,4.04,68.00
Umang Chokshi,FULL-TIME,BIKE,109,0.41,4.04,67.89
Raunak Khosla,FULL-TIME,VAN,124,0.45,4.01,63.71
Taran Dhillon,CONTRACT,BIKE,86,0.47,3.97,62.79
Zaina Kapoor,CONTRACT,SCOOTER,78,0.36,4.09,71.79
Oorja Mane,CONTRACT,VAN,87,0.48,3.92,66.67
Alisha Jha,FULL-TIME,EV BIKE,124,0.51,3.97,62.10
Dishani Dewan,CONTRACT,VAN,122,0.43,4.03,64.75
Nitya Kurian,CONTRACT,VAN,90,0.42,4.06,63.33
Yasmin Khurana,FULL-TIME,SCOOTER,119,0.39,4.09,68.91
Yuvaan Lad,CONTRACT,VAN,92,0.42,4.01,65.22
Anahita Handa,CONTRACT,EV BIKE,132,0.45,4.02,64.39
Dhanuk Chada,FULL-TIME,SCOOTER,100,0.49,3.96,62.00
Ryan Rajagopal,CONTRACT,EV BIKE,123,0.43,4.01,69.11
Jivin Thaman,FULL-TIME,VAN,142,0.48,4.00,64.79
Charvi Sha,FULL-TIME,VAN,113,0.48,4.01,61.95
Mahika Chana,CONTRACT,EV BIKE,128,0.48,3.82,67.97
Rania Thakur,FULL-TIME,EV BIKE,82,0.50,4.03,64.63
Vihaan Lad,CONTRACT,EV BIKE,97,0.46,3.99,58.76
Nitara Batta,FULL-TIME,SCOOTER,106,0.42,4.03,68.87
Nayantara Goyal,CONTRACT,SCOOTER,109,0.54,3.89,58.72
Kashvi Dugar,CONTRACT,EV BIKE,119,0.54,3.88,53.78
Aaina Dugal,FULL-TIME,SCOOTER,103,0.55,3.82,59.22
Divyansh Balan,CONTRACT,SCOOTER,117,0.51,3.94,55.56
Anvi Balay,FULL-TIME,VAN,93,0.49,3.96,61.29
Dhruv Kumar,FULL-TIME,EV BIKE,94,0.35,4.11,74.47
Kismat Dara,CONTRACT,BIKE,139,0.46,4.00,64.03
Ivan Bose,CONTRACT,SCOOTER,148,0.51,3.97,59.46
Anya Subramanian,FULL-TIME,BIKE,73,0.34,4.19,71.23
Romil Desai,FULL-TIME,VAN,99,0.36,4.07,71.72
Hrishita Wable,CONTRACT,BIKE,124,0.40,4.05,70.97
Diya Sarna,FULL-TIME,BIKE,123,0.51,3.86,59.35
Raunak Badal,CONTRACT,EV BIKE,132,0.48,3.95,63.64
Drishya Tank,FULL-TIME,BIKE,89,0.40,4.03,67.42
Mishti Kunda,FULL-TIME,EV BIKE,121,0.47,3.99,63.64
Nirvi Jain,FULL-TIME,SCOOTER,101,0.46,3.97,64.36
Divit Tella,CONTRACT,SCOOTER,202,0.40,4.09,67.82
Dharmajan Kala,CONTRACT,EV BIKE,108,0.53,3.87,60.19
Saira Subramanian,CONTRACT,SCOOTER,102,0.50,3.98,57.84
Myra Bahri,FULL-TIME,SCOOTER,118,0.51,3.99,61.02
Ela Kara,CONTRACT,VAN,99,0.56,3.87,55.56
Ojas Choudhury,FULL-TIME,VAN,122,0.48,3.96,62.30
Alia Dyal,CONTRACT,VAN,121,0.36,4.08,71.07
Anahita Varma,FULL-TIME,SCOOTER,126,0.42,4.06,66.67
Sana Contractor,CONTRACT,VAN,100,0.51,3.91,62.00
Arnav Bali,FULL-TIME,BIKE,91,0.56,3.83,59.34
Arnav Toor,CONTRACT,BIKE,101,0.59,3.77,62.38
Hansh Hari,CONTRACT,VAN,104,0.40,4.01,64.42
Amani Sankar,CONTRACT,EV BIKE,148,0.39,4.06,71.62
Alisha Bhalla,CONTRACT,SCOOTER,141,0.40,4.06,68.79
Vanya Gulati,CONTRACT,SCOOTER,128,0.46,4.03,62.50
Nitara Trivedi,FULL-TIME,SCOOTER,113,0.51,3.86,61.06
Devansh Tara,FULL-TIME,SCOOTER,123,0.46,4.00,63.41
Faiyaz Apte,FULL-TIME,EV BIKE,119,0.45,4.00,64.71
Alisha Basu,FULL-TIME,EV BIKE,114,0.47,3.93,64.04
Hridaan Srivastava,FULL-TIME,BIKE,102,0.53,3.92,60.78
Hrishita Dada,FULL-TIME,EV BIKE,81,0.56,3.87,58.02
Eva Solanki,FULL-TIME,BIKE,100,0.51,3.97,56.00
Priyansh Kalla,CONTRACT,SCOOTER,134,0.40,3.98,67.16
Miraya Konda,FULL-TIME,BIKE,88,0.42,4.10,67.05
Ritvik Maharaj,CONTRACT,VAN,133,0.48,3.95,63.16
Neysa Chandra,FULL-TIME,SCOOTER,91,0.48,3.99,62.64
Mohanlal Bhakta,CONTRACT,SCOOTER,109,0.39,4.09,67.89
Alia Kashyap,CONTRACT,SCOOTER,102,0.51,3.89,67.65
Pihu Jhaveri,FULL-TIME,BIKE,131,0.52,3.93,61.07
Ritvik Bawa,FULL-TIME,EV BIKE,98,0.52,3.94,61.22
Charvi Kara,FULL-TIME,EV BIKE,99,0.44,4.05,63.64
Kashvi Sarkar,FULL-TIME,EV BIKE,135,0.42,4.05,64.44
Advik Bail,FULL-TIME,EV BIKE,103,0.47,3.96,63.11
Kismat Lal,CONTRACT,EV BIKE,101,0.40,4.03,68.32
Saksham Rama,FULL-TIME,BIKE,135,0.44,4.06,62.96
Shanaya Ganesan,CONTRACT,VAN,86,0.33,4.10,74.42
Sana Varma,FULL-TIME,SCOOTER,97,0.44,4.03,64.95
Eva Kuruvilla,FULL-TIME,SCOOTER,90,0.36,4.08,74.44
Anahita Mand,CONTRACT,BIKE,121,0.40,4.07,68.60
Keya Bhatia,CONTRACT,EV BIKE,97,0.46,4.01,65.98
Aarush Bahri,CONTRACT,VAN,113,0.44,4.07,63.72
Parinaaz Mahal,CONTRACT,BIKE,103,0.54,3.89,59.22
Yuvraj  Arya,FULL-TIME,EV BIKE,105,0.41,4.14,63.81
Ryan Sami,FULL-TIME,SCOOTER,87,0.39,4.06,70.11
Aayush Zacharia,FULL-TIME,VAN,101,0.43,4.11,66.34
Mannat Contractor,FULL-TIME,BIKE,115,0.49,3.91,63.48
Kaira Sehgal,FULL-TIME,SCOOTER,113,0.43,4.02,64.60
Samiha Shetty,FULL-TIME,EV BIKE,99,0.43,3.96,64.65
Devansh Sama,CONTRACT,BIKE,93,0.59,3.80,55.91
Neelofar Saini,FULL-TIME,SCOOTER,95,0.35,4.17,71.58
Amani Kakar,CONTRACT,BIKE,112,0.42,4.11,67.86
Nirvaan Biswas,FULL-TIME,VAN,115,0.44,4.05,64.35
Akarsh Swamy,FULL-TIME,EV BIKE,91,0.44,4.00,67.03
Zoya Hora,FULL-TIME,VAN,108,0.48,3.97,62.04
Ryan Jain,CONTRACT,VAN,218,0.40,4.07,67.89
Ayesha Vohra,FULL-TIME,EV BIKE,110,0.42,4.06,67.27
Jiya Batra,FULL-TIME,BIKE,116,0.37,4.07,70.69
Arhaan Gala,FULL-TIME,BIKE,95,0.54,3.93,61.05
Myra Biswas,CONTRACT,BIKE,155,0.37,4.07,69.03
Jayesh Chaudhuri,CONTRACT,VAN,105,0.46,4.06,64.76
Gokul Vohra,FULL-TIME,BIKE,111,0.44,4.05,63.96
Miraan Raj,CONTRACT,EV BIKE,106,0.50,3.88,64.15
Kiaan Balakrishnan,FULL-TIME,EV BIKE,98,0.44,4.04,69.39
Vritika Bumb,FULL-TIME,EV BIKE,98,0.54,3.84,56.12
Vidur Ben,FULL-TIME,EV BIKE,108,0.39,4.01,71.30
Amani Dyal,CONTRACT,BIKE,80,0.50,4.05,62.50
Shalv Tak,CONTRACT,SCOOTER,152,0.50,3.93,62.50
Vritika Golla,FULL-TIME,VAN,76,0.50,4.01,61.84
Kartik Johal,FULL-TIME,BIKE,74,0.34,4.19,71.62
Neelofar Bajwa,FULL-TIME,SCOOTER,105,0.42,4.08,66.67
Ryan Kale,CONTRACT,SCOOTER,117,0.47,4.01,64.96
Sana Varty,FULL-TIME,VAN,97,0.44,3.98,61.86
Gatik Swaminathan,CONTRACT,BIKE,87,0.46,3.92,66.67
Neysa Rajagopal,CONTRACT,VAN,93,0.39,4.05,66.67
Oorja Saxena,FULL-TIME,VAN,114,0.58,3.80,56.14
Emir Sundaram,FULL-TIME,BIKE,80,0.46,3.99,63.75
Kiaan Chhabra,CONTRACT,VAN,110,0.39,4.08,70.91
Ishaan Biswas,FULL-TIME,VAN,89,0.46,4.04,64.04
Hazel Borra,FULL-TIME,EV BIKE,96,0.48,3.97,63.54
Vaibhav Subramanian,FULL-TIME,BIKE,95,0.42,4.01,66.32
Ivana Kala,FULL-TIME,SCOOTER,137,0.46,4.00,62.04
Dhanuk Ahuja,FULL-TIME,EV BIKE,105,0.53,3.95,58.10
Shamik Sibal,FULL-TIME,SCOOTER,103,0.41,4.02,68.93
Onkar Walia,CONTRACT,VAN,107,0.37,4.10,69.16
Heer Brar,CONTRACT,SCOOTER,96,0.34,4.14,72.92
Romil Tata,FULL-TIME,SCOOTER,96,0.58,3.76,60.42
Nirvaan Iyengar,FULL-TIME,EV BIKE,69,0.52,3.98,59.42
Kabir Shah,FULL-TIME,SCOOTER,91,0.36,4.13,72.53
Nehmat Balay,CONTRACT,VAN,99,0.48,3.95,62.63
Shalv Aurora,FULL-TIME,EV BIKE,119,0.51,3.94,58.82
Gokul Bassi,CONTRACT,EV BIKE,83,0.35,4.09,72.29
Hridaan Barad,CONTRACT,BIKE,128,0.34,4.15,71.88
Ishita Balasubramanian,CONTRACT,VAN,109,0.52,3.91,61.47
Kimaya Saha,CONTRACT,BIKE,108,0.53,3.91,62.96
Lakshit Kari,FULL-TIME,SCOOTER,98,0.47,3.99,63.27
Shalv Shenoy,FULL-TIME,VAN,102,0.56,3.89,56.86
Pari Sarkar,FULL-TIME,EV BIKE,129,0.44,4.09,63.57
Drishya Kant,CONTRACT,EV BIKE,88,0.44,4.00,64.77
Shayak Hayer,CONTRACT,EV BIKE,134,0.41,4.06,65.67
Eshani Subramanian,CONTRACT,VAN,107,0.38,4.11,68.22
Samar Jaggi,FULL-TIME,VAN,136,0.39,4.09,69.12
Shayak Bath,CONTRACT,VAN,101,0.58,3.89,56.44
Inaaya  Devi,FULL-TIME,EV BIKE,110,0.45,3.98,63.64
Baiju Soni,FULL-TIME,BIKE,94,0.46,3.93,63.83
Jiya Varughese,FULL-TIME,VAN,74,0.53,3.89,60.81
Riya Jhaveri,FULL-TIME,EV BIKE,139,0.50,3.87,59.71
Hazel Kamdar,FULL-TIME,VAN,109,0.41,4.08,66.97
Sahil Loke,CONTRACT,EV BIKE,89,0.36,4.09,70.79
Shray Jha,FULL-TIME,VAN,88,0.43,4.07,67.05
Sumer Sangha,FULL-TIME,EV BIKE,94,0.38,4.10,65.96
Nakul Thaman,CONTRACT,BIKE,100,0.41,4.13,67.00
Sana Warrior,CONTRACT,BIKE,95,0.45,3.96,62.11
Lagan Dube,CONTRACT,SCOOTER,96,0.48,3.97,61.46
Jivin Mander,CONTRACT,VAN,95,0.54,3.92,61.05
Romil Ramachandran,FULL-TIME,EV BIKE,94,0.50,3.86,62.77
Farhan Dara,CONTRACT,SCOOTER,95,0.55,3.96,58.95
Zeeshan Das,CONTRACT,BIKE,84,0.51,3.93,63.10
Anahita Sampath,FULL-TIME,BIKE,83,0.40,4.09,66.27
Ishaan Tank,FULL-TIME,BIKE,135,0.42,3.95,68.89
Aradhya Suresh,CONTRACT,SCOOTER,85,0.41,4.07,67.06
Lakshit Bains,CONTRACT,SCOOTER,127,0.39,4.01,68.50
Raunak Yohannan,CONTRACT,SCOOTER,104,0.43,4.01,65.38
Lavanya Sani,FULL-TIME,BIKE,93,0.39,4.03,67.74
Parinaaz Balan,FULL-TIME,SCOOTER,153,0.50,3.98,61.44
Vritika Chaudhari,CONTRACT,SCOOTER,108,0.44,3.99,64.81
Nitya Vaidya,FULL-TIME,VAN,108,0.50,3.97,62.96
Indrans Wali,FULL-TIME,EV BIKE,86,0.34,4.21,70.93
Ivan Krish,CONTRACT,VAN,84,0.35,4.06,75.00
Farhan Sachar,CONTRACT,SCOOTER,141,0.44,4.02,64.54
Raghav Cherian,FULL-TIME,VAN,97,0.45,4.02,64.95
Ishaan Sandhu,CONTRACT,EV BIKE,68,0.56,3.91,57.35
Advik Ratta,CONTRACT,BIKE,108,0.46,4.02,62.04
Kiaan Shanker,CONTRACT,BIKE,132,0.45,3.97,64.39
Adah Manda,FULL-TIME,SCOOTER,87,0.57,3.88,54.02
Rania Yohannan,FULL-TIME,BIKE,96,0.47,4.03,64.58
Nirvaan Bora,FULL-TIME,EV BIKE,113,0.43,3.92,64.60
Neysa Tata,CONTRACT,EV BIKE,75,0.39,4.11,70.67
Prisha Goel,CONTRACT,EV BIKE,104,0.42,4.14,64.42
Mahika Suri,CONTRACT,VAN,94,0.49,3.96,61.70
Yuvraj  Verma,CONTRACT,BIKE,114,0.54,3.84,59.65
Hansh Jha,FULL-TIME,EV BIKE,96,0.55,3.92,57.29
Badal Dubey,FULL-TIME,VAN,86,0.43,3.98,67.44
Hridaan Sodhi,FULL-TIME,VAN,92,0.35,4.14,70.65
Gatik Grover,CONTRACT,BIKE,84,0.48,3.96,60.71
Aarush Balan,CONTRACT,VAN,111,0.40,4.07,68.47
Kavya Wadhwa,FULL-TIME,EV BIKE,113,0.40,4.03,66.37
Arhaan Jayaraman,FULL-TIME,EV BIKE,105,0.43,4.07,65.71
Shanaya Comar,FULL-TIME,BIKE,114,0.39,4.13,64.04
Emir Seth,FULL-TIME,EV BIKE,97,0.34,4.16,68.04
Mohanlal Suresh,CONTRACT,VAN,100,0.50,3.96,65.00
Saksham Mann,CONTRACT,EV BIKE,107,0.56,3.95,56.07
Ranbir Loyal,FULL-TIME,EV BIKE,93,0.42,4.09,67.74
Purab Majumdar,FULL-TIME,EV BIKE,87,0.34,4.13,71.26
Lagan Ben,FULL-TIME,EV BIKE,95,0.41,4.06,67.37
Siya Wagle,CONTRACT,SCOOTER,97,0.49,4.01,62.89
Divyansh Venkatesh,FULL-TIME,BIKE,132,0.39,4.09,68.94
Kartik Dugal,FULL-TIME,VAN,105,0.52,3.90,60.00
Zeeshan Vig,FULL-TIME,VAN,100,0.46,3.92,65.00
Rhea Mani,FULL-TIME,EV BIKE,147,0.48,4.02,60.54
Tiya Badal,FULL-TIME,VAN,108,0.47,3.99,62.96
Mehul Desai,FULL-TIME,EV BIKE,90,0.57,3.90,57.78
Amani Chadha,FULL-TIME,EV BIKE,89,0.44,4.09,65.17
Misha Sura,CONTRACT,EV BIKE,136,0.38,4.13,70.59
Dhanuk Mall,CONTRACT,BIKE,88,0.49,4.02,55.68
Indrans Luthra,CONTRACT,EV BIKE,121,0.44,4.06,65.29
Emir Suri,CONTRACT,SCOOTER,100,0.41,4.12,67.00
Vihaan Dewan,CONTRACT,SCOOTER,84,0.39,4.08,71.43
Indranil Vyas,FULL-TIME,BIKE,97,0.45,3.95,62.89
Reyansh Sekhon,FULL-TIME,BIKE,129,0.56,3.85,55.04
Zara Chanda,FULL-TIME,SCOOTER,91,0.63,3.73,58.24
Pari Vaidya,CONTRACT,BIKE,138,0.37,4.10,71.01
Manjari Varghese,CONTRACT,VAN,111,0.53,3.93,59.46
Jivika Kaur,FULL-TIME,VAN,115,0.43,3.96,65.22
Adira Arya,FULL-TIME,VAN,92,0.62,3.80,53.26
Nitya Contractor,CONTRACT,VAN,96,0.39,4.04,65.63
Heer Batta,FULL-TIME,EV BIKE,95,0.37,4.08,66.32
Ishaan Uppal,FULL-TIME,EV BIKE,127,0.51,3.97,62.20
Vardaniya Kapur,FULL-TIME,VAN,125,0.52,3.93,60.00
Nishith Ganguly,FULL-TIME,VAN,90,0.54,3.90,56.67
Rati Kapoor,CONTRACT,SCOOTER,104,0.40,4.02,67.31
Anahita Atwal,FULL-TIME,SCOOTER,91,0.55,3.89,56.04
Ivan Acharya,CONTRACT,BIKE,116,0.53,3.89,56.90
Dishani Batta,FULL-TIME,SCOOTER,91,0.54,3.99,58.24
Anaya Lanka,FULL-TIME,BIKE,83,0.53,3.95,59.04
Biju Virk,FULL-TIME,SCOOTER,116,0.47,4.03,65.52
Dharmajan Gupta,CONTRACT,BIKE,101,0.50,3.92,61.39
Charvi Sahni,FULL-TIME,BIKE,72,0.47,3.97,63.89
Hrishita Gandhi,CONTRACT,SCOOTER,116,0.41,3.99,68.97
Raunak Seshadri,CONTRACT,EV BIKE,87,0.43,4.00,68.97
Kaira Bansal,FULL-TIME,SCOOTER,122,0.45,3.96,63.93
Rania Chand,CONTRACT,EV BIKE,92,0.43,4.10,65.22
Shalv Handa,CONTRACT,SCOOTER,88,0.51,3.91,62.50
Trisha Ben,CONTRACT,VAN,108,0.41,4.02,67.59
Samaira Subramaniam,CONTRACT,SCOOTER,127,0.48,3.92,65.35
Jivin Shan,FULL-TIME,BIKE,85,0.54,3.91,61.18
Zara Mane,CONTRACT,VAN,110,0.56,3.88,58.18
Pranay Batra,FULL-TIME,EV BIKE,91,0.41,4.02,67.03
Ehsaan Date,CONTRACT,VAN,97,0.53,3.95,60.82
Shray Butala,FULL-TIME,VAN,86,0.50,3.90,63.95
Anvi Devi,CONTRACT,EV BIKE,87,0.46,3.97,62.07
Neysa Vasa,CONTRACT,VAN,121,0.45,4.01,63.64
Alia Chowdhury,CONTRACT,EV BIKE,94,0.40,4.08,63.83
Aarush Bora,FULL-TIME,BIKE,105,0.35,4.13,70.48
Rasha Chakraborty,FULL-TIME,VAN,117,0.56,3.90,58.97
Alisha Sahota,FULL-TIME,EV BIKE,81,0.48,3.97,59.26
Shamik Char,CONTRACT,VAN,109,0.45,3.98,67.89
Yashvi Dutta,FULL-TIME,EV BIKE,127,0.44,3.98,67.72
Manjari Varghese,FULL-TIME,SCOOTER,91,0.35,4.08,70.33
Rhea Rastogi,CONTRACT,BIKE,105,0.49,3.91,66.67
Romil Yadav,FULL-TIME,VAN,86,0.53,3.89,62.79
Armaan Shah,CONTRACT,EV BIKE,123,0.48,3.99,60.16
Yashvi Yogi,CONTRACT,SCOOTER,114,0.48,3.94,62.28
Manjari Venkatesh,FULL-TIME,EV BIKE,89,0.45,4.03,62.92
Diya Bhandari,FULL-TIME,VAN,102,0.53,3.89,58.82
Armaan Bose,FULL-TIME,BIKE,106,0.42,4.00,68.87
Rhea Bose,CONTRACT,EV BIKE,110,0.48,3.90,63.64
Eva Bhatt,FULL-TIME,EV BIKE,114,0.45,3.99,64.91
Anvi Amble,CONTRACT,EV BIKE,117,0.37,4.07,69.23
Shalv Soni,CONTRACT,SCOOTER,110,0.52,3.98,62.73
Jiya Chana,CONTRACT,EV BIKE,77,0.48,3.97,59.74
Zaina Wali,FULL-TIME,EV BIKE,91,0.42,4.02,70.33
Miraya Swamy,CONTRACT,SCOOTER,82,0.44,3.96,68.29
Raunak Ahuja,FULL-TIME,EV BIKE,101,0.35,4.06,73.27
Hunar Deshpande,FULL-TIME,EV BIKE,135,0.47,3.96,63.70
Hansh Shan,FULL-TIME,EV BIKE,110,0.40,4.03,69.09
Krish Tank,CONTRACT,VAN,129,0.43,4.01,67.44
Adah Saha,FULL-TIME,SCOOTER,86,0.35,4.10,73.26
Kimaya Aurora,FULL-TIME,SCOOTER,95,0.44,4.04,66.32
Mishti Dass,CONTRACT,EV BIKE,108,0.43,4.06,68.52
Renee Banerjee,FULL-TIME,VAN,102,0.29,4.14,76.47
Nayantara Virk,CONTRACT,BIKE,98,0.33,4.13,72.45
Romil Acharya,FULL-TIME,VAN,115,0.40,4.10,66.09
Gatik Lalla,CONTRACT,BIKE,108,0.52,3.94,58.33
Ojas Kaul,CONTRACT,EV BIKE,89,0.52,3.90,61.80
Zara Venkataraman,CONTRACT,EV BIKE,117,0.38,4.10,71.79
Manikya Zachariah,CONTRACT,BIKE,96,0.50,3.88,65.63
Yakshit Kanda,FULL-TIME,EV BIKE,94,0.43,3.95,69.15
Neelofar Kanda,CONTRACT,SCOOTER,89,0.40,4.03,67.42
Aarav Mander,CONTRACT,EV BIKE,84,0.49,4.02,59.52
Samiha Dani,FULL-TIME,EV BIKE,125,0.40,4.10,68.80
Vidur Hari,CONTRACT,VAN,101,0.47,3.95,63.37
Krish Bora,CONTRACT,EV BIKE,87,0.48,3.89,62.07
Dishani Swaminathan,FULL-TIME,VAN,104,0.63,3.81,52.88
Mahika Loke,FULL-TIME,VAN,109,0.47,4.00,66.06
Anvi Deshpande,FULL-TIME,BIKE,74,0.43,4.04,66.22
Samaira Basu,FULL-TIME,EV BIKE,88,0.38,4.12,70.45
Hridaan Mahal,FULL-TIME,BIKE,109,0.47,3.96,66.06
Yuvraj  Jhaveri,FULL-TIME,SCOOTER,86,0.48,3.96,65.12
Aaina Verma,FULL-TIME,VAN,95,0.44,4.00,65.26
Saksham Kant,CONTRACT,EV BIKE,92,0.43,3.99,67.39
Dhanuk Bala,FULL-TIME,EV BIKE,90,0.49,3.90,63.33
Ranbir Kapur,FULL-TIME,BIKE,99,0.52,4.00,57.58
Aaryahi Arya,CONTRACT,EV BIKE,79,0.37,4.11,70.89
Gatik Varma,CONTRACT,EV BIKE,112,0.45,4.01,66.96
Divyansh Badami,FULL-TIME,BIKE,98,0.49,3.96,61.22
Drishya Lad,CONTRACT,SCOOTER,114,0.36,4.14,71.93
Ryan Sunder,FULL-TIME,BIKE,74,0.47,4.01,64.86
Yakshit Apte,CONTRACT,BIKE,89,0.46,4.02,64.04
Chirag Gill,CONTRACT,BIKE,88,0.52,3.90,62.50
Samar Choudhry,FULL-TIME,SCOOTER,104,0.51,3.99,55.77
Ojas Rau,CONTRACT,VAN,120,0.50,3.94,62.50
Ela Kakar,FULL-TIME,EV BIKE,117,0.54,3.88,57.26
Dhruv Balasubramanian,FULL-TIME,SCOOTER,119,0.45,3.98,64.71
Ryan Raval,CONTRACT,BIKE,111,0.41,4.02,65.77
Oorja Balasubramanian,CONTRACT,BIKE,72,0.53,3.92,62.50
Eva Bahl,FULL-TIME,BIKE,96,0.44,3.97,68.75
Eva Luthra,CONTRACT,VAN,98,0.47,4.04,63.27
Riya Tank,FULL-TIME,SCOOTER,95,0.48,3.91,65.26
Amira Kapoor,CONTRACT,EV BIKE,100,0.53,3.95,59.00
Samarth Din,FULL-TIME,SCOOTER,133,0.39,4.02,69.17
Mishti Shere,CONTRACT,VAN,108,0.40,4.08,72.22
Divit Srivastava,CONTRACT,SCOOTER,81,0.53,3.81,62.96
Vedika Ramakrishnan,CONTRACT,SCOOTER,120,0.46,3.96,65.83
Nitya Chahal,CONTRACT,VAN,112,0.44,3.98,67.86
Yuvaan Jaggi,CONTRACT,EV BIKE,103,0.49,3.98,63.11
Azad Garde,CONTRACT,SCOOTER,82,0.49,3.83,62.20
Sumer Bail,FULL-TIME,EV BIKE,104,0.50,3.85,63.46
Aarna Baral,CONTRACT,BIKE,114,0.48,3.99,64.04
Kimaya Warrior,CONTRACT,BIKE,90,0.44,4.05,64.44
Samiha Madan,FULL-TIME,VAN,115,0.45,3.95,65.22
Lavanya Butala,CONTRACT,EV BIKE,78,0.51,3.97,60.26
Samar Kumer,FULL-TIME,BIKE,113,0.32,4.13,73.45
Anay Sheth,FULL-TIME,BIKE,113,0.49,3.98,66.37
Anay Vig,FULL-TIME,SCOOTER,88,0.41,4.01,69.32
Shamik Dhar,CONTRACT,EV BIKE,106,0.46,4.02,62.26
Rati Andra,CONTRACT,BIKE,79,0.35,4.15,72.15
Nishith Deol,FULL-TIME,BIKE,82,0.52,3.93,58.54
Rasha Sekhon,FULL-TIME,BIKE,92,0.35,4.21,72.83
Renee Verma,FULL-TIME,SCOOTER,84,0.32,4.19,71.43
Samaira Dalal,FULL-TIME,BIKE,110,0.50,3.91,60.91
Ivana Lall,CONTRACT,VAN,98,0.49,3.97,58.16
Kashvi Trivedi,FULL-TIME,VAN,85,0.42,4.01,70.59
Manjari Khurana,FULL-TIME,BIKE,121,0.47,3.98,60.33
Ivan Bali,FULL-TIME,BIKE,110,0.41,4.06,70.91
Manjari Keer,CONTRACT,BIKE,105,0.46,4.05,64.76
Shayak Aurora,CONTRACT,BIKE,85,0.47,4.03,60.00
Ira Jha,FULL-TIME,EV BIKE,102,0.41,4.05,67.65
Adira Jhaveri,CONTRACT,SCOOTER,106,0.47,3.99,65.09
Sara Gade,CONTRACT,EV BIKE,94,0.55,3.87,62.77
Kanav Bhatnagar,CONTRACT,SCOOTER,92,0.37,4.03,71.74
Vanya Chakraborty,FULL-TIME,BIKE,103,0.50,3.93,60.19
Charvi Chacko,FULL-TIME,BIKE,91,0.43,4.08,64.84
Arhaan Varma,FULL-TIME,VAN,121,0.45,4.04,63.64
Tejas Bhagat,CONTRACT,SCOOTER,114,0.54,3.94,56.14
Pranay Rege,FULL-TIME,SCOOTER,95,0.39,4.08,71.58
Chirag Rajagopal,CONTRACT,VAN,112,0.35,4.12,73.21
Kimaya Arora,FULL-TIME,BIKE,114,0.49,3.96,64.91
Darshit Krish,CONTRACT,EV BIKE,118,0.46,3.95,61.86
Krish Bedi,FULL-TIME,SCOOTER,88,0.41,3.97,69.32
Rasha Maharaj,CONTRACT,SCOOTER,86,0.53,3.88,60.47
Lakshay Kapoor,CONTRACT,BIKE,108,0.47,3.93,62.04
Vihaan Deshpande,CONTRACT,VAN,75,0.39,4.07,69.33
Purab Agrawal,FULL-TIME,VAN,116,0.37,4.01,72.41
Stuvan Bhatti,CONTRACT,SCOOTER,94,0.44,4.03,65.96
Purab Konda,CONTRACT,SCOOTER,115,0.45,3.98,64.35
Navya Bhardwaj,CONTRACT,VAN,92,0.37,4.10,71.74
Anvi Tak,FULL-TIME,VAN,106,0.52,3.90,61.32
Gatik Taneja,FULL-TIME,EV BIKE,79,0.49,3.96,60.76
Hrishita Das,FULL-TIME,EV BIKE,113,0.42,4.05,68.14
Drishya Rajagopalan,CONTRACT,VAN,94,0.48,4.00,60.64
Nakul Date,CONTRACT,VAN,115,0.41,4.04,68.70
Aarna Dube,FULL-TIME,VAN,109,0.40,4.10,66.97
Renee Borra,FULL-TIME,SCOOTER,74,0.42,4.03,67.57
Jiya Deshmukh,CONTRACT,EV BIKE,117,0.31,4.11,76.92
Dhruv Jayaraman,CONTRACT,SCOOTER,91,0.45,3.97,65.93
Badal Yohannan,CONTRACT,SCOOTER,88,0.44,3.99,64.77
Kartik Doshi,FULL-TIME,EV BIKE,121,0.44,4.03,66.12
Aaina Shenoy,CONTRACT,SCOOTER,78,0.45,4.01,62.82
Stuvan Mangat,CONTRACT,VAN,90,0.41,4.07,66.67
Mehul Tripathi,CONTRACT,BIKE,106,0.33,4.12,74.53
Fateh Venkataraman,FULL-TIME,VAN,82,0.29,4.22,74.39
Shray Randhawa,CONTRACT,VAN,90,0.40,4.02,70.00
Aarna Thaman,FULL-TIME,BIKE,74,0.41,4.06,64.86
Gatik Bahri,FULL-TIME,BIKE,111,0.45,3.96,64.86
Yakshit Bandi,FULL-TIME,VAN,102,0.34,4.16,69.61
Damini Seth,FULL-TIME,VAN,104,0.37,4.09,72.12
Taran Kumer,CONTRACT,EV BIKE,107,0.40,4.14,64.49
Ishaan Chakrabarti,CONTRACT,EV BIKE,95,0.46,3.97,65.26
Aayush Ravi,FULL-TIME,BIKE,113,0.47,3.96,61.95
Azad Vala,FULL-TIME,EV BIKE,152,0.51,3.95,59.87
Krish Hans,FULL-TIME,SCOOTER,102,0.47,4.02,64.71
Jiya Datta,CONTRACT,BIKE,114,0.43,4.02,64.04
Ivan Sridhar,FULL-TIME,BIKE,96,0.42,3.99,70.83
Faiyaz Doshi,CONTRACT,SCOOTER,116,0.52,3.99,56.03
Mannat Ramachandran,FULL-TIME,EV BIKE,93,0.43,4.06,65.59
Zara Bandi,FULL-TIME,SCOOTER,130,0.46,3.99,65.38
Vedika Chana,FULL-TIME,VAN,98,0.59,3.89,55.10
Ira Bhandari,FULL-TIME,EV BIKE,121,0.46,4.00,64.46
Fateh Thaker,CONTRACT,SCOOTER,105,0.43,4.00,68.57
Armaan Karan,CONTRACT,EV BIKE,98,0.29,4.25,76.53
Reyansh Balasubramanian,FULL-TIME,SCOOTER,91,0.58,3.85,57.14
Hansh Lalla,FULL-TIME,VAN,126,0.42,4.01,65.87
Navya Kala,FULL-TIME,SCOOTER,99,0.43,4.03,62.63
Mishti Khare,CONTRACT,BIKE,107,0.47,3.95,66.36
Hridaan Bir,CONTRACT,BIKE,130,0.45,4.00,61.54
Charvi Chowdhury,CONTRACT,VAN,113,0.39,4.06,69.91
Advika Randhawa,FULL-TIME,EV BIKE,90,0.49,3.92,61.11
Charvi Sinha,CONTRACT,EV BIKE,101,0.50,4.00,62.38
Taimur Karan,FULL-TIME,SCOOTER,81,0.43,4.05,66.67
Jayant Gara,FULL-TIME,EV BIKE,95,0.45,4.07,67.37
Jiya Agate,FULL-TIME,SCOOTER,87,0.44,4.12,64.37
Adah Dutta,CONTRACT,VAN,135,0.46,3.92,65.19
Ryan Lanka,CONTRACT,SCOOTER,95,0.40,4.09,67.37
Priyansh Sood,CONTRACT,BIKE,118,0.48,4.01,65.25
Hrishita Dhawan,CONTRACT,VAN,86,0.40,4.10,69.77
Jivin Sanghvi,FULL-TIME,SCOOTER,100,0.42,4.03,65.00
Samar Thakur,FULL-TIME,VAN,103,0.54,3.96,55.34
Gokul Gokhale,FULL-TIME,EV BIKE,91,0.37,4.10,70.33
Arnav Sehgal,CONTRACT,BIKE,99,0.39,4.10,68.69
Devansh Aurora,FULL-TIME,EV BIKE,100,0.38,4.14,67.00
Nirvaan Bhatnagar,CONTRACT,VAN,109,0.55,3.98,57.80
Ehsaan Dixit,FULL-TIME,EV BIKE,79,0.52,3.96,60.76
Pranay Kalita,CONTRACT,VAN,88,0.53,3.95,57.95
Aaina Rege,FULL-TIME,EV BIKE,118,0.42,4.03,67.80
Divyansh Dara,FULL-TIME,EV BIKE,103,0.38,4.11,69.90
Kiara Dalal,FULL-TIME,VAN,99,0.40,4.02,69.70
Jivin Ghosh,CONTRACT,EV BIKE,85,0.54,3.81,58.82
Pihu Date,FULL-TIME,BIKE,84,0.50,3.98,61.90
Hansh Bose,CONTRACT,BIKE,103,0.44,4.05,65.05
Hazel Varma,CONTRACT,SCOOTER,114,0.47,3.96,64.04
Suhana Sur,CONTRACT,SCOOTER,94,0.45,3.99,67.02
Nirvaan Dar,FULL-TIME,BIKE,114,0.36,4.11,69.30
Mishti Jhaveri,CONTRACT,SCOOTER,117,0.44,4.05,64.10
Seher Khare,FULL-TIME,EV BIKE,115,0.47,3.99,64.35
Tarini Aggarwal,CONTRACT,BIKE,99,0.44,4.02,63.64
Shamik Agrawal,FULL-TIME,SCOOTER,92,0.45,4.08,66.30
Shray Handa,CONTRACT,SCOOTER,102,0.34,4.09,71.57
Anay Bhattacharyya,CONTRACT,BIKE,95,0.46,4.04,61.05
Azad Suri,CONTRACT,SCOOTER,73,0.53,3.94,61.64
Ryan Agrawal,CONTRACT,SCOOTER,102,0.51,3.93,60.78
Stuvan Bhargava,FULL-TIME,VAN,89,0.52,3.92,58.43
Gokul Samra,CONTRACT,EV BIKE,144,0.42,4.03,70.14
Abram Majumdar,FULL-TIME,EV BIKE,96,0.52,3.95,58.33
Arnav Shere,CONTRACT,EV BIKE,119,0.52,3.93,59.66
Romil Goswami,CONTRACT,SCOOTER,102,0.48,4.00,61.76
Jayant Dada,FULL-TIME,SCOOTER,101,0.47,4.01,62.38
Siya Andra,FULL-TIME,SCOOTER,103,0.39,4.03,69.90
Aaina Samra,FULL-TIME,VAN,110,0.49,3.99,60.91
Bhamini Khanna,CONTRACT,EV BIKE,153,0.48,3.94,62.75
Heer Jani,FULL-TIME,BIKE,121,0.40,4.13,71.07
Raghav Balasubramanian,CONTRACT,VAN,89,0.43,4.05,65.17
Shalv Deep,FULL-TIME,EV BIKE,114,0.32,4.18,73.68
Bhamini Saran,FULL-TIME,EV BIKE,83,0.34,4.11,74.70
Manjari Bobal,CONTRACT,BIKE,96,0.42,4.04,67.71
Umang Dutta,CONTRACT,VAN,98,0.46,4.02,61.22
Nakul Borra,FULL-TIME,EV BIKE,96,0.34,4.07,72.92
Nitya Dyal,CONTRACT,EV BIKE,90,0.32,4.15,70.00
Kismat Ram,FULL-TIME,BIKE,86,0.56,3.85,56.98
Lavanya Saxena,FULL-TIME,BIKE,78,0.47,4.01,64.10
Kavya Mani,FULL-TIME,EV BIKE,109,0.46,3.97,65.14
Romil Acharya,CONTRACT,VAN,123,0.45,4.06,60.16
Zara Sharaf,FULL-TIME,VAN,68,0.47,3.99,67.65
Myra Ramanathan,FULL-TIME,SCOOTER,90,0.44,4.05,64.44
Abram Saraf,CONTRACT,EV BIKE,138,0.54,3.83,59.42
Reyansh Chada,FULL-TIME,BIKE,108,0.33,4.14,75.00
Kiaan Dara,CONTRACT,VAN,107,0.38,4.05,70.09
Miraan Batta,CONTRACT,SCOOTER,91,0.44,4.04,64.84
Riya Saraf,FULL-TIME,VAN,97,0.48,4.00,62.89
Lakshay Andra,FULL-TIME,VAN,99,0.53,3.87,61.62
Lavanya Ahuja,CONTRACT,SCOOTER,82,0.48,4.01,60.98
Anahi Talwar,CONTRACT,EV BIKE,110,0.43,4.02,70.00
Anika Ravi,FULL-TIME,BIKE,93,0.45,3.97,64.52
Aarush Banik,CONTRACT,EV BIKE,97,0.38,4.12,68.04
Taran Bahl,FULL-TIME,EV BIKE,119,0.34,4.12,73.95
Sara Kapur,CONTRACT,EV BIKE,106,0.48,4.03,61.32
Yasmin Bains,FULL-TIME,BIKE,95,0.36,4.08,71.58
Raunak Luthra,FULL-TIME,SCOOTER,83,0.36,4.16,73.49
Tiya Tripathi,CONTRACT,SCOOTER,81,0.51,3.95,60.49
Alia Agrawal,CONTRACT,EV BIKE,88,0.41,4.04,71.59
Lakshay Krish,FULL-TIME,BIKE,124,0.42,4.08,66.94
Shamik Vyas,FULL-TIME,SCOOTER,100,0.46,3.98,67.00
Navya Tailor,CONTRACT,BIKE,96,0.44,4.06,63.54
Mohanlal Bhargava,FULL-TIME,BIKE,131,0.53,3.92,64.12
Renee Anne,CONTRACT,EV BIKE,107,0.47,3.94,61.68
Shalv Tank,FULL-TIME,EV BIKE,114,0.37,4.08,70.18
Samiha Manda,CONTRACT,EV BIKE,104,0.40,4.09,67.31
Azad Batta,FULL-TIME,VAN,109,0.44,4.05,65.14
Kiaan Roy,FULL-TIME,VAN,104,0.45,4.04,61.54
Lagan Sankar,FULL-TIME,VAN,91,0.46,3.96,69.23
Jhanvi Bahl,FULL-TIME,SCOOTER,97,0.43,4.04,62.89
Kiara Dar,CONTRACT,SCOOTER,95,0.31,4.16,77.89
Amani Ghose,CONTRACT,BIKE,106,0.45,4.02,63.21
Vivaan Baral,FULL-TIME,BIKE,100,0.48,4.01,67.00
Shamik Chhabra,FULL-TIME,EV BIKE,106,0.38,4.08,71.70
Zoya Sodhi,FULL-TIME,VAN,93,0.59,3.79,56.99
Kaira Tailor,CONTRACT,VAN,79,0.39,4.12,64.56
Aaina Kashyap,CONTRACT,BIKE,117,0.39,4.11,67.52
Shlok Bhasin,FULL-TIME,EV BIKE,96,0.40,4.06,68.75
Sahil Lalla,CONTRACT,VAN,120,0.45,3.99,68.33
Romil Dhar,CONTRACT,SCOOTER,98,0.53,3.94,58.16
Pihu Datta,FULL-TIME,BIKE,71,0.54,3.91,64.79
Ira Khanna,CONTRACT,VAN,80,0.39,4.10,70.00
Miraan Dubey,FULL-TIME,VAN,89,0.54,3.91,59.55
Divit Mammen,CONTRACT,SCOOTER,90,0.38,4.07,71.11
Aarav Bajwa,FULL-TIME,BIKE,86,0.38,4.06,69.77
Lavanya Virk,FULL-TIME,VAN,114,0.50,3.99,58.77
Nishith Setty,CONTRACT,EV BIKE,122,0.50,3.94,61.48
Taimur Dugar,CONTRACT,SCOOTER,106,0.46,4.06,63.21
Kiaan Walla,CONTRACT,EV BIKE,125,0.42,3.99,68.00
Vardaniya Sastry,FULL-TIME,SCOOTER,93,0.47,4.03,63.44
Vihaan Brahmbhatt,FULL-TIME,SCOOTER,130,0.48,3.98,63.85
Madhav Chahal,FULL-TIME,VAN,88,0.33,4.20,72.73
Kanav Rajan,FULL-TIME,VAN,108,0.43,4.04,66.67
Charvi Mani,CONTRACT,SCOOTER,106,0.59,3.84,54.72
Nehmat Devi,FULL-TIME,SCOOTER,110,0.47,3.96,62.73
Pihu Dasgupta,FULL-TIME,VAN,115,0.43,4.02,67.83
Hrishita Warrior,CONTRACT,BIKE,97,0.39,4.05,69.07
Nirvaan Varkey,CONTRACT,BIKE,81,0.44,3.98,62.96
Mishti Atwal,CONTRACT,SCOOTER,112,0.39,4.03,68.75
Emir Bhatti,CONTRACT,VAN,70,0.39,4.03,72.86
Abram Chand,FULL-TIME,VAN,120,0.48,3.91,64.17
Jivika Mangal,CONTRACT,BIKE,125,0.34,4.13,72.00
Madhav Koshy,CONTRACT,SCOOTER,98,0.57,3.92,57.14
Yashvi Sule,FULL-TIME,EV BIKE,124,0.50,3.93,59.68
Vaibhav Khanna,CONTRACT,EV BIKE,109,0.46,3.95,64.22
Nishith Desai,CONTRACT,EV BIKE,116,0.41,4.00,68.97
Shayak Raval,CONTRACT,SCOOTER,135,0.55,3.89,58.52
Saira Bhavsar,FULL-TIME,BIKE,239,0.46,3.98,63.18
Abram Sahota,CONTRACT,VAN,93,0.45,3.99,61.29
Shamik Saxena,CONTRACT,SCOOTER,88,0.47,4.00,61.36
Indrans Varghese,CONTRACT,EV BIKE,137,0.40,4.12,66.42
Raghav Randhawa,CONTRACT,EV BIKE,98,0.55,3.86,59.18
Anahi Chander,CONTRACT,SCOOTER,92,0.52,3.93,60.87
Biju Chawla,CONTRACT,EV BIKE,104,0.48,3.96,59.62
Darshit Saha,CONTRACT,VAN,115,0.40,4.09,66.96
Indranil Raval,FULL-TIME,EV BIKE,112,0.36,4.10,73.21
Saksham Sani,CONTRACT,SCOOTER,112,0.42,4.05,66.96
Armaan Chauhan,CONTRACT,BIKE,108,0.49,4.03,61.11
Vivaan Thaker,CONTRACT,VAN,104,0.40,4.05,66.35
Kanav Sengupta,FULL-TIME,VAN,103,0.44,4.03,64.08
Urvi Thaman,CONTRACT,SCOOTER,97,0.42,4.06,68.04
Nehmat Saini,FULL-TIME,BIKE,81,0.46,4.04,65.43
Shalv Chaudhry,CONTRACT,EV BIKE,132,0.45,3.99,65.15
Amira Tailor,FULL-TIME,SCOOTER,131,0.49,3.97,61.83
Renee Badal,FULL-TIME,EV BIKE,75,0.49,3.91,61.33
Uthkarsh Sunder,CONTRACT,VAN,129,0.50,3.95,62.79
Shray Ray,CONTRACT,VAN,109,0.46,3.99,63.30
Rati Sama,CONTRACT,VAN,133,0.42,4.09,66.92
Navya Bakshi,FULL-TIME,SCOOTER,87,0.29,4.21,74.71
Samarth Chaudhry,CONTRACT,EV BIKE,134,0.46,3.91,66.42
Hansh Rama,CONTRACT,BIKE,155,0.43,4.02,65.81
Manikya Kade,CONTRACT,SCOOTER,100,0.42,3.96,65.00
Lagan Manda,FULL-TIME,EV BIKE,112,0.49,3.93,61.61
Manikya Chatterjee,FULL-TIME,VAN,90,0.47,4.00,63.33
Raghav Ganesh,FULL-TIME,EV BIKE,111,0.48,3.91,66.67
Neysa Deep,CONTRACT,BIKE,94,0.41,4.06,67.02
Indrajit Golla,FULL-TIME,BIKE,94,0.55,3.94,56.38
Biju Shanker,FULL-TIME,EV BIKE,95,0.42,4.05,66.32
Zoya Bhat,CONTRACT,BIKE,115,0.38,4.07,68.70
Prerak Kadakia,FULL-TIME,BIKE,89,0.39,4.10,70.79
Shlok Suri,FULL-TIME,VAN,131,0.40,4.04,66.41
Purab Warrior,CONTRACT,VAN,85,0.40,4.11,68.24
Zoya Master,FULL-TIME,SCOOTER,101,0.47,3.97,63.37
Aniruddh Varty,CONTRACT,BIKE,101,0.40,4.06,67.33
Ahana  Balan,FULL-TIME,SCOOTER,148,0.45,4.03,64.19
Shayak Varty,CONTRACT,SCOOTER,82,0.62,3.80,52.44
Kimaya Jani,FULL-TIME,SCOOTER,91,0.36,4.07,70.33
Advika Raj,FULL-TIME,VAN,96,0.40,4.05,68.75
Rhea Manda,FULL-TIME,VAN,104,0.50,3.91,63.46
Sahil Bedi,FULL-TIME,EV BIKE,98,0.47,3.94,63.27
Farhan Varkey,FULL-TIME,SCOOTER,138,0.45,3.97,62.32
Faiyaz Sama,FULL-TIME,VAN,90,0.38,4.02,70.00
Rati Venkatesh,FULL-TIME,SCOOTER,108,0.38,4.04,68.52
Jivika Sethi,FULL-TIME,SCOOTER,119,0.47,4.05,63.03
Lakshit Sahota,FULL-TIME,EV BIKE,95,0.39,4.09,67.37
Himmat Suresh,FULL-TIME,VAN,105,0.47,3.96,64.76
Shanaya Walla,CONTRACT,VAN,95,0.52,3.94,61.05
Jayant Chhabra,FULL-TIME,BIKE,153,0.42,4.04,67.97
Jhanvi Sachar,FULL-TIME,EV BIKE,113,0.50,3.93,61.95
Vritika Char,FULL-TIME,SCOOTER,119,0.49,3.97,60.50
Khushi Sur,CONTRACT,VAN,111,0.51,3.93,63.06
Advika Ganesan,CONTRACT,VAN,100,0.35,4.12,73.00
Shray Balan,CONTRACT,SCOOTER,128,0.45,3.99,65.63
Lakshay Vig,CONTRACT,EV BIKE,95,0.46,3.92,64.21
Mamooty Seth,FULL-TIME,BIKE,102,0.45,3.97,64.71
Navya Chopra,FULL-TIME,VAN,107,0.50,3.96,61.68
Neysa Atwal,FULL-TIME,BIKE,93,0.51,4.00,64.52
Shalv Sengupta,FULL-TIME,BIKE,129,0.46,3.93,65.89
Divit Bhattacharyya,CONTRACT,VAN,99,0.44,4.01,66.67
Lagan Baral,CONTRACT,VAN,126,0.55,3.98,54.76
Hazel Char,CONTRACT,BIKE,93,0.48,3.96,62.37
Kismat Tak,CONTRACT,SCOOTER,116,0.53,3.93,59.48
Himmat Yadav,CONTRACT,EV BIKE,108,0.43,4.03,66.67
Tejas Edwin,CONTRACT,BIKE,97,0.45,3.93,63.92
Gokul Choudhary,CONTRACT,EV BIKE,105,0.46,3.93,63.81
Shamik Varma,FULL-TIME,EV BIKE,140,0.39,4.03,70.71
Shray Gupta,FULL-TIME,VAN,118,0.41,4.14,65.25
Mohanlal Sani,CONTRACT,EV BIKE,85,0.39,4.03,70.59
Ehsaan Dhingra,CONTRACT,EV BIKE,138,0.46,4.00,63.77
Alia Sandhu,FULL-TIME,VAN,119,0.47,3.93,60.50
Veer Chacko,FULL-TIME,VAN,88,0.50,3.84,62.50
Tushar Dutt,FULL-TIME,VAN,118,0.50,3.96,61.02
Hridaan Majumdar,FULL-TIME,BIKE,99,0.56,3.85,58.59
Vidur Ramachandran,CONTRACT,EV BIKE,129,0.47,3.96,63.57
Dhanush Tailor,FULL-TIME,VAN,114,0.42,3.98,65.79
Kiaan Kata,FULL-TIME,VAN,97,0.39,4.03,71.13
Elakshi Ganguly,FULL-TIME,EV BIKE,102,0.45,3.96,64.71
Pari Bakshi,CONTRACT,SCOOTER,101,0.44,3.96,69.31
Saira Bal,CONTRACT,EV BIKE,87,0.40,4.02,67.82
Oorja Chada,FULL-TIME,SCOOTER,118,0.51,3.87,64.41
Vaibhav Bose,CONTRACT,BIKE,97,0.44,4.01,62.89
Suhana Dasgupta,FULL-TIME,SCOOTER,123,0.45,3.99,65.85
Hridaan Behl,CONTRACT,VAN,117,0.38,4.08,70.09
Heer Hayre,CONTRACT,EV BIKE,108,0.43,3.96,67.59
Anahi Sankar,FULL-TIME,BIKE,109,0.44,3.98,65.14
Ira Balay,FULL-TIME,EV BIKE,132,0.48,3.97,58.33
Emir Subramanian,CONTRACT,VAN,124,0.44,4.04,65.32
Aniruddh Chawla,FULL-TIME,SCOOTER,109,0.44,4.00,66.97
Lagan Bala,FULL-TIME,EV BIKE,234,0.47,3.96,61.97
Hrishita Wadhwa,FULL-TIME,SCOOTER,118,0.60,3.86,56.78
Divij Garde,FULL-TIME,VAN,105,0.62,3.83,56.19
Sara Srivastava,FULL-TIME,SCOOTER,112,0.53,3.93,59.82
Nitara Jhaveri,FULL-TIME,EV BIKE,88,0.38,4.06,71.59
Aarav Chaudhry,CONTRACT,SCOOTER,103,0.52,3.89,61.17
Rasha Soni,CONTRACT,VAN,109,0.53,4.01,60.55
Baiju Savant,CONTRACT,SCOOTER,123,0.54,3.85,60.98
Dhanuk Kalla,FULL-TIME,BIKE,110,0.35,4.14,69.09
Kavya Brahmbhatt,CONTRACT,SCOOTER,119,0.50,3.93,61.34
Devansh Goel,FULL-TIME,EV BIKE,83,0.39,4.04,72.29
Sara Halder,FULL-TIME,SCOOTER,106,0.52,3.92,60.38
Yakshit Sengupta,FULL-TIME,VAN,95,0.46,3.93,65.26
Drishya Thakur,FULL-TIME,BIKE,108,0.45,4.03,63.89
Himmat Kata,FULL-TIME,VAN,94,0.59,3.90,54.26
Nehmat Mannan,FULL-TIME,BIKE,131,0.54,3.92,59.54
Vardaniya Rana,CONTRACT,SCOOTER,127,0.54,3.91,57.48
Vritika Choudhury,FULL-TIME,EV BIKE,126,0.46,4.00,63.49
Damini Konda,FULL-TIME,VAN,85,0.35,4.13,70.59
Taran Dubey,CONTRACT,EV BIKE,105,0.53,3.84,60.00
Anahita Srivastava,CONTRACT,SCOOTER,90,0.49,3.94,62.22
Kiaan Shankar,CONTRACT,VAN,87,0.48,3.91,60.92
Nirvaan Sankar,FULL-TIME,BIKE,142,0.39,4.05,69.72
Aniruddh Konda,FULL-TIME,SCOOTER,117,0.30,4.17,72.65
Krish Bhagat,FULL-TIME,VAN,91,0.33,4.20,74.73
Jayan Ray,FULL-TIME,BIKE,84,0.46,4.05,63.10
Adira Raja,CONTRACT,EV BIKE,146,0.46,4.02,64.38
Hridaan Biswas,CONTRACT,SCOOTER,125,0.50,3.90,62.40
Amira Shankar,FULL-TIME,EV BIKE,114,0.38,4.09,70.18
Abram Konda,FULL-TIME,SCOOTER,82,0.40,4.03,67.07
Jivin Devan,FULL-TIME,EV BIKE,103,0.44,4.02,66.99
Bhamini Dar,FULL-TIME,VAN,97,0.54,3.97,60.82
Chirag Madan,CONTRACT,EV BIKE,93,0.52,3.98,59.14
Rania Ghose,CONTRACT,VAN,108,0.30,4.23,74.07
Mishti Sidhu,CONTRACT,BIKE,98,0.48,3.94,62.24
Vanya Kale,FULL-TIME,EV BIKE,129,0.54,3.84,58.14
Vanya Ramaswamy,CONTRACT,EV BIKE,105,0.30,4.20,76.19
Zain Guha,FULL-TIME,VAN,134,0.42,4.02,68.66
Tiya Doctor,FULL-TIME,VAN,127,0.56,3.84,59.84
Gatik Aggarwal,CONTRACT,SCOOTER,152,0.46,4.01,63.82
Jayan Mangat,CONTRACT,VAN,81,0.37,4.15,74.07
Mahika Gara,CONTRACT,BIKE,87,0.39,4.06,68.97
Madhup Edwin,CONTRACT,VAN,116,0.57,3.91,58.62
Damini Rastogi,FULL-TIME,SCOOTER,138,0.43,3.98,66.67
Bhavin Chanda,CONTRACT,BIKE,101,0.46,3.99,64.36
Mannat Hora,FULL-TIME,VAN,110,0.42,3.98,69.09
Eva Ranganathan,CONTRACT,SCOOTER,98,0.47,3.95,65.31
Hiran Ganesh,FULL-TIME,BIKE,106,0.40,4.07,66.98
Sana Konda,CONTRACT,SCOOTER,113,0.54,3.91,60.18
Jayesh Khalsa,CONTRACT,EV BIKE,121,0.50,3.91,62.81
Trisha Karnik,FULL-TIME,EV BIKE,116,0.43,4.06,66.38
Hazel Golla,FULL-TIME,BIKE,82,0.45,4.07,64.63
Samarth Sarraf,FULL-TIME,VAN,132,0.40,4.03,70.45
Uthkarsh Kunda,FULL-TIME,VAN,120,0.37,4.14,67.50
Taran Khanna,CONTRACT,SCOOTER,127,0.57,3.87,59.06
Nitya Ratti,CONTRACT,BIKE,105,0.47,3.97,64.76
Vivaan Badal,FULL-TIME,VAN,106,0.45,4.00,64.15
Abram Goyal,FULL-TIME,SCOOTER,94,0.46,4.01,65.96
Yasmin Upadhyay,FULL-TIME,VAN,108,0.41,4.10,66.67
Vidur Halder,CONTRACT,SCOOTER,84,0.32,4.19,69.05
Miraan Saxena,FULL-TIME,BIKE,99,0.33,4.16,75.76
Manjari Sehgal,CONTRACT,SCOOTER,105,0.53,3.91,60.95
Taran Dar,FULL-TIME,SCOOTER,86,0.49,3.89,62.79
Jayan Sahni,FULL-TIME,VAN,107,0.47,3.98,63.55
Emir Dave,FULL-TIME,EV BIKE,80,0.48,3.96,62.50
Lavanya Dugar,FULL-TIME,BIKE,117,0.41,4.03,68.38
Gatik Shanker,FULL-TIME,SCOOTER,139,0.45,3.99,64.03
Nirvi Khosla,CONTRACT,SCOOTER,117,0.38,4.07,69.23
Bhamini Lal,FULL-TIME,SCOOTER,104,0.38,4.12,68.27
Mohanlal Krishnan,CONTRACT,VAN,135,0.44,4.05,63.70
Adah Mangat,CONTRACT,EV BIKE,140,0.37,4.10,70.71
Romil Jhaveri,CONTRACT,SCOOTER,102,0.41,3.98,68.63
Aarush Tiwari,CONTRACT,BIKE,103,0.40,4.01,67.96
Amani Krishna,FULL-TIME,VAN,106,0.35,4.10,72.64
Samiha Bora,FULL-TIME,VAN,141,0.48,3.94,64.54
Ranbir Uppal,FULL-TIME,BIKE,124,0.47,4.00,65.32
Madhav Sridhar,FULL-TIME,VAN,112,0.42,4.10,65.18
Zain Sethi,CONTRACT,SCOOTER,113,0.46,4.01,66.37
Neysa Sastry,FULL-TIME,EV BIKE,90,0.42,3.99,64.44
Arhaan Lala,CONTRACT,VAN,127,0.44,3.96,64.57
Nitara Sethi,FULL-TIME,SCOOTER,125,0.50,4.00,62.40
Shamik Chawla,CONTRACT,VAN,94,0.33,4.13,75.53
Drishya Warrior,CONTRACT,SCOOTER,117,0.42,4.08,67.52
Manikya Upadhyay,FULL-TIME,EV BIKE,74,0.35,4.09,68.92
Saanvi Maharaj,FULL-TIME,SCOOTER,120,0.43,4.06,67.50
Baiju Krish,CONTRACT,BIKE,129,0.46,3.96,65.12
Jayesh Choudhary,FULL-TIME,SCOOTER,102,0.43,4.03,64.71
Arnav Dhaliwal,CONTRACT,SCOOTER,122,0.43,4.00,67.21
Bhavin Mahajan,CONTRACT,EV BIKE,128,0.35,4.10,70.31
Hiran Khanna,FULL-TIME,BIKE,119,0.48,3.93,63.03
Samaira Choudhry,CONTRACT,EV BIKE,92,0.60,3.88,55.43
Yasmin Dalal,CONTRACT,BIKE,114,0.53,3.94,61.40
Kavya Ramachandran,CONTRACT,SCOOTER,105,0.33,4.11,76.19
Jayesh Choudhury,FULL-TIME,EV BIKE,94,0.30,4.16,74.47
Veer Raja,CONTRACT,BIKE,121,0.35,4.16,68.60
Hazel Contractor,FULL-TIME,VAN,98,0.32,4.18,75.51
Ela Ranganathan,FULL-TIME,VAN,127,0.43,4.08,67.72
Ayesha Vyas,FULL-TIME,VAN,107,0.37,4.11,69.16
Kavya Ramanathan,FULL-TIME,VAN,118,0.58,3.84,61.02
Baiju Hans,FULL-TIME,SCOOTER,115,0.37,4.12,67.83
Priyansh Kulkarni,FULL-TIME,BIKE,110,0.50,3.96,60.00
Dishani Bahri,CONTRACT,VAN,100,0.33,4.19,72.00
Himmat Karan,CONTRACT,SCOOTER,98,0.32,4.21,73.47
Alisha Dewan,CONTRACT,SCOOTER,87,0.43,3.97,67.82
Emir Gopal,FULL-TIME,SCOOTER,103,0.49,3.92,64.08
Uthkarsh Manda,FULL-TIME,VAN,119,0.37,4.11,71.43
Mehul Biswas,CONTRACT,BIKE,121,0.57,3.86,55.37
Manikya Deol,CONTRACT,EV BIKE,114,0.54,3.98,57.02
Mishti Shere,CONTRACT,SCOOTER,106,0.44,3.98,67.92
Dharmajan Chaudhuri,FULL-TIME,BIKE,108,0.61,3.81,55.56
Tarini Gill,CONTRACT,EV BIKE,91,0.42,4.11,67.03
Dhanuk Hari,CONTRACT,EV BIKE,102,0.38,4.08,69.61
Mannat Sarin,CONTRACT,SCOOTER,134,0.49,3.90,59.70
Rania Kashyap,CONTRACT,EV BIKE,95,0.35,4.11,72.63
Aradhya Sastry,FULL-TIME,VAN,97,0.37,4.10,64.95
Uthkarsh Mahal,FULL-TIME,VAN,118,0.39,4.10,68.64
Badal Luthra,FULL-TIME,BIKE,92,0.51,3.92,64.13
Indranil Bora,FULL-TIME,SCOOTER,106,0.33,4.22,71.70
Taimur Singh,FULL-TIME,BIKE,95,0.44,4.04,67.37
Shanaya Keer,FULL-TIME,VAN,134,0.45,4.00,63.43
Vardaniya Chowdhury,CONTRACT,VAN,124,0.52,3.95,62.10
Elakshi Baral,CONTRACT,VAN,120,0.49,3.97,60.83
Bhamini Shanker,FULL-TIME,SCOOTER,116,0.40,4.05,66.38
Hrishita Raman,CONTRACT,EV BIKE,96,0.43,4.08,65.63
Adah Agarwal,CONTRACT,BIKE,103,0.50,3.94,63.11
Shlok Solanki,FULL-TIME,SCOOTER,132,0.43,3.95,66.67
Divij Kata,CONTRACT,EV BIKE,122,0.48,3.91,64.75
Indrans Rajagopal,FULL-TIME,BIKE,115,0.50,3.96,62.61
Aradhya Bala,FULL-TIME,EV BIKE,131,0.48,3.97,62.60
Inaaya  Din,FULL-TIME,BIKE,118,0.45,3.94,64.41
Miraan Biswas,FULL-TIME,SCOOTER,87,0.48,3.96,62.07
Drishya Bumb,FULL-TIME,BIKE,89,0.29,4.17,75.28
Kanav Dhar,CONTRACT,EV BIKE,132,0.42,4.03,68.18
Amira Cherian,CONTRACT,SCOOTER,124,0.45,4.02,62.90
Hazel Kant,CONTRACT,SCOOTER,99,0.44,4.00,65.66
Hansh Grover,CONTRACT,SCOOTER,110,0.42,4.03,66.36
Gatik Comar,FULL-TIME,BIKE,83,0.39,4.05,67.47
Mohanlal Kulkarni,CONTRACT,SCOOTER,109,0.27,4.15,79.82
Advika Zacharia,FULL-TIME,SCOOTER,122,0.46,3.98,61.48
Bhamini Sura,CONTRACT,EV BIKE,69,0.52,3.89,62.32
Ritvik Sanghvi,FULL-TIME,SCOOTER,88,0.52,3.95,61.36
Hrishita Raj,FULL-TIME,EV BIKE,108,0.56,3.82,59.26
Tushar Kuruvilla,CONTRACT,SCOOTER,144,0.43,4.04,67.36
Saira Seshadri,CONTRACT,SCOOTER,133,0.43,3.99,67.67
Aaryahi Bansal,FULL-TIME,SCOOTER,209,0.48,3.97,64.11
Pari Garde,CONTRACT,SCOOTER,110,0.48,3.99,61.82
Alisha Kota,FULL-TIME,SCOOTER,104,0.39,4.06,66.35
Arhaan Kala,FULL-TIME,VAN,123,0.50,3.90,59.35
Aradhya Gupta,FULL-TIME,BIKE,102,0.43,3.98,68.63
Emir Saxena,CONTRACT,BIKE,123,0.50,3.96,58.54
Nakul Ratta,CONTRACT,SCOOTER,85,0.52,4.03,61.18
Ishita Kale,FULL-TIME,BIKE,105,0.49,3.89,65.71
Kimaya Ravel,FULL-TIME,EV BIKE,102,0.39,4.07,69.61
Nirvi Bhasin,FULL-TIME,VAN,97,0.51,3.91,61.86
Anaya Sachdev,FULL-TIME,BIKE,118,0.49,3.99,61.86
Raghav Halder,CONTRACT,EV BIKE,106,0.46,3.95,65.09
Nakul Lalla,CONTRACT,VAN,129,0.52,3.86,59.69
Aayush Magar,FULL-TIME,BIKE,83,0.37,4.16,69.88
Faiyaz Vyas,CONTRACT,EV BIKE,123,0.37,4.09,72.36
Shaan Shroff,FULL-TIME,VAN,155,0.45,3.95,63.23
Kanav Edwin,CONTRACT,VAN,98,0.48,3.91,66.33
Hansh Dass,FULL-TIME,VAN,118,0.36,4.13,68.64
Ojas Shroff,FULL-TIME,BIKE,115,0.43,3.99,67.83
Lakshay Mane,FULL-TIME,BIKE,103,0.40,4.12,68.93
Zoya Bhardwaj,FULL-TIME,VAN,110,0.48,3.93,67.27
Adah Sarin,CONTRACT,EV BIKE,130,0.45,3.98,66.15
Jiya Dalal,FULL-TIME,SCOOTER,129,0.58,3.85,55.04
Veer Tata,FULL-TIME,EV BIKE,86,0.48,3.93,62.79
Saanvi Cherian,FULL-TIME,SCOOTER,110,0.58,3.88,56.36
Shlok Bora,FULL-TIME,VAN,99,0.46,3.98,65.66
Shlok Kale,CONTRACT,BIKE,95,0.37,4.03,69.47
Gatik Soni,FULL-TIME,SCOOTER,89,0.47,4.00,61.80
Vaibhav Tripathi,CONTRACT,VAN,117,0.48,4.05,64.10
Armaan Bose,FULL-TIME,EV BIKE,101,0.62,3.83,57.43
Jhanvi Sangha,CONTRACT,BIKE,107,0.36,4.15,69.16
Rania Shah,CONTRACT,SCOOTER,109,0.52,3.93,55.05
Farhan Shenoy,CONTRACT,BIKE,126,0.45,4.05,63.49
Neelofar Bhasin,FULL-TIME,EV BIKE,112,0.45,4.01,66.07
Shlok Dalal,FULL-TIME,BIKE,84,0.52,3.86,58.33
Taimur Lata,CONTRACT,EV BIKE,112,0.48,3.96,60.71
Aayush Din,FULL-TIME,SCOOTER,118,0.36,4.10,68.64
Aarush Krishnamurthy,FULL-TIME,SCOOTER,112,0.37,4.14,72.32
Samarth Varghese,FULL-TIME,BIKE,102,0.33,4.13,71.57
Gokul Sura,FULL-TIME,SCOOTER,100,0.59,3.83,60.00
Trisha Vyas,FULL-TIME,VAN,90,0.36,4.10,67.78
Piya Thaker,CONTRACT,SCOOTER,128,0.40,4.04,66.41
Lakshay Devi,CONTRACT,SCOOTER,125,0.46,3.94,64.00
Miraya Datta,FULL-TIME,EV BIKE,96,0.38,4.04,70.83
Jhanvi Loyal,FULL-TIME,EV BIKE,90,0.51,4.02,63.33
Tara Bhavsar,FULL-TIME,VAN,104,0.59,3.83,53.85
Abram Koshy,FULL-TIME,VAN,89,0.52,3.99,58.43
Kiara Brahmbhatt,FULL-TIME,VAN,92,0.43,4.02,61.96
Advik Chad,CONTRACT,VAN,101,0.53,3.88,57.43
Manjari Chaudhari,FULL-TIME,SCOOTER,111,0.32,4.08,75.68
Divij Lal,CONTRACT,BIKE,101,0.48,4.02,63.37
Suhana Dyal,FULL-TIME,VAN,119,0.45,3.95,66.39
Emir Randhawa,FULL-TIME,BIKE,161,0.47,3.91,65.84
Vritika Bala,CONTRACT,VAN,97,0.59,3.77,58.76
Ira Goyal,FULL-TIME,SCOOTER,100,0.40,4.16,68.00
Uthkarsh Chokshi,FULL-TIME,SCOOTER,108,0.38,4.13,70.37
Seher Brahmbhatt,FULL-TIME,EV BIKE,100,0.42,4.01,63.00
Devansh Kulkarni,CONTRACT,VAN,103,0.52,3.92,63.11
Abram Bahri,FULL-TIME,EV BIKE,105,0.43,3.97,68.57
Fateh Bedi,FULL-TIME,EV BIKE,128,0.52,3.87,63.28
Vihaan Bhagat,FULL-TIME,EV BIKE,127,0.49,3.92,63.78
Rania Krish,FULL-TIME,VAN,101,0.43,4.01,63.37
Shamik Saxena,FULL-TIME,BIKE,88,0.49,3.95,62.50
Himmat Rajan,FULL-TIME,VAN,85,0.52,3.83,62.35
Samaira Agrawal,CONTRACT,SCOOTER,94,0.34,4.13,72.34
Manikya Batta,FULL-TIME,SCOOTER,108,0.41,4.02,63.89
Madhav Ganguly,FULL-TIME,BIKE,111,0.62,3.76,56.76
Ehsaan Choudhury,FULL-TIME,SCOOTER,125,0.48,3.97,64.80
Bhamini Edwin,CONTRACT,VAN,97,0.46,3.98,64.95
Vanya Yohannan,FULL-TIME,BIKE,143,0.48,3.97,63.64
Kavya Goel,CONTRACT,SCOOTER,130,0.41,4.04,66.92
Miraya Sha,CONTRACT,BIKE,92,0.43,4.02,65.22
Riya Basak,CONTRACT,EV BIKE,91,0.55,3.89,60.44
Madhav Bandi,FULL-TIME,EV BIKE,89,0.45,4.02,62.92
Farhan Kala,FULL-TIME,EV BIKE,116,0.42,4.03,66.38
Abram Sant,CONTRACT,VAN,96,0.55,3.84,56.25
Prerak Chaudhari,CONTRACT,EV BIKE,132,0.45,3.97,65.91
Shayak Bedi,CONTRACT,BIKE,95,0.45,3.98,64.21
Mehul Ghosh,FULL-TIME,EV BIKE,145,0.44,3.99,67.59
Suhana Chakrabarti,CONTRACT,BIKE,123,0.43,4.02,65.04
Vidur Goyal,CONTRACT,EV BIKE,115,0.40,4.03,66.96
Vidur Khalsa,FULL-TIME,VAN,83,0.46,3.93,66.27
Bhavin Singh,CONTRACT,EV BIKE,94,0.40,4.12,64.89
Samarth Acharya,CONTRACT,BIKE,105,0.47,4.03,60.95
Nirvi Suri,CONTRACT,BIKE,88,0.36,4.10,73.86
Nishith Gour,FULL-TIME,BIKE,135,0.53,3.92,60.74
Taimur Kalla,CONTRACT,SCOOTER,104,0.47,3.95,65.38
Dhanush Bhargava,CONTRACT,EV BIKE,87,0.39,4.06,70.11
Hansh Bhatti,FULL-TIME,BIKE,92,0.49,3.95,61.96
Fateh Iyer,FULL-TIME,SCOOTER,98,0.57,3.92,56.12
Zoya Ramanathan,CONTRACT,SCOOTER,107,0.46,4.00,64.49
Misha Lata,CONTRACT,VAN,103,0.50,3.88,59.22
Charvi Raval,CONTRACT,SCOOTER,110,0.55,3.90,59.09
Aniruddh Kamdar,FULL-TIME,BIKE,106,0.44,4.03,66.04
Adira Baral,CONTRACT,BIKE,99,0.55,3.85,55.56
Ira Sachdev,FULL-TIME,BIKE,97,0.38,4.13,65.98
Vanya Khatri,CONTRACT,EV BIKE,106,0.55,3.83,57.55
Umang Ahluwalia,CONTRACT,BIKE,116,0.50,3.95,59.48
Trisha Bassi,CONTRACT,VAN,115,0.47,4.03,63.48
Renee Swaminathan,CONTRACT,VAN,72,0.47,3.97,61.11
Miraan Reddy,CONTRACT,SCOOTER,116,0.38,4.07,68.97
Nirvi Bhakta,CONTRACT,BIKE,96,0.51,3.84,63.54
Drishya Solanki,CONTRACT,BIKE,98,0.34,4.07,75.51
Madhup Raja,FULL-TIME,BIKE,129,0.47,3.94,62.02
Taran Raja,CONTRACT,BIKE,116,0.54,3.92,60.34
Heer Rao,CONTRACT,BIKE,98,0.52,3.91,60.20
Devansh Raju,CONTRACT,EV BIKE,115,0.52,3.96,56.52
Kartik Randhawa,CONTRACT,BIKE,123,0.46,4.03,63.41
Neelofar Suri,FULL-TIME,VAN,92,0.46,4.01,61.96
Shayak Raja,CONTRACT,EV BIKE,108,0.50,3.96,62.96
Rasha Cheema,CONTRACT,VAN,104,0.43,3.98,64.42
Miraya Swamy,FULL-TIME,BIKE,110,0.41,4.05,67.27
Akarsh Kuruvilla,CONTRACT,EV BIKE,77,0.42,3.95,70.13
Shray Sabharwal,CONTRACT,EV BIKE,122,0.43,3.98,66.39
Vaibhav Choudhury,FULL-TIME,VAN,96,0.44,4.03,61.46
Sara Dass,FULL-TIME,EV BIKE,114,0.55,3.86,57.89
Shlok Dhar,CONTRACT,VAN,122,0.45,4.06,64.75
Aaina Kadakia,FULL-TIME,VAN,96,0.38,4.08,67.71
Fateh Dua,FULL-TIME,SCOOTER,95,0.40,4.02,67.37
Jhanvi Ratta,FULL-TIME,SCOOTER,117,0.50,3.88,62.39
Samiha Mann,CONTRACT,VAN,118,0.51,3.89,62.71
Vritika Biswas,FULL-TIME,VAN,114,0.51,3.93,61.40
Dishani Bora,FULL-TIME,BIKE,146,0.39,4.06,70.55
Gokul Johal,CONTRACT,SCOOTER,101,0.37,4.10,69.31
Manjari Bhargava,CONTRACT,EV BIKE,110,0.40,4.07,69.09
Shanaya Gola,FULL-TIME,EV BIKE,129,0.36,4.13,72.09
Vedika Savant,FULL-TIME,BIKE,168,0.42,4.06,64.29
Nehmat Dugar,FULL-TIME,SCOOTER,123,0.45,3.98,64.23
Advika Loyal,FULL-TIME,BIKE,108,0.45,4.05,64.81
Rati Uppal,FULL-TIME,EV BIKE,105,0.47,3.96,60.95
Jayant Kumer,CONTRACT,VAN,109,0.49,3.92,66.06
Samaira Lata,CONTRACT,BIKE,105,0.40,4.12,67.62
Bhavin Sridhar,FULL-TIME,SCOOTER,109,0.45,4.01,61.47
Sahil Kannan,FULL-TIME,VAN,90,0.42,4.08,65.56
Alisha Balay,FULL-TIME,SCOOTER,144,0.49,3.95,66.67
Biju Agrawal,CONTRACT,VAN,124,0.42,4.01,65.32
Purab Raj,FULL-TIME,VAN,118,0.46,4.05,61.86
Aaryahi Raj,FULL-TIME,BIKE,82,0.41,4.03,68.29
Priyansh Rau,FULL-TIME,BIKE,113,0.46,3.99,61.95
Mohanlal Mani,FULL-TIME,BIKE,86,0.30,4.14,75.58
Raghav Ahluwalia,FULL-TIME,VAN,94,0.48,3.94,57.45
Suhana Mall,CONTRACT,VAN,114,0.39,4.06,67.54
Gokul Dutt,CONTRACT,EV BIKE,109,0.49,3.98,63.30
Jiya Bose,FULL-TIME,EV BIKE,123,0.54,3.91,60.98
Zoya Gokhale,FULL-TIME,VAN,94,0.44,4.01,64.89
Piya Dube,CONTRACT,EV BIKE,104,0.45,3.94,66.35
Vidur Rattan,FULL-TIME,VAN,99,0.40,4.11,66.67
Hrishita Bali,FULL-TIME,SCOOTER,116,0.41,4.02,64.66
Siya Sanghvi,CONTRACT,SCOOTER,107,0.49,3.99,61.68
Hansh Manda,FULL-TIME,SCOOTER,113,0.33,4.08,74.34
Darshit Borde,FULL-TIME,BIKE,97,0.43,4.04,64.95
Miraan Saran,CONTRACT,SCOOTER,114,0.40,4.07,68.42
Baiju Sachar,CONTRACT,BIKE,77,0.38,4.16,71.43
Pari Raman,CONTRACT,SCOOTER,94,0.36,4.10,74.47
Heer Sahota,CONTRACT,BIKE,119,0.46,3.99,64.71
Jivin Shankar,FULL-TIME,VAN,99,0.41,4.07,67.68
Dhruv Sama,FULL-TIME,VAN,99,0.35,4.12,69.70
Jayan Saran,CONTRACT,VAN,124,0.64,3.81,53.23
Bhamini Mane,FULL-TIME,SCOOTER,115,0.47,3.96,64.35
Siya Sandal,CONTRACT,SCOOTER,88,0.39,4.06,71.59
Ojas Majumdar,FULL-TIME,BIKE,103,0.39,4.03,70.87
Saanvi Rama,CONTRACT,VAN,83,0.43,3.98,66.27
Zoya Bhagat,CONTRACT,VAN,107,0.41,4.02,69.16
Jayant Kurian,FULL-TIME,SCOOTER,114,0.54,3.94,62.28
Madhav Mallick,FULL-TIME,SCOOTER,112,0.41,4.05,67.86
Azad Lal,CONTRACT,VAN,86,0.38,4.09,69.77
Alia Tata,FULL-TIME,EV BIKE,82,0.46,4.04,59.76
Khushi Bhakta,CONTRACT,SCOOTER,91,0.41,4.11,67.03
Nirvaan Dey,CONTRACT,SCOOTER,97,0.42,3.98,64.95
Mishti Sethi,CONTRACT,BIKE,135,0.48,4.00,63.70
Reyansh Hayre,CONTRACT,VAN,110,0.45,4.03,64.55
Nitara Ganesan,CONTRACT,SCOOTER,83,0.33,4.13,71.08
Dhanush Chandra,CONTRACT,EV BIKE,78,0.56,3.96,56.41
Vaibhav Agrawal,CONTRACT,SCOOTER,97,0.39,4.06,70.10
Indrajit Chana,CONTRACT,SCOOTER,109,0.46,4.01,64.22
Jhanvi Dyal,CONTRACT,SCOOTER,96,0.43,3.98,64.58
Arnav Solanki,CONTRACT,SCOOTER,94,0.52,3.86,60.64
Kashvi Sur,CONTRACT,EV BIKE,129,0.46,4.00,67.44
Nehmat Deshpande,FULL-TIME,BIKE,96,0.56,3.95,54.17
Samiha Handa,CONTRACT,SCOOTER,107,0.45,4.01,64.49
Nitara Jani,CONTRACT,SCOOTER,102,0.36,4.02,69.61
Dhanuk Ramachandran,FULL-TIME,VAN,112,0.46,4.01,66.07
Ojas Bhandari,CONTRACT,BIKE,89,0.49,3.98,64.04
Zara Koshy,FULL-TIME,EV BIKE,97,0.38,4.10,69.07
Tanya Sama,CONTRACT,SCOOTER,138,0.49,4.03,63.77
Saira Singhal,FULL-TIME,VAN,95,0.46,4.00,65.26
Heer Venkataraman,CONTRACT,BIKE,97,0.31,4.13,72.16
Kashvi Dhar,FULL-TIME,EV BIKE,92,0.45,4.03,67.39
Yasmin Ramaswamy,CONTRACT,SCOOTER,104,0.36,4.08,75.96
Hridaan Gara,CONTRACT,BIKE,130,0.54,3.93,63.08
Dhanush Barad,FULL-TIME,SCOOTER,121,0.49,3.90,62.81
Alia Varghese,CONTRACT,BIKE,101,0.49,3.97,63.37
Amira Deep,CONTRACT,SCOOTER,95,0.55,3.83,60.00
Manikya Tak,CONTRACT,SCOOTER,102,0.42,3.95,65.69
Madhup Ganesh,CONTRACT,BIKE,99,0.56,3.82,58.59
Akarsh Saini,CONTRACT,BIKE,136,0.37,4.05,69.12
Aaina Konda,FULL-TIME,BIKE,115,0.34,4.12,70.43
Tara Dave,CONTRACT,EV BIKE,86,0.42,4.10,65.12
Zain Deshmukh,CONTRACT,VAN,112,0.41,4.05,67.86
Jayant Rattan,CONTRACT,BIKE,86,0.38,4.04,67.44
Misha Chaudhari,FULL-TIME,VAN,124,0.43,4.06,66.13
Riaan Solanki,FULL-TIME,BIKE,99,0.38,4.07,71.72
Lakshay Zacharia,CONTRACT,VAN,113,0.55,3.88,60.18
Jivin Sani,FULL-TIME,SCOOTER,134,0.42,3.99,68.66
Kiara Dash,FULL-TIME,SCOOTER,132,0.38,4.12,67.42
Raghav Master,FULL-TIME,VAN,93,0.47,3.94,63.44
Biju Rajagopalan,CONTRACT,EV BIKE,111,0.51,3.88,60.36
Purab Chada,CONTRACT,SCOOTER,96,0.49,3.88,63.54
Tara Mannan,CONTRACT,EV BIKE,102,0.48,4.04,62.75
Aarush D’alia,CONTRACT,BIKE,91,0.46,3.95,65.93
Rhea Kapoor,FULL-TIME,SCOOTER,100,0.48,3.98,64.00
Mannat Sodhi,FULL-TIME,BIKE,110,0.42,4.07,67.27
Yashvi Sharma,CONTRACT,SCOOTER,97,0.34,4.12,71.13
Azad Thaman,CONTRACT,BIKE,113,0.40,3.98,69.03
Piya Kohli,CONTRACT,SCOOTER,85,0.34,4.14,72.94
Bhavin Boase,CONTRACT,BIKE,104,0.52,3.87,59.62
Dharmajan Wason,FULL-TIME,VAN,128,0.32,4.08,73.44
Indrajit Shroff,CONTRACT,EV BIKE,104,0.44,3.96,62.50
Rhea Balay,CONTRACT,BIKE,126,0.52,3.87,61.11
Krish Virk,CONTRACT,SCOOTER,86,0.52,3.89,59.30
Bhamini Balan,CONTRACT,EV BIKE,128,0.32,4.15,75.78
Piya Sethi,CONTRACT,SCOOTER,69,0.35,4.15,75.36
Piya Saraf,FULL-TIME,VAN,86,0.50,4.00,59.30
Armaan Sanghvi,CONTRACT,EV BIKE,121,0.52,3.96,60.33
Ivan Chhabra,FULL-TIME,VAN,124,0.49,3.95,60.48
Damini Gala,CONTRACT,EV BIKE,98,0.34,4.09,73.47
Neysa Dutt,FULL-TIME,VAN,98,0.55,3.86,59.18
Vivaan Grewal,CONTRACT,EV BIKE,119,0.36,4.13,68.91
Zain Deshpande,FULL-TIME,SCOOTER,105,0.49,3.95,60.00
Aaina Dora,CONTRACT,EV BIKE,118,0.42,4.01,71.19
Ojas Babu,CONTRACT,BIKE,105,0.50,3.94,65.71
Kismat Mammen,CONTRACT,EV BIKE,128,0.47,3.95,67.19
Tarini Saran,CONTRACT,BIKE,128,0.45,3.94,67.97
Yuvaan Kapoor,CONTRACT,BIKE,130,0.52,3.91,60.00
Indrajit Divan,FULL-TIME,EV BIKE,108,0.62,3.80,51.85
Khushi Desai,CONTRACT,EV BIKE,93,0.42,4.00,66.67
Jayan Lata,CONTRACT,VAN,146,0.37,4.11,69.86
Kimaya Lad,FULL-TIME,SCOOTER,120,0.46,3.99,63.33
Hiran Sura,CONTRACT,BIKE,130,0.54,3.92,63.08
Damini Gaba,FULL-TIME,VAN,129,0.56,3.90,58.91
Pari Gaba,FULL-TIME,BIKE,126,0.44,4.01,65.87
Kartik Bassi,CONTRACT,SCOOTER,122,0.42,4.02,70.49
Ivana Wadhwa,CONTRACT,SCOOTER,107,0.36,4.10,71.03
Umang Sarma,FULL-TIME,BIKE,92,0.43,4.01,69.57
Indrans Gera,CONTRACT,SCOOTER,146,0.42,3.97,67.81
Kismat Grewal,CONTRACT,BIKE,91,0.46,3.94,64.84
Zeeshan Chaudhuri,FULL-TIME,BIKE,106,0.40,4.07,68.87
Anahi Sahota,FULL-TIME,VAN,94,0.46,4.03,65.96
Pihu Dubey,CONTRACT,VAN,91,0.41,4.08,68.13
Reyansh Chakraborty,CONTRACT,VAN,82,0.51,3.89,60.98
Saira Mandal,CONTRACT,SCOOTER,126,0.43,4.06,66.67
Romil Seth,CONTRACT,BIKE,113,0.42,3.99,65.49
Rania Agarwal,FULL-TIME,EV BIKE,121,0.53,3.92,61.98
Ishita Deshpande,CONTRACT,EV BIKE,107,0.38,4.06,71.03
Raunak Kanda,CONTRACT,BIKE,116,0.37,4.12,70.69
Aniruddh Bali,CONTRACT,EV BIKE,105,0.50,3.95,60.00
Drishya Bhat,CONTRACT,EV BIKE,95,0.43,4.05,64.21
Urvi Mangal,CONTRACT,SCOOTER,115,0.52,3.96,61.74
Armaan Bhatnagar,CONTRACT,VAN,95,0.37,4.12,71.58
Shray Salvi,FULL-TIME,SCOOTER,118,0.44,4.01,64.41
Suhana Kar,CONTRACT,SCOOTER,100,0.40,4.05,69.00
Uthkarsh Saxena,CONTRACT,EV BIKE,115,0.37,4.05,67.83
Akarsh Devi,CONTRACT,VAN,102,0.55,3.92,59.80
Chirag Warrior,CONTRACT,BIKE,107,0.40,4.08,66.36
Taran Mall,CONTRACT,BIKE,100,0.49,3.96,62.00
Trisha Vig,FULL-TIME,SCOOTER,107,0.47,3.98,63.55
Seher Dutt,FULL-TIME,SCOOTER,98,0.48,3.95,65.31
Tara Toor,FULL-TIME,BIKE,84,0.42,4.02,66.67
Akarsh Mahal,CONTRACT,BIKE,104,0.47,3.86,66.35
Urvi Biswas,CONTRACT,EV BIKE,106,0.47,3.95,64.15
Rasha De,CONTRACT,EV BIKE,121,0.53,3.90,59.50
Rohan Mahajan,CONTRACT,VAN,99,0.53,3.91,61.62
Mannat Baria,CONTRACT,BIKE,110,0.51,3.98,62.73
Anya Chopra,FULL-TIME,BIKE,116,0.52,3.98,60.34
Romil Bedi,CONTRACT,VAN,85,0.45,3.99,65.88
Tejas Sheth,CONTRACT,SCOOTER,131,0.50,3.89,61.83
Yuvaan Bandi,CONTRACT,EV BIKE,120,0.42,4.07,68.33
Rasha Dhawan,CONTRACT,SCOOTER,108,0.46,4.02,65.74
Aarna Sood,CONTRACT,BIKE,93,0.42,4.04,68.82
Charvi Rajagopalan,FULL-TIME,VAN,128,0.49,3.88,61.72
Dhanush Shan,CONTRACT,EV BIKE,64,0.44,4.02,64.06
Aarav Dara,FULL-TIME,BIKE,90,0.50,3.88,61.11
Divit Verma,CONTRACT,EV BIKE,94,0.56,3.88,58.51
Miraya Joshi,FULL-TIME,SCOOTER,115,0.59,3.83,57.39
Samar Seshadri,CONTRACT,SCOOTER,90,0.33,4.16,73.33
Nehmat Chanda,FULL-TIME,VAN,97,0.46,4.02,63.92
Misha Bhardwaj,CONTRACT,VAN,95,0.39,4.01,69.47
Jayesh Brar,FULL-TIME,VAN,105,0.44,4.01,66.67
Ryan Tata,FULL-TIME,SCOOTER,103,0.47,3.96,64.08
Manikya Sarraf,CONTRACT,VAN,108,0.54,3.94,59.26
Lavanya Yohannan,CONTRACT,BIKE,131,0.33,4.11,71.76
Tara Mammen,FULL-TIME,EV BIKE,91,0.47,3.96,61.54
Onkar Sathe,FULL-TIME,BIKE,140,0.47,4.04,62.86
Ira Sidhu,FULL-TIME,EV BIKE,86,0.45,4.05,66.28
Sahil Varughese,FULL-TIME,EV BIKE,82,0.48,3.92,67.07
Sumer Mani,CONTRACT,VAN,89,0.62,3.73,55.06
Yasmin Barad,CONTRACT,BIKE,122,0.47,3.97,62.30
Ojas Garde,CONTRACT,BIKE,100,0.57,3.78,60.00
Eshani Date,CONTRACT,SCOOTER,138,0.37,4.09,71.01
Jivika Sekhon,CONTRACT,EV BIKE,102,0.46,4.01,63.73
Ela Iyer,FULL-TIME,EV BIKE,103,0.41,4.05,65.05
Zeeshan Dani,FULL-TIME,SCOOTER,86,0.45,4.02,62.79
Fateh Dube,FULL-TIME,VAN,111,0.44,3.96,65.77
Dhanush Saxena,FULL-TIME,SCOOTER,88,0.41,4.03,69.32
Mamooty Das,CONTRACT,BIKE,105,0.52,3.89,62.86
Ranbir Vohra,FULL-TIME,EV BIKE,117,0.49,3.97,64.10
Dishani Lala,CONTRACT,SCOOTER,94,0.31,4.20,74.47
Heer Majumdar,FULL-TIME,SCOOTER,100,0.50,3.93,58.00
Dhruv Sanghvi,FULL-TIME,SCOOTER,115,0.43,4.03,65.22
Navya Basak,CONTRACT,BIKE,101,0.48,3.95,62.38
Hiran Dada,FULL-TIME,BIKE,125,0.39,4.08,65.60
Sana Bhavsar,CONTRACT,EV BIKE,119,0.40,4.05,68.91
Ishaan Viswanathan,CONTRACT,SCOOTER,100,0.41,4.09,67.00
Devansh Krishnan,CONTRACT,SCOOTER,151,0.41,4.10,66.23
Kashvi Chokshi,FULL-TIME,SCOOTER,103,0.42,4.08,68.93
Alia Kapur,CONTRACT,BIKE,77,0.56,3.82,61.04
Saanvi Bahl,CONTRACT,BIKE,100,0.46,3.98,66.00
Pranay Kannan,FULL-TIME,BIKE,131,0.39,4.06,66.41
Taimur Basak,CONTRACT,BIKE,103,0.38,4.07,68.93
Seher Datta,CONTRACT,VAN,134,0.47,3.93,64.18
Mehul Din,CONTRACT,EV BIKE,106,0.51,3.88,61.32
Drishya Chauhan,FULL-TIME,BIKE,94,0.62,3.78,56.38
Shayak Dutt,FULL-TIME,BIKE,140,0.38,4.10,70.71
Mahika Bala,CONTRACT,EV BIKE,144,0.51,3.95,59.03
Jivin Luthra,CONTRACT,SCOOTER,104,0.47,4.06,61.54
Stuvan Mahajan,FULL-TIME,BIKE,87,0.46,4.04,64.37
Miraan Karpe,CONTRACT,EV BIKE,101,0.42,3.99,67.33
Dhanush Swamy,FULL-TIME,SCOOTER,84,0.35,4.08,70.24
Aniruddh Dyal,CONTRACT,SCOOTER,91,0.37,4.07,69.23
Vedika Hegde,CONTRACT,BIKE,100,0.49,3.95,61.00
Veer Sachar,FULL-TIME,EV BIKE,96,0.45,4.04,63.54
Zain Mandal,CONTRACT,SCOOTER,118,0.49,3.96,62.71
Navya Kar,CONTRACT,BIKE,80,0.55,3.88,60.00
Ishita Chaudhry,FULL-TIME,EV BIKE,95,0.46,3.97,65.26
Raunak Verma,FULL-TIME,BIKE,122,0.43,3.96,68.85
Stuvan Varghese,FULL-TIME,BIKE,127,0.56,3.87,59.06
Aradhya Ramesh,CONTRACT,VAN,117,0.45,3.98,65.81
Adah Agarwal,FULL-TIME,VAN,99,0.54,3.88,58.59
Akarsh Gara,CONTRACT,VAN,147,0.41,4.09,66.67
Nehmat Contractor,FULL-TIME,SCOOTER,105,0.43,3.99,65.71
Mamooty Aurora,FULL-TIME,EV BIKE,114,0.39,4.01,70.18
Divij Ray,CONTRACT,EV BIKE,114,0.48,3.91,59.65
Nitya Sethi,FULL-TIME,EV BIKE,103,0.51,3.93,64.08
Saksham Sehgal,FULL-TIME,BIKE,95,0.47,3.95,63.16
Alisha Ahluwalia,CONTRACT,EV BIKE,77,0.49,3.95,58.44
Shaan Dutta,FULL-TIME,SCOOTER,140,0.45,4.01,61.43
Tejas Majumdar,CONTRACT,SCOOTER,110,0.48,4.01,60.91
Farhan Kapur,CONTRACT,VAN,114,0.49,4.00,59.65
Aniruddh Chaudhary,CONTRACT,BIKE,118,0.61,3.82,52.54
Aayush Chada,CONTRACT,VAN,132,0.48,3.93,63.64
Yuvaan Deo,CONTRACT,BIKE,92,0.52,4.00,56.52
Heer Ghosh,FULL-TIME,EV BIKE,101,0.49,3.97,63.37
Nitya Tandon,FULL-TIME,EV BIKE,108,0.54,3.97,55.56
Romil Luthra,FULL-TIME,EV BIKE,135,0.39,4.02,68.15
Shayak Gaba,CONTRACT,BIKE,104,0.55,3.90,57.69
Ayesha Lalla,FULL-TIME,VAN,116,0.36,4.10,71.55
Fateh Mammen,CONTRACT,EV BIKE,124,0.49,3.95,66.13
Pranay Singh,CONTRACT,EV BIKE,119,0.46,4.02,63.03
Alisha Banik,FULL-TIME,SCOOTER,94,0.41,4.05,67.02
Vritika Date,FULL-TIME,BIKE,125,0.43,4.05,68.00
Miraya Zachariah,FULL-TIME,VAN,107,0.45,3.98,64.49
Samarth Basak,CONTRACT,EV BIKE,99,0.42,4.00,64.65
Mishti Bahl,CONTRACT,SCOOTER,98,0.36,4.12,71.43
Neelofar Upadhyay,CONTRACT,VAN,105,0.50,3.94,60.00
Tushar Agarwal,FULL-TIME,EV BIKE,133,0.47,3.97,61.65
Shalv Mane,FULL-TIME,EV BIKE,137,0.36,4.12,69.34
Raunak Sarna,CONTRACT,SCOOTER,113,0.54,3.87,60.18
Raunak Kar,FULL-TIME,SCOOTER,110,0.30,4.19,74.55
Vivaan Sarraf,CONTRACT,SCOOTER,79,0.46,4.05,65.82
Rhea Sen,CONTRACT,EV BIKE,76,0.49,3.97,64.47
Jivin Kanda,CONTRACT,BIKE,95,0.45,4.01,64.21
Nirvi Yadav,CONTRACT,EV BIKE,92,0.50,3.88,58.70
Krish Soni,CONTRACT,BIKE,77,0.34,4.20,70.13
Aayush Rajagopalan,FULL-TIME,SCOOTER,104,0.40,4.10,68.27
Zoya Jain,FULL-TIME,BIKE,96,0.43,4.00,65.63
Saira Gade,FULL-TIME,VAN,97,0.59,3.89,56.70
Heer Sheth,FULL-TIME,EV BIKE,68,0.54,3.81,60.29
Nayantara Deo,CONTRACT,VAN,111,0.37,4.12,71.17
Abram Brahmbhatt,FULL-TIME,SCOOTER,103,0.30,4.19,70.87
Himmat Vora,CONTRACT,SCOOTER,112,0.48,3.98,61.61
Kashvi Singh,FULL-TIME,BIKE,105,0.40,4.01,67.62
Riaan Salvi,FULL-TIME,VAN,92,0.43,4.08,64.13
Anay Rana,CONTRACT,SCOOTER,88,0.58,3.90,57.95
Yuvaan Contractor,FULL-TIME,VAN,123,0.45,4.03,65.85
Himmat Varghese,CONTRACT,SCOOTER,109,0.44,4.08,66.06
Kimaya Manne,FULL-TIME,VAN,76,0.45,4.01,63.16
Alia Rattan,CONTRACT,BIKE,117,0.44,3.99,63.25
Rasha Mane,FULL-TIME,SCOOTER,124,0.43,4.01,66.94
Mannat Deshmukh,FULL-TIME,SCOOTER,122,0.41,4.04,66.39
Dhruv Manne,CONTRACT,SCOOTER,105,0.41,4.08,68.57
Jivin Dube,FULL-TIME,VAN,113,0.42,4.10,68.14
Ayesha Baria,FULL-TIME,BIKE,94,0.40,4.05,67.02
Tarini Aggarwal,FULL-TIME,VAN,70,0.46,4.05,62.86
Ishita Mallick,FULL-TIME,EV BIKE,82,0.41,4.08,68.29
Adah Garg,FULL-TIME,BIKE,95,0.42,4.05,66.32
Taran Viswanathan,CONTRACT,VAN,124,0.42,4.00,66.13
Shray Bhalla,CONTRACT,EV BIKE,93,0.31,4.18,75.27
Seher Chad,CONTRACT,SCOOTER,90,0.43,4.02,65.56
Dhanuk Toor,FULL-TIME,SCOOTER,99,0.35,4.08,70.71
Raghav Korpal,FULL-TIME,BIKE,103,0.44,3.96,66.99
Samaira Kuruvilla,CONTRACT,SCOOTER,115,0.54,3.96,60.87
Aniruddh Rajan,CONTRACT,EV BIKE,119,0.43,4.01,68.91
Anahi Dani,CONTRACT,VAN,118,0.30,4.23,75.42
Ira Tailor,FULL-TIME,SCOOTER,111,0.40,4.04,71.17
Jivika Chatterjee,FULL-TIME,BIKE,133,0.44,3.97,67.67
Raghav Dewan,FULL-TIME,EV BIKE,110,0.37,4.07,71.82
Jayan Balasubramanian,CONTRACT,SCOOTER,103,0.38,4.04,71.84
Inaaya  Basu,FULL-TIME,VAN,87,0.51,3.99,62.07
Trisha Kamdar,FULL-TIME,VAN,96,0.42,4.08,62.50
Elakshi Acharya,CONTRACT,EV BIKE,90,0.39,4.06,71.11
Jayesh Upadhyay,FULL-TIME,VAN,112,0.38,4.10,71.43
Tanya Srivastava,FULL-TIME,VAN,96,0.40,3.96,66.67
Indrajit Batta,CONTRACT,BIKE,121,0.42,4.04,70.25
Ivana Ganesh,CONTRACT,SCOOTER,100,0.45,3.96,65.00
Oorja Grover,FULL-TIME,BIKE,127,0.46,3.95,62.99
Amira Dube,FULL-TIME,EV BIKE,111,0.50,3.94,60.36
Vaibhav Kapoor,CONTRACT,SCOOTER,81,0.56,3.83,54.32
Mahika Sane,FULL-TIME,VAN,110,0.40,4.04,70.00
Neysa Kapadia,CONTRACT,SCOOTER,115,0.51,3.88,60.87
Jiya Biswas,FULL-TIME,VAN,79,0.30,4.17,72.15
Amira Bala,CONTRACT,BIKE,101,0.44,4.00,65.35
Zara Bose,CONTRACT,BIKE,83,0.43,4.01,65.06
Yasmin Rau,FULL-TIME,VAN,118,0.51,3.96,63.56
Mehul Jayaraman,CONTRACT,EV BIKE,110,0.43,4.07,63.64
Pihu Walia,CONTRACT,VAN,103,0.50,3.94,59.22
Fateh Kota,CONTRACT,BIKE,112,0.50,3.85,63.39
Vihaan Deol,CONTRACT,BIKE,81,0.33,4.22,72.84
Keya Kala,CONTRACT,SCOOTER,77,0.43,4.06,66.23
Ela Shah,CONTRACT,EV BIKE,109,0.56,3.88,57.80
Tushar Gokhale,FULL-TIME,SCOOTER,105,0.34,4.12,71.43
Saanvi Sankar,FULL-TIME,SCOOTER,87,0.31,4.13,70.11
Mahika Lall,FULL-TIME,BIKE,113,0.45,3.94,63.72
Reyansh Swamy,CONTRACT,BIKE,97,0.33,4.10,76.29
Ivan Upadhyay,CONTRACT,VAN,87,0.41,4.00,67.82
Vihaan Sarraf,CONTRACT,EV BIKE,91,0.52,3.89,60.44
Yuvaan Dora,CONTRACT,VAN,110,0.40,4.09,68.18
Zoya Ramaswamy,CONTRACT,BIKE,89,0.44,3.91,68.54
Prisha Balasubramanian,CONTRACT,EV BIKE,93,0.44,4.03,66.67
Abram Tara,FULL-TIME,SCOOTER,112,0.39,4.12,69.64
Riaan Garg,FULL-TIME,EV BIKE,102,0.38,4.06,65.69
Khushi Bail,FULL-TIME,EV BIKE,155,0.43,4.01,67.74
Shaan Virk,FULL-TIME,VAN,87,0.51,3.86,62.07
Stuvan Bose,CONTRACT,EV BIKE,98,0.42,4.00,66.33
Jivin Dutt,CONTRACT,VAN,117,0.50,3.90,60.68
Anahita Jain,FULL-TIME,SCOOTER,92,0.43,3.94,68.48
Parinaaz Gour,CONTRACT,VAN,91,0.42,4.05,64.84
Riya Tak,CONTRACT,VAN,126,0.45,3.95,65.08
Anahi Cherian,CONTRACT,VAN,95,0.40,4.06,67.37
Adah Khatri,FULL-TIME,EV BIKE,136,0.50,3.97,61.76
Bhamini Bakshi,CONTRACT,EV BIKE,123,0.41,4.06,67.48
Yashvi Bala,FULL-TIME,VAN,142,0.58,3.82,57.04
Dishani Balay,CONTRACT,BIKE,89,0.51,3.94,58.43
Ira Shenoy,CONTRACT,EV BIKE,99,0.46,4.06,65.66
Raunak Seshadri,FULL-TIME,BIKE,123,0.51,3.88,62.60
Vihaan Johal,CONTRACT,EV BIKE,124,0.56,3.93,58.87
Ira Ranganathan,CONTRACT,EV BIKE,105,0.45,4.08,63.81
Baiju Kota,CONTRACT,EV BIKE,85,0.62,3.89,50.59
Prisha Grewal,CONTRACT,EV BIKE,90,0.40,4.09,66.67
Farhan Kuruvilla,FULL-TIME,EV BIKE,111,0.47,4.01,63.96
Neysa Gara,FULL-TIME,EV BIKE,109,0.51,3.95,61.47
Misha Ben,CONTRACT,SCOOTER,85,0.48,3.99,61.18
Mehul Kaur,CONTRACT,VAN,94,0.41,4.06,67.02
Mannat Ravi,FULL-TIME,BIKE,117,0.38,4.12,68.38
Rasha Shankar,CONTRACT,SCOOTER,111,0.39,4.09,69.37
Hazel Sura,FULL-TIME,SCOOTER,88,0.51,3.91,63.64
Jayan Dey,FULL-TIME,BIKE,159,0.50,3.99,62.26
Chirag Shroff,FULL-TIME,VAN,116,0.45,4.03,63.79
Misha Bala,CONTRACT,BIKE,123,0.47,3.94,65.04
Mannat Dutta,CONTRACT,VAN,101,0.46,4.05,63.37
Kartik Raman,FULL-TIME,VAN,92,0.37,4.11,68.48
Taimur Solanki,FULL-TIME,VAN,170,0.42,4.09,67.65
Manjari Tandon,FULL-TIME,VAN,149,0.45,4.05,65.10
Krish Rau,CONTRACT,VAN,117,0.42,4.03,70.09
Khushi Srivastava,CONTRACT,VAN,112,0.47,4.02,62.50
Alisha Gara,FULL-TIME,SCOOTER,99,0.48,3.94,61.62
Mishti Shenoy,CONTRACT,EV BIKE,81,0.36,4.18,74.07
Yakshit Gour,CONTRACT,BIKE,110,0.41,4.08,68.18
Onkar Batra,CONTRACT,VAN,91,0.47,3.94,59.34
Siya Kulkarni,FULL-TIME,VAN,110,0.50,3.97,61.82
Ayesha Bhatia,FULL-TIME,SCOOTER,92,0.52,3.92,63.04
Tanya Ganguly,CONTRACT,SCOOTER,97,0.54,3.90,59.79
Kabir Baral,CONTRACT,VAN,107,0.46,3.99,64.49
Amira Sahni,CONTRACT,SCOOTER,88,0.40,4.18,64.77
Mishti Bhalla,FULL-TIME,VAN,129,0.38,4.11,68.99
Adira Dada,CONTRACT,BIKE,116,0.42,4.02,68.10
Piya Sabharwal,CONTRACT,BIKE,91,0.46,4.09,65.93
Hazel Kaul,CONTRACT,SCOOTER,98,0.50,3.93,63.27
Ayesha Iyengar,CONTRACT,SCOOTER,99,0.43,3.91,65.66
Tarini Bali,CONTRACT,SCOOTER,98,0.43,4.07,64.29
Indranil Kurian,CONTRACT,BIKE,107,0.44,3.97,67.29
Anika Agrawal,FULL-TIME,BIKE,90,0.46,4.02,66.67
Piya Hayer,FULL-TIME,BIKE,85,0.54,3.92,58.82
Divij Karpe,FULL-TIME,VAN,99,0.38,4.08,70.71
Lagan Bhatti,FULL-TIME,SCOOTER,91,0.49,3.98,60.44
Lavanya Kuruvilla,CONTRACT,BIKE,81,0.48,3.93,64.20
Anaya Kuruvilla,FULL-TIME,SCOOTER,133,0.49,3.94,62.41
Adah Sengupta,CONTRACT,BIKE,125,0.54,3.93,56.80
Misha Solanki,CONTRACT,VAN,103,0.50,3.94,59.22
Jayan Anand,FULL-TIME,EV BIKE,88,0.33,4.23,71.59
Indrans Vohra,CONTRACT,BIKE,102,0.41,4.07,69.61
Keya Barad,CONTRACT,VAN,94,0.52,3.89,59.57
Shlok Borah,FULL-TIME,BIKE,102,0.40,4.06,68.63
Miraya Dutta,CONTRACT,VAN,107,0.43,4.13,63.55
Alisha Singhal,CONTRACT,VAN,100,0.42,4.02,66.00
Anaya Sibal,FULL-TIME,SCOOTER,106,0.53,3.87,60.38
Miraya Lalla,CONTRACT,BIKE,93,0.45,3.99,62.37
Priyansh Chada,FULL-TIME,EV BIKE,100,0.56,3.85,56.00
Vanya Wadhwa,FULL-TIME,BIKE,98,0.42,4.09,65.31
Yakshit Rana,FULL-TIME,VAN,103,0.47,3.98,66.02
Gatik Dubey,FULL-TIME,EV BIKE,119,0.27,4.25,75.63
Mohanlal Grewal,CONTRACT,SCOOTER,83,0.42,4.04,69.88
Armaan Saraf,CONTRACT,BIKE,98,0.51,3.92,62.24
Purab Dhar,CONTRACT,BIKE,102,0.48,3.99,64.71
Eshani Dutt,FULL-TIME,SCOOTER,119,0.42,4.05,64.71
Fateh Rajagopal,FULL-TIME,SCOOTER,114,0.46,3.98,64.04
Raunak Walla,CONTRACT,VAN,118,0.42,4.05,67.80
Gokul Sankaran,FULL-TIME,VAN,148,0.46,4.03,65.54
Samaira Trivedi,FULL-TIME,VAN,78,0.54,3.91,53.85
Taran Bhavsar,CONTRACT,EV BIKE,90,0.47,3.95,64.44
Vardaniya Ramanathan,CONTRACT,VAN,113,0.31,4.11,76.99
Parinaaz Sangha,FULL-TIME,VAN,118,0.46,3.96,66.10
Saira Rama,CONTRACT,EV BIKE,121,0.47,3.94,61.98
Ela Lanka,FULL-TIME,EV BIKE,119,0.47,3.93,65.55
Hiran Dutta,FULL-TIME,SCOOTER,99,0.41,4.01,68.69
Advik Master,CONTRACT,EV BIKE,90,0.53,3.90,60.00
Anay Hayer,CONTRACT,BIKE,94,0.48,3.96,61.70
Navya Vig,FULL-TIME,EV BIKE,90,0.47,3.98,62.22
Aniruddh Savant,FULL-TIME,EV BIKE,72,0.61,3.89,51.39
Jiya Chander,FULL-TIME,BIKE,106,0.47,3.98,62.26
Vedika Maharaj,CONTRACT,EV BIKE,97,0.48,3.99,63.92
Rania Kota,FULL-TIME,VAN,92,0.47,3.91,64.13
Ishaan Bahl,CONTRACT,BIKE,106,0.39,4.03,66.98
Parinaaz Iyer,FULL-TIME,SCOOTER,130,0.42,4.08,65.38
Vritika Shah,FULL-TIME,BIKE,90,0.40,4.00,63.33
Diya Butala,CONTRACT,EV BIKE,92,0.54,3.95,58.70
Ishaan Khosla,CONTRACT,VAN,124,0.40,4.02,67.74
Onkar Dayal,CONTRACT,EV BIKE,102,0.46,3.92,66.67
Akarsh Ranganathan,FULL-TIME,VAN,128,0.55,3.93,61.72
Anay Rao,FULL-TIME,VAN,102,0.45,4.02,67.65
Khushi Garg,FULL-TIME,VAN,108,0.48,3.96,63.89
Zain Bhat,CONTRACT,SCOOTER,111,0.50,3.97,61.26
Kiara Ghosh,CONTRACT,SCOOTER,76,0.42,4.00,69.74
Gatik Dayal,FULL-TIME,EV BIKE,95,0.57,3.94,52.63
Riya Sur,FULL-TIME,BIKE,97,0.39,4.04,67.01
Tara Kannan,FULL-TIME,SCOOTER,89,0.39,4.08,67.42
Arhaan Madan,CONTRACT,BIKE,72,0.46,3.91,66.67
Jivin Kale,CONTRACT,BIKE,93,0.52,3.87,61.29
Trisha Bora,CONTRACT,BIKE,104,0.30,4.22,75.00
Damini Bath,CONTRACT,SCOOTER,116,0.50,3.97,62.93
Urvi Arora,CONTRACT,BIKE,81,0.43,4.03,65.43
Kismat Borah,CONTRACT,EV BIKE,147,0.41,4.07,68.03
Indranil Dhillon,FULL-TIME,EV BIKE,130,0.40,4.03,70.00
Shray Sampath,FULL-TIME,VAN,124,0.56,3.87,57.26
Miraya Kapadia,FULL-TIME,EV BIKE,72,0.57,3.92,55.56
Dhruv Sharaf,FULL-TIME,BIKE,125,0.31,4.13,75.20
Saanvi Hora,FULL-TIME,SCOOTER,89,0.61,3.84,52.81
Pranay Ahluwalia,CONTRACT,BIKE,119,0.30,4.18,73.95
Kanav Rama,FULL-TIME,SCOOTER,85,0.46,4.03,61.18
Hansh Hayre,FULL-TIME,BIKE,123,0.53,3.86,60.16
Priyansh Iyer,FULL-TIME,SCOOTER,117,0.42,4.07,66.67
Reyansh Thaker,CONTRACT,BIKE,112,0.54,3.87,59.82
Bhavin Bhatnagar,CONTRACT,SCOOTER,132,0.49,3.95,61.36
Baiju Boase,FULL-TIME,EV BIKE,98,0.39,3.98,71.43
Shaan Bahri,CONTRACT,BIKE,92,0.37,4.13,68.48
Nitya Amble,CONTRACT,SCOOTER,93,0.53,3.91,60.22
Shalv Aggarwal,FULL-TIME,EV BIKE,73,0.42,4.03,69.86
Myra Kaul,CONTRACT,EV BIKE,112,0.34,4.19,71.43
Pihu Raja,CONTRACT,EV BIKE,95,0.45,4.05,61.05
Mishti Ramesh,CONTRACT,EV BIKE,94,0.45,4.00,63.83
Dhruv Badami,CONTRACT,SCOOTER,84,0.43,4.09,67.86
Lakshit Rajagopal,FULL-TIME,VAN,139,0.48,3.97,61.87
Miraan Bhandari,FULL-TIME,VAN,115,0.44,4.01,63.48
Lavanya Bhavsar,FULL-TIME,SCOOTER,95,0.54,3.91,54.74
Advik Kannan,CONTRACT,VAN,97,0.54,3.95,56.70
Samar Trivedi,CONTRACT,VAN,101,0.44,4.02,69.31
Aayush Babu,CONTRACT,EV BIKE,100,0.57,3.85,57.00
Riaan Chacko,CONTRACT,SCOOTER,95,0.48,3.96,61.05
Vardaniya Bhattacharyya,CONTRACT,BIKE,112,0.48,3.92,62.50
Sahil Bali,CONTRACT,EV BIKE,94,0.40,4.09,69.15
Jhanvi Comar,FULL-TIME,VAN,84,0.50,3.87,61.90
Manjari Kar,CONTRACT,SCOOTER,79,0.32,4.20,74.68
Mamooty Gala,CONTRACT,SCOOTER,89,0.43,4.10,64.04
Badal Bhat,CONTRACT,SCOOTER,106,0.42,4.02,69.81
Vivaan Bora,CONTRACT,BIKE,96,0.40,4.13,66.67
Ivana Bakshi,CONTRACT,SCOOTER,108,0.40,4.10,68.52
Pari Guha,FULL-TIME,BIKE,85,0.34,4.12,70.59
Baiju Bora,CONTRACT,BIKE,122,0.43,4.06,66.39
Saanvi Varty,FULL-TIME,EV BIKE,102,0.34,4.09,72.55
Nayantara Guha,FULL-TIME,SCOOTER,128,0.35,4.09,72.66
Vardaniya Barad,FULL-TIME,EV BIKE,77,0.49,3.95,62.34
Vihaan Zacharia,FULL-TIME,BIKE,103,0.51,3.92,65.05
Miraan Dhawan,FULL-TIME,BIKE,106,0.39,4.13,67.92
Dhanuk Kumer,CONTRACT,SCOOTER,91,0.36,4.10,69.23
Divyansh Brar,FULL-TIME,BIKE,74,0.32,4.18,72.97
Divij Dhawan,FULL-TIME,BIKE,119,0.37,4.07,70.59
Saanvi Kapadia,CONTRACT,BIKE,109,0.45,3.98,66.97
Vidur Yogi,FULL-TIME,SCOOTER,126,0.45,3.93,65.08
Lakshay Loke,CONTRACT,VAN,125,0.49,4.06,61.60
Vivaan Chaudhary,CONTRACT,SCOOTER,116,0.41,4.07,65.52
Riya Rastogi,CONTRACT,BIKE,113,0.38,4.11,69.03
Aarush Srinivas,CONTRACT,BIKE,118,0.44,3.97,66.95
Jivin Dara,CONTRACT,EV BIKE,95,0.52,3.93,61.05
Chirag Goda,CONTRACT,BIKE,98,0.43,4.01,69.39
Nakul Sura,CONTRACT,SCOOTER,89,0.34,4.10,74.16
Rohan Bumb,FULL-TIME,VAN,91,0.33,4.14,71.43
Trisha Anne,FULL-TIME,BIKE,87,0.37,4.05,70.11
Keya Lad,CONTRACT,SCOOTER,100,0.53,3.93,58.00
Neysa Kalita,CONTRACT,EV BIKE,109,0.59,3.80,55.05
Tara Garg,FULL-TIME,SCOOTER,101,0.37,4.15,66.34
Arhaan Sanghvi,FULL-TIME,VAN,98,0.39,4.08,70.41
Jivika Vora,FULL-TIME,BIKE,104,0.48,3.91,65.38
Ivana Datta,CONTRACT,SCOOTER,85,0.45,3.97,63.53
Taran Soni,FULL-TIME,EV BIKE,104,0.47,3.93,65.38
Samarth Dar,CONTRACT,BIKE,106,0.46,3.99,63.21
Ishita Madan,FULL-TIME,SCOOTER,96,0.48,3.97,62.50
Dhanush Krishna,FULL-TIME,EV BIKE,86,0.31,4.16,73.26
Aayush Rau,CONTRACT,BIKE,90,0.43,4.08,63.33
Arnav Babu,FULL-TIME,EV BIKE,107,0.52,3.98,59.81
Indrajit Bawa,CONTRACT,BIKE,91,0.57,3.82,59.34
Myra Tailor,FULL-TIME,BIKE,79,0.49,3.94,65.82
Adah Mand,CONTRACT,EV BIKE,92,0.34,4.09,72.83
Kabir Dua,CONTRACT,BIKE,86,0.38,4.08,69.77
Mishti Dar,FULL-TIME,SCOOTER,84,0.52,3.91,61.90
Tarini Saini,FULL-TIME,VAN,120,0.40,4.10,67.50
Shalv Kapadia,CONTRACT,EV BIKE,108,0.43,4.00,64.81
Divit Ahluwalia,FULL-TIME,EV BIKE,108,0.33,4.11,74.07
Oorja Bail,FULL-TIME,SCOOTER,100,0.61,3.83,52.00
Miraya Subramanian,FULL-TIME,VAN,105,0.37,4.06,68.57
Hunar Kade,CONTRACT,BIKE,80,0.46,3.95,65.00
Tarini Sarma,CONTRACT,EV BIKE,112,0.43,3.98,66.07
Eshani Aggarwal,CONTRACT,BIKE,96,0.46,3.98,64.58
Jhanvi Balan,FULL-TIME,VAN,104,0.52,3.94,61.54
Baiju Bobal,CONTRACT,EV BIKE,97,0.36,4.05,73.20
Advik Handa,FULL-TIME,BIKE,89,0.34,4.13,70.79
Vaibhav Behl,CONTRACT,VAN,122,0.48,3.93,63.11
Hiran Jha,FULL-TIME,VAN,134,0.61,3.80,55.22
Nakul Goda,FULL-TIME,SCOOTER,125,0.46,4.01,63.20
Navya Bedi,CONTRACT,EV BIKE,104,0.46,3.96,64.42
Madhav Sastry,CONTRACT,EV BIKE,105,0.52,3.88,63.81
Ranbir Sem,CONTRACT,BIKE,129,0.46,3.97,62.79
Tejas Sridhar,CONTRACT,EV BIKE,111,0.53,3.94,58.56
Taimur Chakrabarti,FULL-TIME,EV BIKE,87,0.54,3.99,60.92
Ranbir Chaudhari,FULL-TIME,EV BIKE,118,0.48,4.00,63.56
Taran Sandal,CONTRACT,EV BIKE,115,0.40,4.06,68.70
Shanaya Tank,CONTRACT,EV BIKE,80,0.45,4.08,61.25
Sana Lanka,CONTRACT,EV BIKE,108,0.42,4.07,67.59
Urvi Yohannan,FULL-TIME,BIKE,94,0.41,3.99,67.02
Sara Seshadri,FULL-TIME,SCOOTER,95,0.51,3.94,60.00
Tara Ahuja,CONTRACT,BIKE,97,0.44,4.06,67.01
Manjari Karan,FULL-TIME,VAN,79,0.28,4.22,78.48
Vardaniya Sane,CONTRACT,BIKE,104,0.55,3.85,58.65
Dishani Seth,FULL-TIME,VAN,109,0.39,4.06,68.81
Manjari Kota,FULL-TIME,SCOOTER,126,0.41,4.06,65.08
Faiyaz Magar,CONTRACT,SCOOTER,96,0.66,3.74,54.17
Ranbir Deol,FULL-TIME,EV BIKE,81,0.40,4.09,70.37
Mehul Dewan,FULL-TIME,VAN,124,0.49,4.00,64.52
Hazel Ben,CONTRACT,BIKE,112,0.50,3.97,61.61
Manjari Dhar,CONTRACT,VAN,110,0.50,3.89,65.45
Rhea Bal,FULL-TIME,EV BIKE,150,0.46,4.03,66.00
Renee Sachar,CONTRACT,VAN,131,0.35,4.05,73.28
Pranay Sule,FULL-TIME,BIKE,115,0.43,4.01,65.22
Prisha Rajan,FULL-TIME,BIKE,115,0.50,3.91,63.48
Rati Sodhi,CONTRACT,VAN,100,0.46,3.96,62.00
Kanav Sunder,CONTRACT,EV BIKE,103,0.50,3.91,61.17
Mohanlal Ramakrishnan,CONTRACT,EV BIKE,113,0.32,4.12,74.34
Vaibhav Kala,FULL-TIME,BIKE,119,0.42,4.02,66.39
Akarsh Chandran,CONTRACT,SCOOTER,94,0.43,4.05,65.96
Prisha Ram,FULL-TIME,EV BIKE,90,0.44,3.97,70.00
Shalv Subramanian,CONTRACT,BIKE,102,0.39,4.04,70.59
Anvi Uppal,CONTRACT,SCOOTER,122,0.55,3.84,59.84
Miraan Brar,CONTRACT,VAN,94,0.50,3.94,57.45
Hiran Sengupta,FULL-TIME,BIKE,128,0.43,4.08,65.63
Badal Keer,FULL-TIME,EV BIKE,91,0.48,4.00,62.64
Divyansh Gara,CONTRACT,VAN,116,0.45,4.00,64.66
Riaan Gill,FULL-TIME,SCOOTER,98,0.59,3.86,56.12
Onkar Bhagat,CONTRACT,VAN,116,0.41,4.11,68.10
Suhana Rajagopalan,CONTRACT,VAN,123,0.57,3.84,56.91
Shaan Suri,CONTRACT,BIKE,118,0.34,4.16,72.03
Miraya Deep,FULL-TIME,VAN,129,0.40,4.09,67.44
Nishith Bobal,CONTRACT,EV BIKE,82,0.38,4.06,65.85
Jayesh Choudhry,CONTRACT,VAN,89,0.43,3.96,68.54
Mannat Mahal,FULL-TIME,EV BIKE,114,0.45,4.02,62.28
Hazel Chatterjee,CONTRACT,VAN,102,0.37,4.11,70.59
Diya Hans,FULL-TIME,EV BIKE,132,0.42,4.06,66.67
Krish Dani,FULL-TIME,SCOOTER,90,0.50,3.93,62.22
Dhruv Shroff,FULL-TIME,EV BIKE,115,0.47,3.96,60.87
Saksham Bir,CONTRACT,EV BIKE,140,0.47,3.99,66.43
Yasmin Bhatia,CONTRACT,BIKE,102,0.41,4.02,66.67
Shray Upadhyay,FULL-TIME,EV BIKE,132,0.43,4.01,67.42
Madhup Yadav,FULL-TIME,EV BIKE,97,0.55,3.91,61.86
Mehul Sood,CONTRACT,EV BIKE,130,0.34,4.15,71.54
Nirvaan Amble,CONTRACT,BIKE,117,0.51,3.95,58.97
Mannat Venkatesh,FULL-TIME,SCOOTER,106,0.48,3.95,61.32
Pari Keer,FULL-TIME,SCOOTER,116,0.48,3.99,62.07
Manikya Sandal,FULL-TIME,EV BIKE,110,0.48,4.03,60.91
Dhruv Soman,FULL-TIME,BIKE,132,0.39,4.07,68.94
Purab Talwar,CONTRACT,BIKE,96,0.41,4.04,65.63
Kartik Khatri,FULL-TIME,SCOOTER,118,0.49,3.94,61.86
Ishita Chaudhry,CONTRACT,SCOOTER,105,0.47,4.00,66.67
Indrans Raj,CONTRACT,EV BIKE,99,0.42,4.03,67.68
Yasmin Bhavsar,CONTRACT,BIKE,149,0.40,4.07,68.46
Arnav Upadhyay,FULL-TIME,SCOOTER,83,0.31,4.18,73.49
Parinaaz Kalla,CONTRACT,VAN,92,0.42,4.02,67.39
Vardaniya Sethi,CONTRACT,BIKE,108,0.48,3.98,63.89
Advika Randhawa,CONTRACT,BIKE,75,0.51,4.02,58.67
Samaira Doshi,FULL-TIME,SCOOTER,111,0.44,3.99,63.96
Sana Chakrabarti,CONTRACT,EV BIKE,118,0.40,4.15,65.25
Riaan Bawa,FULL-TIME,BIKE,139,0.47,3.99,65.47
Shray Jaggi,FULL-TIME,SCOOTER,88,0.60,3.77,56.82
Rohan Chaudhari,FULL-TIME,SCOOTER,88,0.56,3.86,54.55
Zara Vasa,FULL-TIME,VAN,227,0.53,3.88,62.11
Chirag Bala,CONTRACT,VAN,99,0.55,3.92,58.59
Kavya Cherian,CONTRACT,BIKE,102,0.41,4.06,68.63
Vanya Hora,CONTRACT,EV BIKE,106,0.49,3.97,60.38
Nitya Raju,FULL-TIME,BIKE,147,0.41,4.06,67.35
Pari Sandal,CONTRACT,SCOOTER,128,0.45,3.97,67.97
Jhanvi Bhagat,CONTRACT,SCOOTER,112,0.51,3.96,63.39
Reyansh Lall,FULL-TIME,SCOOTER,134,0.38,4.07,68.66
Devansh Bhavsar,CONTRACT,EV BIKE,108,0.41,4.02,66.67
Rati Kanda,FULL-TIME,EV BIKE,143,0.44,3.99,65.03
Chirag Master,CONTRACT,EV BIKE,116,0.47,3.97,62.07
Nirvi Zachariah,CONTRACT,EV BIKE,136,0.43,4.01,67.65
Seher Raju,CONTRACT,SCOOTER,96,0.52,3.93,59.38
Mannat Bahl,FULL-TIME,EV BIKE,126,0.45,3.95,65.08
Fateh Keer,CONTRACT,BIKE,94,0.60,3.86,54.26
Anahita Bakshi,FULL-TIME,EV BIKE,103,0.37,4.08,68.93
Taimur Karnik,CONTRACT,SCOOTER,110,0.43,4.05,66.36
Nirvi Deo,CONTRACT,EV BIKE,106,0.51,3.91,60.38
Faiyaz Sampath,FULL-TIME,EV BIKE,102,0.55,3.83,62.75
Vaibhav Ranganathan,CONTRACT,EV BIKE,99,0.33,4.20,72.73
Jayant Luthra,FULL-TIME,SCOOTER,126,0.39,4.09,66.67
Kiaan Bawa,CONTRACT,VAN,107,0.52,3.87,63.55
Yasmin Raju,FULL-TIME,EV BIKE,135,0.65,3.74,51.85
Aaryahi Manne,FULL-TIME,BIKE,123,0.50,3.88,63.41
Mehul Viswanathan,FULL-TIME,VAN,86,0.47,3.91,65.12
Vidur Barad,CONTRACT,SCOOTER,113,0.35,4.04,72.57
Nitara Srivastava,CONTRACT,SCOOTER,120,0.41,4.03,70.00
Mannat Som,CONTRACT,EV BIKE,84,0.44,3.97,64.29
Eva Krish,FULL-TIME,EV BIKE,134,0.44,3.95,66.42
Madhav Shah,CONTRACT,SCOOTER,152,0.47,3.94,61.84
Zoya Chatterjee,CONTRACT,EV BIKE,109,0.50,3.92,62.39
Taran Krishnamurthy,FULL-TIME,VAN,95,0.43,4.00,67.37
Jivika D’alia,CONTRACT,EV BIKE,107,0.46,3.99,66.36
Alisha Chhabra,FULL-TIME,SCOOTER,125,0.36,4.03,73.60
Indranil Tata,CONTRACT,SCOOTER,101,0.46,4.02,66.34
Aayush Ratta,FULL-TIME,VAN,108,0.57,3.86,54.63
Pari Basak,CONTRACT,VAN,98,0.37,4.08,72.45
Saira Sahni,FULL-TIME,BIKE,141,0.45,3.98,63.83
Purab Keer,CONTRACT,SCOOTER,101,0.48,4.00,64.36
Tara Krish,FULL-TIME,SCOOTER,95,0.46,4.01,64.21
Shamik Chacko,FULL-TIME,EV BIKE,77,0.44,3.95,66.23
Aradhya Chaudhuri,CONTRACT,BIKE,132,0.48,3.92,65.15
Zoya Das,CONTRACT,BIKE,119,0.47,3.98,66.39
Samarth Bhasin,FULL-TIME,EV BIKE,140,0.48,3.97,62.14
Vedika Bath,FULL-TIME,VAN,134,0.49,3.95,61.19
Abram Sarraf,CONTRACT,SCOOTER,126,0.48,3.91,65.08
Alia Sabharwal,CONTRACT,BIKE,112,0.55,3.87,55.36
Tara Kaur,CONTRACT,SCOOTER,120,0.38,4.05,71.67
Jhanvi Acharya,CONTRACT,BIKE,139,0.45,3.92,66.19
Pari Swamy,CONTRACT,BIKE,101,0.24,4.25,80.20
Mamooty Char,CONTRACT,SCOOTER,89,0.38,4.14,65.17
Alia D’alia,FULL-TIME,EV BIKE,138,0.47,3.95,65.22
Anvi Tella,FULL-TIME,EV BIKE,104,0.53,3.93,59.62
Arnav Sachar,FULL-TIME,VAN,119,0.52,3.96,60.50
Dhanush Lanka,CONTRACT,BIKE,94,0.50,3.97,61.70
Vedika Kamdar,FULL-TIME,BIKE,99,0.47,3.96,61.62
Darshit Mandal,FULL-TIME,EV BIKE,156,0.46,3.90,64.74
Anika Lall,FULL-TIME,SCOOTER,108,0.49,3.98,63.89
Heer Chauhan,FULL-TIME,VAN,132,0.47,4.00,61.36
Taimur Goel,FULL-TIME,EV BIKE,95,0.55,3.89,61.05
Kiaan Ahluwalia,FULL-TIME,SCOOTER,105,0.39,4.06,67.62
Amira Sem,CONTRACT,EV BIKE,131,0.42,4.09,65.65
Ranbir Wason,FULL-TIME,BIKE,134,0.45,4.05,62.69
Samarth Bose,CONTRACT,EV BIKE,87,0.47,3.98,64.37
Rati Sabharwal,CONTRACT,VAN,120,0.43,4.01,69.17
Bhamini Deol,FULL-TIME,BIKE,100,0.47,3.93,62.00
Bhavin Dhar,FULL-TIME,BIKE,92,0.41,4.04,68.48
Lakshit Kata,FULL-TIME,EV BIKE,86,0.41,4.13,65.12
Yasmin Dugar,CONTRACT,EV BIKE,85,0.33,4.11,75.29
Rohan Kanda,FULL-TIME,SCOOTER,92,0.52,3.91,61.96
Madhup Chatterjee,FULL-TIME,BIKE,129,0.50,3.94,62.79
Kavya Sanghvi,FULL-TIME,SCOOTER,136,0.47,3.97,64.71
Charvi Dhingra,FULL-TIME,VAN,134,0.51,3.87,61.19
Diya Chana,CONTRACT,EV BIKE,86,0.40,4.06,67.44
Bhamini Date,FULL-TIME,EV BIKE,117,0.43,4.05,68.38
Ritvik Warrior,FULL-TIME,SCOOTER,101,0.60,3.83,57.43
Piya Anand,CONTRACT,SCOOTER,135,0.53,3.92,60.74
Adah Tak,FULL-TIME,SCOOTER,126,0.48,3.93,65.87
Nirvaan Chakrabarti,CONTRACT,SCOOTER,99,0.40,4.04,67.68
Vedika Raju,CONTRACT,BIKE,99,0.45,3.99,64.65
Ivana Sangha,CONTRACT,VAN,106,0.51,3.92,59.43
Emir Bava,CONTRACT,SCOOTER,94,0.39,4.02,69.15
Mishti Kala,CONTRACT,BIKE,117,0.42,4.05,65.81
Ishita Choudhury,FULL-TIME,VAN,148,0.42,4.01,66.89
Priyansh Chadha,FULL-TIME,BIKE,86,0.41,4.07,67.44
Kavya Konda,FULL-TIME,SCOOTER,121,0.50,3.91,61.16
Kiaan Bal,CONTRACT,SCOOTER,100,0.41,4.04,69.00
Vidur Baria,CONTRACT,SCOOTER,102,0.45,4.01,64.71
Prerak Goel,FULL-TIME,SCOOTER,98,0.43,4.03,65.31
Samarth Setty,FULL-TIME,VAN,80,0.45,4.01,68.75
Anay Shere,FULL-TIME,BIKE,88,0.51,4.00,60.23
Umang Sane,FULL-TIME,EV BIKE,137,0.55,3.86,58.39
Vaibhav Manda,FULL-TIME,SCOOTER,92,0.51,3.99,60.87
Raunak Bakshi,CONTRACT,BIKE,106,0.50,3.96,62.26
Biju Keer,FULL-TIME,SCOOTER,86,0.50,3.95,63.95
Vedika Kala,FULL-TIME,BIKE,93,0.39,4.12,70.97
Yashvi Yohannan,FULL-TIME,VAN,83,0.40,4.08,66.27
Advik Chakrabarti,FULL-TIME,EV BIKE,85,0.46,4.07,65.88
Charvi Deshmukh,FULL-TIME,VAN,219,0.40,4.07,67.58
Amira Toor,FULL-TIME,BIKE,108,0.43,4.00,64.81
Vivaan Choudhary,FULL-TIME,VAN,130,0.48,3.98,63.08
Veer Wable,FULL-TIME,SCOOTER,100,0.45,3.97,66.00
Suhana Bhakta,FULL-TIME,SCOOTER,97,0.41,3.99,70.10
Vardaniya Bir,CONTRACT,EV BIKE,96,0.43,4.02,67.71
Mohanlal Kanda,FULL-TIME,SCOOTER,98,0.52,3.99,59.18
Nirvi Thaker,CONTRACT,EV BIKE,118,0.42,4.03,70.34
Umang Dutt,CONTRACT,BIKE,130,0.45,3.99,63.08
Rasha Chandran,FULL-TIME,VAN,147,0.48,3.95,65.99
Anahita Bhagat,CONTRACT,VAN,159,0.32,4.13,76.10
Emir Batta,CONTRACT,EV BIKE,97,0.47,3.96,64.95
Shamik Chaudhari,FULL-TIME,VAN,118,0.39,4.13,67.80
Adah Guha,CONTRACT,EV BIKE,86,0.29,4.20,74.42
Saira Ganesh,FULL-TIME,BIKE,106,0.29,4.21,75.47
Purab Tailor,CONTRACT,VAN,102,0.42,4.05,63.73
Nishith Chopra,CONTRACT,EV BIKE,102,0.52,3.95,57.84
Navya Thaman,FULL-TIME,BIKE,88,0.61,3.84,56.82
Vritika Kant,CONTRACT,EV BIKE,157,0.46,4.00,62.42
Zain Babu,CONTRACT,EV BIKE,85,0.41,3.97,63.53
Onkar Thakur,FULL-TIME,VAN,92,0.50,3.96,60.87
Jivin Sem,CONTRACT,EV BIKE,93,0.38,4.03,72.04
Mehul Batra,FULL-TIME,VAN,111,0.42,4.04,64.86
Myra Jani,CONTRACT,EV BIKE,88,0.43,4.00,64.77
Prisha Ganguly,CONTRACT,EV BIKE,92,0.45,4.12,66.30
Urvi Malhotra,FULL-TIME,VAN,87,0.37,4.13,68.97
Anaya Sengupta,FULL-TIME,BIKE,133,0.50,3.96,59.40
Pranay Lata,CONTRACT,VAN,131,0.32,4.12,73.28
Heer Sachdeva,FULL-TIME,SCOOTER,97,0.44,4.01,63.92
Nirvaan Raj,FULL-TIME,EV BIKE,110,0.36,4.13,72.73
Ivana Dutta,FULL-TIME,BIKE,109,0.40,4.08,66.06
Rati Banik,CONTRACT,EV BIKE,103,0.53,3.91,61.17
Zoya Datta,CONTRACT,BIKE,115,0.52,3.88,60.87
Damini Krishnan,CONTRACT,BIKE,100,0.46,3.98,67.00
Pranay Sandal,FULL-TIME,SCOOTER,116,0.46,3.95,65.52
Amira Rana,FULL-TIME,BIKE,90,0.46,4.07,62.22
Divit Chhabra,FULL-TIME,VAN,138,0.38,4.04,68.12
Arhaan Bhalla,FULL-TIME,VAN,109,0.50,3.95,60.55
Darshit Sampath,FULL-TIME,VAN,105,0.34,4.15,72.38
Pari Sarma,CONTRACT,VAN,135,0.45,3.98,65.19
Hridaan Kala,CONTRACT,BIKE,109,0.48,3.93,64.22
Hansh Sridhar,FULL-TIME,SCOOTER,111,0.50,3.90,60.36
Emir Ben,FULL-TIME,BIKE,91,0.43,4.01,65.93
Priyansh Tara,CONTRACT,BIKE,115,0.44,3.97,67.83
Taimur Bala,FULL-TIME,SCOOTER,134,0.37,4.07,68.66
Rohan Bath,FULL-TIME,BIKE,90,0.39,4.12,70.00
Faiyaz Hora,FULL-TIME,SCOOTER,102,0.59,3.81,55.88
Armaan Talwar,CONTRACT,BIKE,110,0.45,4.00,67.27
Aayush Sanghvi,FULL-TIME,BIKE,121,0.43,4.05,68.60
Samarth Verma,CONTRACT,SCOOTER,91,0.52,3.95,61.54
Kaira Dutt,CONTRACT,VAN,98,0.43,4.06,65.31
Purab Aurora,FULL-TIME,EV BIKE,125,0.42,4.03,65.60
Mamooty Dar,FULL-TIME,EV BIKE,116,0.47,3.99,62.93
Aaryahi Barad,CONTRACT,EV BIKE,80,0.44,4.02,66.25
Samar Bakshi,FULL-TIME,EV BIKE,119,0.45,4.02,65.55
Samiha Singhal,CONTRACT,SCOOTER,98,0.52,3.86,63.27
Khushi Sarma,FULL-TIME,BIKE,119,0.48,3.97,63.03
Romil Goda,FULL-TIME,BIKE,93,0.51,4.01,60.22
Gatik Sandhu,CONTRACT,EV BIKE,110,0.43,4.03,62.73
Kiara Raman,FULL-TIME,VAN,104,0.44,3.97,64.42
Vedika Srinivasan,CONTRACT,VAN,114,0.43,4.07,67.54
Nitya Kala,CONTRACT,SCOOTER,92,0.36,4.05,69.57
Nayantara Badal,CONTRACT,BIKE,108,0.44,4.03,62.96
Alisha Ganesan,FULL-TIME,SCOOTER,111,0.59,3.83,58.56
Keya Kibe,CONTRACT,SCOOTER,104,0.50,3.90,61.54
Nayantara Upadhyay,FULL-TIME,SCOOTER,83,0.55,3.95,54.22
Taimur Singhal,CONTRACT,BIKE,93,0.45,4.01,63.44
Myra Dave,CONTRACT,EV BIKE,94,0.31,4.18,74.47
Miraya Sahni,FULL-TIME,EV BIKE,90,0.43,4.01,64.44
Dishani Chaudhari,FULL-TIME,SCOOTER,133,0.44,4.05,66.92
Mahika Shukla,CONTRACT,SCOOTER,100,0.33,4.12,74.00
Shray Khanna,FULL-TIME,BIKE,103,0.50,3.93,61.17
Rohan Kala,FULL-TIME,EV BIKE,138,0.47,3.98,65.22
Vihaan Hegde,CONTRACT,SCOOTER,136,0.39,4.08,69.12
Kaira Keer,FULL-TIME,VAN,76,0.32,4.14,71.05
Miraan Sagar,CONTRACT,EV BIKE,109,0.53,3.91,61.47
Veer Butala,CONTRACT,SCOOTER,121,0.44,4.04,63.64
Aradhya Sami,CONTRACT,SCOOTER,119,0.36,4.06,72.27
Tushar Rao,CONTRACT,EV BIKE,113,0.52,3.95,61.95
Gokul Vala,CONTRACT,VAN,76,0.39,4.06,65.79
Aarush Bains,FULL-TIME,SCOOTER,114,0.38,4.05,69.30
Inaaya  Dash,FULL-TIME,VAN,123,0.61,3.80,56.10
Ivan Sura,FULL-TIME,EV BIKE,88,0.40,4.04,68.18
Faiyaz Dutt,FULL-TIME,VAN,93,0.43,4.11,63.44
Sahil Balay,CONTRACT,BIKE,91,0.49,3.96,63.74
Romil Walla,FULL-TIME,BIKE,96,0.50,3.91,60.42
Nishith Mand,FULL-TIME,BIKE,116,0.52,3.91,58.62
Kiaan Deo,FULL-TIME,BIKE,131,0.40,4.01,67.94
Shaan Issac,FULL-TIME,BIKE,104,0.52,3.95,59.62
Drishya Bedi,CONTRACT,EV BIKE,122,0.53,3.97,57.38
Rasha Loke,FULL-TIME,EV BIKE,102,0.56,3.76,59.80
Prisha Shanker,FULL-TIME,SCOOTER,121,0.38,4.15,68.60
Dharmajan Saini,CONTRACT,EV BIKE,110,0.47,4.02,60.91
Neelofar Sharma,FULL-TIME,EV BIKE,94,0.54,3.85,59.57
Miraan Bhatti,CONTRACT,VAN,103,0.50,4.01,60.19
Aniruddh Rastogi,FULL-TIME,BIKE,91,0.37,4.10,73.63
Jivika Tiwari,FULL-TIME,VAN,113,0.43,4.02,64.60
Arhaan Sami,CONTRACT,EV BIKE,122,0.48,4.01,67.21
Dhanush Kanda,FULL-TIME,SCOOTER,105,0.55,3.91,57.14
Yakshit Chad,FULL-TIME,VAN,106,0.51,3.91,61.32
Navya Walia,FULL-TIME,BIKE,82,0.45,4.00,64.63
Nitara Kashyap,FULL-TIME,BIKE,90,0.50,3.90,58.89
Shalv Bumb,FULL-TIME,EV BIKE,95,0.41,4.09,68.42
Manikya Ghosh,CONTRACT,BIKE,125,0.40,4.05,68.80
Dishani Varughese,FULL-TIME,SCOOTER,117,0.52,3.91,58.12
Lavanya Varughese,FULL-TIME,VAN,80,0.34,4.08,72.50
Farhan Sami,CONTRACT,SCOOTER,113,0.37,4.10,69.91
Hiran Chakrabarti,CONTRACT,EV BIKE,122,0.38,4.08,70.49
Adah Wagle,CONTRACT,BIKE,119,0.39,4.10,68.91
Shamik Toor,FULL-TIME,SCOOTER,124,0.41,4.05,66.13
Alisha Krishnan,FULL-TIME,EV BIKE,84,0.42,4.05,65.48
Anay Handa,CONTRACT,EV BIKE,127,0.46,4.01,64.57
Devansh Choudhary,CONTRACT,VAN,111,0.47,4.04,62.16
Ishaan Sethi,FULL-TIME,EV BIKE,110,0.40,4.07,68.18
Suhana Shroff,FULL-TIME,EV BIKE,106,0.53,3.96,56.60
Ahana  Bhatia,FULL-TIME,BIKE,131,0.34,4.13,70.99
Emir Keer,CONTRACT,SCOOTER,131,0.44,3.97,65.65
Sumer Bhattacharyya,CONTRACT,VAN,98,0.65,3.75,50.00
Pranay Maharaj,FULL-TIME,EV BIKE,90,0.44,4.00,64.44
Advik Lad,FULL-TIME,SCOOTER,119,0.51,3.90,63.03
Aarush Dixit,CONTRACT,VAN,122,0.44,4.02,62.30
Vritika Kashyap,FULL-TIME,EV BIKE,142,0.54,3.94,59.86
Ayesha Manda,CONTRACT,EV BIKE,121,0.52,3.85,58.68
Aarav Mahajan,FULL-TIME,VAN,106,0.40,3.99,71.70
Dharmajan Saraf,FULL-TIME,VAN,88,0.39,4.14,68.18
Eva Sharaf,FULL-TIME,VAN,88,0.40,4.05,68.18
Seher Date,FULL-TIME,BIKE,119,0.47,3.96,67.23
Saira Uppal,CONTRACT,BIKE,84,0.61,3.74,51.19
Shalv Krishna,CONTRACT,VAN,124,0.47,3.98,61.29
Mehul Bhalla,CONTRACT,SCOOTER,96,0.39,4.11,66.67
Hrishita Swaminathan,FULL-TIME,VAN,134,0.46,3.98,64.18
Mahika Kara,FULL-TIME,SCOOTER,112,0.45,4.00,64.29
Taran Krishna,CONTRACT,SCOOTER,102,0.36,4.13,68.63
Nitara Setty,CONTRACT,SCOOTER,128,0.36,4.12,71.88
Keya Joshi,FULL-TIME,BIKE,136,0.47,4.02,63.24
Vidur Kapur,FULL-TIME,SCOOTER,95,0.37,4.11,70.53
Priyansh Sandal,FULL-TIME,VAN,100,0.39,4.06,67.00
Dishani Krishna,CONTRACT,VAN,95,0.39,4.08,68.42
Purab Bajaj,FULL-TIME,VAN,100,0.47,3.98,62.00
Drishya Chad,FULL-TIME,SCOOTER,142,0.44,4.05,64.79
Indrans Kala,FULL-TIME,SCOOTER,134,0.46,4.01,64.18
Devansh Kala,FULL-TIME,EV BIKE,88,0.49,3.96,60.23
Ranbir Setty,FULL-TIME,BIKE,95,0.56,3.92,55.79
Indrajit Mani,FULL-TIME,SCOOTER,79,0.46,4.00,65.82
Hrishita Kara,FULL-TIME,VAN,125,0.46,3.97,64.00
Tushar Raju,CONTRACT,SCOOTER,99,0.51,3.94,59.60
Chirag Tiwari,CONTRACT,VAN,138,0.41,4.04,68.12
Baiju Madan,FULL-TIME,SCOOTER,114,0.41,4.05,67.54
Zeeshan Subramaniam,CONTRACT,VAN,126,0.49,3.97,62.70
Miraan Talwar,CONTRACT,SCOOTER,138,0.37,4.08,68.84
Azad Verma,FULL-TIME,EV BIKE,131,0.40,4.12,64.12
Zeeshan Ghose,FULL-TIME,SCOOTER,102,0.44,3.98,64.71
Anika Goda,CONTRACT,EV BIKE,95,0.43,4.03,64.21
Anika Goswami,CONTRACT,SCOOTER,115,0.54,3.87,61.74
Alisha Chaudhuri,FULL-TIME,EV BIKE,94,0.54,3.93,60.64
Amani Thaker,CONTRACT,SCOOTER,128,0.43,4.02,65.63
Kaira Choudhry,CONTRACT,BIKE,111,0.42,4.12,66.67
Kimaya Seth,FULL-TIME,SCOOTER,107,0.59,3.86,55.14
Purab Ganesh,FULL-TIME,VAN,97,0.42,4.02,67.01
Nayantara Kalla,FULL-TIME,BIKE,95,0.51,3.92,61.05
Jivika Swaminathan,FULL-TIME,BIKE,119,0.49,3.90,64.71
Anay Venkataraman,FULL-TIME,EV BIKE,112,0.41,4.02,69.64
Ryan Maharaj,FULL-TIME,EV BIKE,106,0.48,3.97,63.21
Bhavin Agarwal,FULL-TIME,SCOOTER,110,0.41,4.05,68.18
Anahi Ahluwalia,CONTRACT,SCOOTER,80,0.36,4.07,68.75
Ivan Raman,CONTRACT,VAN,75,0.51,3.86,62.67
Riaan Vala,FULL-TIME,SCOOTER,101,0.45,4.03,64.36
Kiaan Babu,FULL-TIME,EV BIKE,105,0.45,4.05,62.86
Vidur Thaker,CONTRACT,EV BIKE,109,0.46,3.93,62.39
Keya Thaman,CONTRACT,SCOOTER,111,0.48,3.97,61.26
Anvi Wason,FULL-TIME,BIKE,129,0.37,4.11,69.77
Shanaya Handa,FULL-TIME,BIKE,124,0.43,3.99,67.74
Divyansh Baria,CONTRACT,EV BIKE,92,0.39,4.10,71.74
Anika Wason,CONTRACT,VAN,138,0.47,3.94,63.04
Nirvi Manne,FULL-TIME,BIKE,111,0.45,3.95,63.96
Shamik Sinha,FULL-TIME,BIKE,109,0.50,3.91,62.39
Vivaan Seth,FULL-TIME,BIKE,152,0.55,3.85,57.24
Romil Singh,FULL-TIME,VAN,135,0.53,3.92,60.74
Aarush Madan,CONTRACT,SCOOTER,212,0.46,3.97,65.57
Seher Madan,FULL-TIME,VAN,112,0.53,3.91,58.93
Miraya Sachdeva,FULL-TIME,VAN,99,0.39,4.18,65.66
Fateh Sandal,FULL-TIME,SCOOTER,113,0.35,4.11,72.57
Romil Mandal,FULL-TIME,VAN,143,0.52,3.95,60.14
Hansh Mangat,CONTRACT,VAN,90,0.43,4.01,66.67
Vanya Ben,CONTRACT,BIKE,75,0.29,4.17,76.00
Jayesh Saraf,FULL-TIME,EV BIKE,97,0.52,3.89,58.76
Badal Ramaswamy,FULL-TIME,SCOOTER,108,0.39,4.12,68.52
Shalv Tara,FULL-TIME,EV BIKE,129,0.47,4.02,62.02
Indranil Korpal,CONTRACT,SCOOTER,105,0.51,3.90,60.95
Nitya Kala,CONTRACT,VAN,83,0.57,3.80,55.42
Bhamini Hans,CONTRACT,VAN,223,0.48,3.93,61.88
Adira Koshy,CONTRACT,EV BIKE,103,0.52,3.93,59.22
Yashvi Kurian,CONTRACT,VAN,105,0.44,3.90,65.71
Kashvi Sem,FULL-TIME,EV BIKE,112,0.48,3.89,63.39
Abram Dave,FULL-TIME,EV BIKE,124,0.46,3.98,61.29
Mahika Deep,FULL-TIME,EV BIKE,96,0.43,4.10,65.63
Shamik Das,FULL-TIME,VAN,66,0.26,4.20,77.27
Pihu Sehgal,FULL-TIME,BIKE,140,0.41,4.07,70.71
Taimur Khalsa,CONTRACT,BIKE,117,0.56,3.93,55.56
Zoya Jaggi,FULL-TIME,EV BIKE,110,0.50,3.91,61.82
Sahil Sheth,CONTRACT,SCOOTER,97,0.40,4.05,69.07
Biju Bhalla,FULL-TIME,VAN,94,0.38,4.08,71.28
Samaira Sibal,CONTRACT,VAN,106,0.42,4.08,66.04
Dhruv Seth,FULL-TIME,VAN,80,0.44,3.99,67.50
Siya Sheth,FULL-TIME,EV BIKE,94,0.26,4.20,79.79
Kismat Gokhale,CONTRACT,VAN,105,0.37,4.11,70.48
Vanya Sen,FULL-TIME,VAN,118,0.58,3.88,55.08
Sana Chana,CONTRACT,EV BIKE,163,0.37,4.06,69.33
Kismat Roy,FULL-TIME,BIKE,121,0.40,4.06,70.25
Diya Savant,FULL-TIME,VAN,101,0.38,4.06,73.27
Damini Karan,FULL-TIME,SCOOTER,123,0.41,4.00,66.67
Rohan Goswami,FULL-TIME,EV BIKE,116,0.35,4.08,71.55
Rati Solanki,FULL-TIME,VAN,124,0.56,3.86,57.26
Anaya Kaur,CONTRACT,EV BIKE,119,0.42,4.04,66.39
Anahita Venkataraman,CONTRACT,SCOOTER,78,0.56,3.88,55.13
Anvi Kade,CONTRACT,VAN,119,0.42,4.03,67.23
Renee Sani,FULL-TIME,VAN,101,0.44,4.01,65.35
Kartik Bahri,FULL-TIME,SCOOTER,93,0.39,4.11,70.97
Divij Sodhi,FULL-TIME,BIKE,77,0.42,4.06,64.94
Diya Gade,CONTRACT,SCOOTER,149,0.36,4.07,71.81
Saksham Varkey,CONTRACT,SCOOTER,84,0.36,4.16,70.24
Urvi Sahni,CONTRACT,VAN,122,0.45,4.01,59.84
Trisha Setty,FULL-TIME,BIKE,127,0.46,3.99,65.35
Ivana Vyas,CONTRACT,VAN,149,0.41,4.05,71.14
Biju Seth,FULL-TIME,SCOOTER,114,0.52,3.96,63.16
Kashvi Krishna,FULL-TIME,SCOOTER,126,0.44,4.04,64.29
Alisha Bhakta,FULL-TIME,EV BIKE,104,0.40,4.03,65.38
Ayesha Sharma,FULL-TIME,EV BIKE,172,0.45,4.00,65.12
Adah Iyengar,CONTRACT,BIKE,95,0.59,3.87,51.58
Siya Mahajan,FULL-TIME,EV BIKE,108,0.37,4.12,68.52
Vaibhav Gala,FULL-TIME,VAN,138,0.38,4.12,68.84
Adira Dhillon,FULL-TIME,BIKE,158,0.44,3.95,65.82
Shayak Saran,CONTRACT,EV BIKE,101,0.36,4.10,71.29
Dhanush Thakur,FULL-TIME,BIKE,106,0.57,3.91,56.60
Lakshit Lad,FULL-TIME,VAN,82,0.38,4.20,65.85
Samaira Kanda,CONTRACT,VAN,92,0.58,3.78,60.87
Aarush Baral,CONTRACT,VAN,102,0.51,3.94,58.82
Shray Srinivas,CONTRACT,SCOOTER,91,0.48,3.90,63.74
Hazel Raman,CONTRACT,SCOOTER,87,0.37,4.10,67.82
Myra Yohannan,CONTRACT,BIKE,118,0.42,3.98,66.95
Bhavin Saini,CONTRACT,BIKE,92,0.41,4.03,68.48
Sumer Rastogi,FULL-TIME,SCOOTER,106,0.42,4.06,66.04
Anvi Contractor,FULL-TIME,BIKE,115,0.42,4.03,64.35
Prisha Kunda,CONTRACT,SCOOTER,99,0.41,4.03,64.65
Zaina Varty,CONTRACT,EV BIKE,67,0.52,3.96,59.70
Suhana Kaur,CONTRACT,EV BIKE,106,0.40,4.03,64.15
Miraya Dhillon,FULL-TIME,SCOOTER,112,0.50,3.92,66.07
Hrishita Sandhu,CONTRACT,VAN,112,0.43,4.02,65.18
Jiya Dasgupta,CONTRACT,SCOOTER,103,0.48,4.01,62.14
Hridaan Kanda,CONTRACT,VAN,109,0.49,4.00,65.14
Indranil Rastogi,CONTRACT,BIKE,91,0.53,3.96,56.04
Hrishita Divan,CONTRACT,EV BIKE,123,0.48,3.92,65.04
Dharmajan Kashyap,CONTRACT,BIKE,106,0.38,4.03,68.87
Darshit Dada,CONTRACT,EV BIKE,96,0.38,4.18,67.71
Armaan Kale,FULL-TIME,VAN,121,0.45,4.04,66.12
Mahika Dutt,CONTRACT,EV BIKE,138,0.38,4.04,67.39
Alisha Bhat,CONTRACT,SCOOTER,83,0.46,4.03,60.24
Arnav Sodhi,FULL-TIME,VAN,92,0.42,4.04,64.13
Nitara Balay,FULL-TIME,BIKE,110,0.43,4.00,65.45
Manjari Rajagopalan,FULL-TIME,VAN,118,0.58,3.84,57.63
Uthkarsh Shere,FULL-TIME,SCOOTER,111,0.52,3.96,56.76
Sahil Garde,CONTRACT,SCOOTER,86,0.52,3.96,59.30
Mahika Tiwari,FULL-TIME,BIKE,113,0.43,4.07,63.72
Miraya Bhattacharyya,CONTRACT,BIKE,111,0.46,3.92,62.16
Tarini Ahuja,FULL-TIME,SCOOTER,141,0.46,4.03,65.25
Dharmajan Shanker,CONTRACT,SCOOTER,130,0.43,4.02,66.15
Riya Srivastava,CONTRACT,SCOOTER,89,0.54,3.87,59.55
Samarth Jha,CONTRACT,BIKE,120,0.42,4.02,69.17
Drishya Tank,CONTRACT,BIKE,86,0.41,4.04,68.60
Yuvraj  Char,FULL-TIME,EV BIKE,117,0.33,4.15,70.94
Dharmajan Sodhi,FULL-TIME,SCOOTER,116,0.37,4.08,69.83
Pari Arya,FULL-TIME,VAN,129,0.43,3.99,65.89
Nehmat Venkatesh,FULL-TIME,SCOOTER,113,0.40,4.03,65.49
Oorja Dugar,FULL-TIME,VAN,115,0.43,4.00,66.09
Neelofar Thaker,CONTRACT,SCOOTER,102,0.58,3.86,54.90
Mannat Ramakrishnan,CONTRACT,VAN,101,0.41,4.07,67.33
Aayush Lalla,CONTRACT,VAN,89,0.31,4.17,74.16
Neelofar Kuruvilla,CONTRACT,BIKE,83,0.49,4.02,62.65
Keya Choudhary,FULL-TIME,VAN,113,0.54,3.95,59.29
Taran Ghose,CONTRACT,SCOOTER,107,0.46,4.03,60.75
Siya Choudhary,CONTRACT,VAN,76,0.43,4.08,64.47
Anahi Choudhury,CONTRACT,EV BIKE,109,0.36,4.16,68.81
Aaryahi Sanghvi,CONTRACT,SCOOTER,119,0.39,4.03,68.91
Vedika Kapadia,FULL-TIME,VAN,139,0.56,3.88,60.43
Shalv Lall,FULL-TIME,BIKE,141,0.40,4.05,71.63
Vivaan Ramaswamy,FULL-TIME,SCOOTER,105,0.39,4.03,66.67
Jivika Manne,CONTRACT,SCOOTER,107,0.45,3.96,68.22
Neelofar Sama,FULL-TIME,SCOOTER,87,0.52,3.98,58.62
Indrans Kohli,CONTRACT,SCOOTER,82,0.49,4.01,62.20
Indrajit Shere,CONTRACT,BIKE,83,0.46,4.09,65.06
Tushar Gara,FULL-TIME,VAN,93,0.44,4.06,65.59
Badal Dhawan,FULL-TIME,EV BIKE,106,0.42,4.09,65.09
Nakul Arora,CONTRACT,VAN,145,0.39,4.15,68.28
Parinaaz Khanna,FULL-TIME,VAN,83,0.42,4.08,67.47
Indranil Barman,CONTRACT,VAN,79,0.41,4.05,68.35
Lakshay Krishnan,CONTRACT,SCOOTER,90,0.39,4.00,71.11
Adah Samra,FULL-TIME,BIKE,139,0.30,4.14,76.98
Kimaya Kurian,CONTRACT,EV BIKE,104,0.35,4.21,73.08
Darshit Karpe,CONTRACT,BIKE,106,0.41,4.09,68.87
Ayesha Barad,FULL-TIME,VAN,125,0.42,4.01,66.40
Nayantara Dash,FULL-TIME,SCOOTER,85,0.41,4.09,67.06
Nakul Issac,CONTRACT,BIKE,79,0.51,3.89,62.03
Shalv Varghese,FULL-TIME,SCOOTER,91,0.60,3.79,56.04
Sara Batta,CONTRACT,EV BIKE,125,0.54,3.92,60.80
Trisha Mandal,FULL-TIME,EV BIKE,132,0.48,4.00,61.36
Saira Ramakrishnan,FULL-TIME,SCOOTER,120,0.48,3.98,64.17
Yashvi Dash,FULL-TIME,VAN,158,0.52,3.94,59.49
Dhanush Bhatnagar,CONTRACT,EV BIKE,126,0.45,3.99,65.87
Zeeshan Suresh,CONTRACT,SCOOTER,133,0.37,4.07,67.67
Yakshit Sood,FULL-TIME,EV BIKE,154,0.44,4.06,66.88
Baiju Sur,FULL-TIME,EV BIKE,80,0.39,4.15,67.50
Darshit Sibal,FULL-TIME,VAN,81,0.35,4.08,71.60
Faiyaz Karnik,FULL-TIME,BIKE,100,0.50,3.93,60.00
Pari Krish,CONTRACT,VAN,117,0.50,3.89,62.39
Rania Jayaraman,FULL-TIME,EV BIKE,116,0.52,3.96,58.62
Nirvaan Gopal,FULL-TIME,EV BIKE,85,0.49,3.96,60.00
Oorja Sampath,CONTRACT,VAN,87,0.46,4.02,64.37
Umang Grover,FULL-TIME,SCOOTER,97,0.38,4.01,70.10
Pihu Sem,CONTRACT,BIKE,102,0.46,3.98,67.65
Alia Wadhwa,FULL-TIME,SCOOTER,94,0.37,4.13,67.02
Ranbir Biswas,CONTRACT,SCOOTER,142,0.39,4.09,67.61
Kaira Hari,CONTRACT,SCOOTER,103,0.46,3.98,63.11
Ira Gera,CONTRACT,BIKE,130,0.45,3.97,67.69
Myra Agrawal,FULL-TIME,BIKE,91,0.32,4.12,73.63
Lavanya Majumdar,FULL-TIME,EV BIKE,106,0.36,4.12,67.92
Aaina Dewan,FULL-TIME,SCOOTER,82,0.51,3.93,60.98
Ehsaan Rau,CONTRACT,VAN,96,0.52,3.95,60.42
Jivika Anand,FULL-TIME,VAN,97,0.40,4.04,67.01
Mahika Bhakta,FULL-TIME,VAN,91,0.46,4.03,65.93
Shayak Tailor,CONTRACT,SCOOTER,96,0.49,3.94,61.46
Pari Sidhu,CONTRACT,SCOOTER,77,0.55,3.82,61.04
Azad Lala,FULL-TIME,EV BIKE,86,0.50,3.93,59.30
Aradhya Bandi,CONTRACT,BIKE,118,0.41,4.10,69.49
Adira Bumb,FULL-TIME,VAN,124,0.48,3.96,64.52
Rati Sarkar,CONTRACT,EV BIKE,115,0.30,4.22,77.39
Raunak Gandhi,CONTRACT,SCOOTER,109,0.47,4.02,61.47
Adira Kakar,FULL-TIME,VAN,95,0.54,3.85,58.95
Hansh Sibal,FULL-TIME,EV BIKE,92,0.52,3.88,61.96
Nirvi Dasgupta,FULL-TIME,BIKE,86,0.36,4.10,70.93
Lavanya Gokhale,FULL-TIME,EV BIKE,104,0.45,3.96,69.23
Urvi Salvi,FULL-TIME,BIKE,125,0.42,4.08,65.60
Kartik Walia,FULL-TIME,SCOOTER,126,0.44,4.00,63.49
Kismat Dave,FULL-TIME,SCOOTER,107,0.36,4.05,71.03
Miraya Lad,FULL-TIME,SCOOTER,73,0.45,4.05,64.38
Jayant Shan,FULL-TIME,BIKE,99,0.46,4.01,66.67
Riya Acharya,FULL-TIME,VAN,100,0.51,3.89,60.00
Jayant Bawa,FULL-TIME,SCOOTER,127,0.54,3.86,60.63
Prisha Chaudhary,FULL-TIME,BIKE,126,0.52,3.88,63.49
Jiya Chadha,FULL-TIME,VAN,100,0.54,3.85,59.00
Akarsh Kamdar,FULL-TIME,VAN,89,0.48,3.99,59.55
Nehmat Tata,FULL-TIME,BIKE,108,0.34,4.10,73.15
Priyansh Sem,CONTRACT,BIKE,120,0.45,3.99,65.00
Romil Sangha,CONTRACT,BIKE,123,0.37,4.15,66.67
Suhana Butala,FULL-TIME,VAN,109,0.50,3.94,62.39
Rohan Rout,FULL-TIME,EV BIKE,103,0.47,4.01,61.17
Nirvaan Ram,FULL-TIME,EV BIKE,130,0.52,3.90,60.00
Jayan Hora,FULL-TIME,SCOOTER,92,0.49,3.99,60.87
Ivana Basak,FULL-TIME,EV BIKE,126,0.48,3.97,64.29
Anya Mallick,FULL-TIME,VAN,104,0.52,3.94,58.65
Suhana Grover,FULL-TIME,SCOOTER,108,0.43,3.96,68.52
Yuvraj  Issac,CONTRACT,VAN,82,0.48,3.90,60.98
Hansh Kamdar,FULL-TIME,EV BIKE,119,0.47,3.97,66.39
Seher Sane,CONTRACT,EV BIKE,97,0.55,3.92,59.79
Eshani Sani,CONTRACT,BIKE,70,0.47,3.92,64.29
Saira Sha,CONTRACT,EV BIKE,107,0.39,4.13,69.16
Tarini Ray,CONTRACT,BIKE,109,0.47,4.01,64.22
Jiya Dutta,CONTRACT,VAN,128,0.44,3.97,67.97
Aayush Lata,CONTRACT,BIKE,99,0.55,3.86,59.60
Shlok Warrior,FULL-TIME,SCOOTER,127,0.43,4.02,67.72
Piya Acharya,FULL-TIME,SCOOTER,103,0.40,4.11,67.96
Vivaan Maharaj,CONTRACT,BIKE,76,0.53,3.90,63.16
Taimur Sastry,FULL-TIME,VAN,98,0.62,3.77,52.04
Tara Dey,FULL-TIME,SCOOTER,127,0.41,4.11,66.93
Amani Choudhary,FULL-TIME,BIKE,77,0.45,3.94,63.64
Armaan Basak,CONTRACT,SCOOTER,96,0.40,4.06,70.83
Zain Lal,CONTRACT,BIKE,89,0.39,4.06,69.66
Madhav Chada,FULL-TIME,SCOOTER,92,0.43,4.11,65.22
Samar Dalal,CONTRACT,VAN,104,0.53,3.95,57.69
Rhea Sagar,FULL-TIME,EV BIKE,110,0.44,4.03,66.36
Ira Chakrabarti,FULL-TIME,VAN,94,0.37,4.10,71.28
Kabir Reddy,FULL-TIME,VAN,100,0.45,4.04,62.00
Neelofar Hayer,CONTRACT,BIKE,114,0.46,3.93,68.42
Suhana Garde,FULL-TIME,SCOOTER,102,0.36,4.08,72.55
Nakul Dixit,FULL-TIME,EV BIKE,93,0.47,3.97,62.37
Tara Kurian,CONTRACT,SCOOTER,108,0.56,3.91,60.19
Lakshit Dhingra,FULL-TIME,SCOOTER,113,0.43,4.05,65.49
Raunak Biswas,FULL-TIME,BIKE,110,0.49,3.96,64.55
Advik Borde,FULL-TIME,SCOOTER,102,0.52,3.87,63.73
Madhup Walia,FULL-TIME,VAN,87,0.37,4.10,70.11
Kismat Kala,FULL-TIME,SCOOTER,108,0.44,4.02,64.81
Miraya Saraf,CONTRACT,VAN,93,0.44,3.99,67.74
Lakshit Lad,CONTRACT,EV BIKE,79,0.38,4.07,70.89
Bhamini D’alia,CONTRACT,EV BIKE,103,0.48,3.96,64.08
Zaina Bajwa,FULL-TIME,VAN,113,0.61,3.85,52.21
Mannat Kale,CONTRACT,EV BIKE,108,0.36,4.12,74.07
Nitara Sathe,FULL-TIME,BIKE,106,0.37,4.15,69.81
Taran Rajan,FULL-TIME,BIKE,96,0.35,4.10,70.83
Hazel Contractor,FULL-TIME,EV BIKE,80,0.39,4.05,67.50
Shlok Shroff,FULL-TIME,EV BIKE,88,0.49,3.93,64.77
Ranbir Dasgupta,FULL-TIME,VAN,99,0.40,4.09,68.69
Khushi Madan,FULL-TIME,EV BIKE,121,0.52,3.97,61.98
Hansh Dutta,CONTRACT,EV BIKE,92,0.33,4.16,72.83
Shalv Bora,CONTRACT,BIKE,167,0.51,3.87,62.28
Nirvi Sama,FULL-TIME,EV BIKE,85,0.31,4.19,75.29
Kartik Korpal,CONTRACT,EV BIKE,95,0.43,3.97,65.26
Miraya Bhatt,CONTRACT,SCOOTER,131,0.56,3.84,59.54
Aaryahi Dhingra,CONTRACT,EV BIKE,107,0.51,3.97,58.88
Divij Solanki,FULL-TIME,VAN,128,0.46,4.00,63.28
Indrajit Kunda,CONTRACT,EV BIKE,139,0.53,3.96,59.71
Bhamini Som,FULL-TIME,EV BIKE,95,0.44,4.03,66.32
Amira Jha,CONTRACT,EV BIKE,109,0.47,3.98,61.47
Badal Sur,CONTRACT,SCOOTER,77,0.42,3.99,64.94
Ela Rege,FULL-TIME,EV BIKE,116,0.58,3.83,56.03
Hansh Vig,CONTRACT,BIKE,103,0.54,3.92,60.19
Yasmin Dara,CONTRACT,BIKE,118,0.31,4.17,74.58
Hrishita Mall,FULL-TIME,SCOOTER,110,0.55,3.93,59.09
Aayush Yohannan,CONTRACT,VAN,93,0.39,4.07,68.82
Elakshi Master,FULL-TIME,SCOOTER,114,0.47,4.00,64.04
Aayush Kara,FULL-TIME,BIKE,103,0.50,3.95,60.19
Rasha Sunder,FULL-TIME,SCOOTER,121,0.40,4.03,70.25
Nayantara Sankaran,CONTRACT,VAN,122,0.55,3.89,57.38
Ojas Deol,FULL-TIME,VAN,104,0.49,3.93,63.46
Aarna De,FULL-TIME,BIKE,83,0.49,4.09,56.63
Uthkarsh Issac,FULL-TIME,BIKE,112,0.30,4.20,75.89
Aarna Mall,FULL-TIME,SCOOTER,81,0.37,4.03,74.07
Taimur Yadav,CONTRACT,VAN,79,0.47,3.93,63.29
Heer Bhagat,CONTRACT,SCOOTER,92,0.53,3.94,60.87
Ahana  Bhardwaj,CONTRACT,EV BIKE,142,0.38,4.11,69.72
Yasmin Sampath,CONTRACT,VAN,88,0.42,4.04,65.91
Neelofar Iyengar,FULL-TIME,BIKE,127,0.37,4.12,70.87
Rohan Bhasin,FULL-TIME,BIKE,139,0.34,4.10,72.66
Rania Kalla,FULL-TIME,SCOOTER,121,0.34,4.15,71.90
Tushar Din,FULL-TIME,SCOOTER,104,0.40,4.06,69.23
Indrans Bava,CONTRACT,VAN,129,0.45,4.05,65.89
Jivin Acharya,FULL-TIME,BIKE,92,0.47,4.00,63.04
Shray Soni,FULL-TIME,BIKE,90,0.46,3.96,62.22
Lavanya Apte,CONTRACT,VAN,119,0.47,3.95,65.55
Yashvi Chanda,FULL-TIME,BIKE,113,0.47,4.00,63.72
Dishani Chandra,FULL-TIME,EV BIKE,72,0.40,4.02,66.67
Renee Hayre,CONTRACT,BIKE,78,0.47,3.99,64.10
Samaira Sabharwal,FULL-TIME,EV BIKE,100,0.41,4.07,66.00
Eshani Shukla,FULL-TIME,BIKE,140,0.43,4.03,67.86
Shaan Ghose,CONTRACT,VAN,135,0.46,4.00,66.67
Vaibhav Gade,CONTRACT,SCOOTER,124,0.53,3.94,58.06
Manjari Ganguly,CONTRACT,EV BIKE,123,0.39,4.08,69.11
Hansh Ramachandran,CONTRACT,BIKE,119,0.43,4.08,63.03
Yashvi Deshpande,CONTRACT,EV BIKE,113,0.44,4.00,65.49
Mohanlal Mahal,CONTRACT,SCOOTER,71,0.48,4.01,63.38
Kartik Bassi,FULL-TIME,SCOOTER,90,0.42,4.04,66.67
Tanya Reddy,CONTRACT,EV BIKE,96,0.49,4.01,59.38
Onkar Kurian,CONTRACT,BIKE,126,0.40,4.13,67.46
Hazel Bal,FULL-TIME,BIKE,88,0.47,4.11,62.50
Saira Sengupta,CONTRACT,BIKE,93,0.46,3.99,66.67
Chirag Lala,FULL-TIME,EV BIKE,129,0.39,4.04,69.77
Nirvaan Rout,FULL-TIME,SCOOTER,123,0.51,3.88,63.41
Miraan Bhasin,FULL-TIME,BIKE,116,0.53,3.92,59.48
Yuvraj  Mammen,FULL-TIME,BIKE,112,0.46,3.98,64.29
Aradhya Sule,CONTRACT,EV BIKE,106,0.43,4.07,64.15
Ivan Borah,FULL-TIME,SCOOTER,101,0.48,4.03,60.40
Vanya Rau,CONTRACT,SCOOTER,130,0.44,4.03,66.15
Sahil Roy,CONTRACT,VAN,79,0.46,4.10,67.09
Dhruv Anand,CONTRACT,VAN,98,0.41,4.04,67.35
Tara Ganesh,FULL-TIME,EV BIKE,100,0.44,4.05,64.00
Uthkarsh Thaman,CONTRACT,BIKE,106,0.44,3.95,65.09
Ivana Vala,FULL-TIME,SCOOTER,96,0.67,3.66,56.25
Trisha Dugar,FULL-TIME,EV BIKE,114,0.48,4.00,64.91
Pihu Khare,CONTRACT,SCOOTER,106,0.46,4.00,64.15
Shayak Shanker,FULL-TIME,SCOOTER,109,0.50,3.90,64.22
Aarav Sathe,FULL-TIME,VAN,97,0.46,4.00,60.82
Shalv Upadhyay,CONTRACT,BIKE,89,0.48,4.04,59.55
Azad Bhatt,FULL-TIME,SCOOTER,88,0.44,4.04,65.91
Oorja Tailor,FULL-TIME,BIKE,93,0.47,3.89,65.59
Hazel Raval,FULL-TIME,SCOOTER,86,0.41,4.06,70.93
Kashvi Golla,CONTRACT,VAN,117,0.42,3.95,66.67
Vivaan Brahmbhatt,FULL-TIME,BIKE,101,0.42,4.01,68.32
Azad Seshadri,FULL-TIME,SCOOTER,84,0.49,4.08,57.14
Tanya Basu,FULL-TIME,BIKE,134,0.52,3.96,57.46
Hansh Basu,CONTRACT,BIKE,99,0.47,4.00,62.63
Onkar Bajaj,CONTRACT,SCOOTER,81,0.52,3.88,61.73
Tushar Deol,CONTRACT,SCOOTER,110,0.45,4.05,64.55
Siya D’alia,FULL-TIME,VAN,106,0.42,4.05,66.98
Lakshit Lanka,CONTRACT,EV BIKE,103,0.39,4.02,67.96
Saanvi Gupta,CONTRACT,SCOOTER,130,0.50,3.98,60.77
Mamooty Gour,FULL-TIME,VAN,128,0.35,4.12,71.09
Aarush Karpe,CONTRACT,VAN,129,0.36,4.13,70.54
Kiara Sachdev,FULL-TIME,VAN,170,0.44,4.03,64.71
Manikya Sibal,FULL-TIME,SCOOTER,123,0.39,4.08,70.73
Vivaan Sarkar,CONTRACT,SCOOTER,130,0.55,3.86,59.23
Nehmat Date,CONTRACT,VAN,136,0.47,3.90,63.24
Anvi Sani,FULL-TIME,EV BIKE,99,0.61,3.84,46.46
Mamooty Ratta,FULL-TIME,EV BIKE,87,0.43,4.03,65.52
Mannat Guha,CONTRACT,SCOOTER,117,0.44,4.05,64.10
Alisha Salvi,FULL-TIME,VAN,90,0.54,3.85,60.00
Vanya Karnik,CONTRACT,VAN,109,0.29,4.19,77.06
Vivaan Deep,CONTRACT,VAN,139,0.37,4.08,69.78
Jivika Chakraborty,CONTRACT,BIKE,110,0.43,4.00,66.36
Sara Ray,CONTRACT,EV BIKE,101,0.41,4.03,68.32
Ayesha Gill,FULL-TIME,VAN,116,0.42,4.06,67.24
Farhan Goda,FULL-TIME,EV BIKE,78,0.58,3.82,55.13
Romil Kakar,CONTRACT,BIKE,100,0.53,3.88,61.00
Zeeshan Ramaswamy,FULL-TIME,BIKE,113,0.46,4.00,63.72
Dhruv Vyas,FULL-TIME,EV BIKE,104,0.41,4.11,64.42
Ela Chakrabarti,CONTRACT,SCOOTER,105,0.43,4.12,62.86
Stuvan Sagar,CONTRACT,BIKE,102,0.43,4.05,67.65
Lavanya Tiwari,FULL-TIME,VAN,137,0.52,3.94,62.04
Manikya Kapoor,CONTRACT,EV BIKE,116,0.50,3.97,61.21
Jivika Mannan,CONTRACT,EV BIKE,117,0.37,4.13,70.09
Jivin Sharaf,FULL-TIME,EV BIKE,87,0.45,3.98,64.37
Charvi Chaudhari,FULL-TIME,SCOOTER,75,0.49,3.92,62.67
Seher Taneja,FULL-TIME,BIKE,102,0.49,3.97,61.76
Shaan Amble,CONTRACT,BIKE,84,0.40,4.06,66.67
Saanvi Swamy,CONTRACT,EV BIKE,97,0.44,4.04,61.86
Kismat Mallick,CONTRACT,EV BIKE,125,0.41,4.05,66.40
Yasmin Tata,FULL-TIME,VAN,140,0.51,3.98,60.71
Ishaan Ghosh,CONTRACT,VAN,94,0.47,3.99,59.57
Ryan Uppal,FULL-TIME,BIKE,81,0.46,4.00,61.73
Alisha Kamdar,CONTRACT,EV BIKE,148,0.39,4.06,70.27
Inaaya  Vyas,FULL-TIME,EV BIKE,100,0.45,3.99,68.00
Sahil Kapur,FULL-TIME,SCOOTER,112,0.54,3.83,58.04
Raunak Zachariah,FULL-TIME,SCOOTER,101,0.50,3.96,61.39
Nirvi Mandal,FULL-TIME,BIKE,95,0.45,4.01,66.32
Ryan Khatri,FULL-TIME,EV BIKE,106,0.48,3.99,65.09
Kiaan Brar,CONTRACT,SCOOTER,103,0.53,3.94,55.34
Nayantara Dua,CONTRACT,VAN,88,0.42,4.05,65.91
Vaibhav Ganesan,FULL-TIME,BIKE,106,0.51,3.92,56.60
Kashvi Din,FULL-TIME,EV BIKE,82,0.33,4.20,75.61
Khushi Kurian,CONTRACT,SCOOTER,95,0.51,3.91,57.89
Divij Agate,CONTRACT,BIKE,111,0.50,3.89,63.06
Raghav Kaul,FULL-TIME,VAN,142,0.41,4.04,69.01
Chirag Kaul,CONTRACT,SCOOTER,146,0.35,4.17,68.49
Kashvi Chada,CONTRACT,VAN,98,0.54,3.90,58.16
Yasmin Raju,CONTRACT,SCOOTER,107,0.37,4.12,70.09
Piya Aggarwal,CONTRACT,EV BIKE,103,0.37,4.04,70.87
Shamik Banerjee,FULL-TIME,VAN,137,0.40,4.05,65.69
Hiran Gara,CONTRACT,EV BIKE,106,0.46,3.98,65.09
Mannat Ratta,FULL-TIME,EV BIKE,90,0.37,4.14,71.11
Jayesh Ramaswamy,CONTRACT,EV BIKE,130,0.48,3.91,63.08
Zeeshan Aurora,CONTRACT,EV BIKE,109,0.42,4.03,66.97
Tara Sodhi,FULL-TIME,VAN,106,0.44,4.00,62.26
Aradhya Kamdar,FULL-TIME,SCOOTER,109,0.52,3.98,56.88
Reyansh Mani,CONTRACT,VAN,99,0.36,4.15,71.72
Yakshit Maharaj,FULL-TIME,BIKE,98,0.50,3.93,63.27
Yakshit Raj,FULL-TIME,BIKE,99,0.45,4.00,62.63
Mamooty Iyengar,CONTRACT,SCOOTER,86,0.47,3.99,63.95
Pihu Anand,FULL-TIME,BIKE,102,0.60,3.79,56.86
Sana Bains,CONTRACT,SCOOTER,107,0.42,4.07,66.36
Inaaya  Soni,FULL-TIME,EV BIKE,97,0.43,4.01,63.92
Himmat Karnik,CONTRACT,SCOOTER,140,0.40,4.01,66.43
Anvi Choudhry,FULL-TIME,EV BIKE,130,0.53,3.90,56.92
Samar Iyengar,CONTRACT,VAN,93,0.55,3.90,58.06
Shlok Mand,FULL-TIME,SCOOTER,89,0.45,4.03,62.92
Samar Rajan,CONTRACT,VAN,118,0.50,3.97,61.86
Aarav Kohli,FULL-TIME,VAN,105,0.40,4.05,68.57
Hunar Barman,CONTRACT,SCOOTER,101,0.43,3.98,66.34
Devansh Lata,CONTRACT,VAN,103,0.38,4.12,66.02
Emir Sarin,FULL-TIME,SCOOTER,139,0.52,3.91,58.99
Nehmat Mandal,FULL-TIME,SCOOTER,93,0.54,3.90,58.06
Anahi Khatri,CONTRACT,SCOOTER,113,0.44,4.03,66.37
Tushar Kumar,FULL-TIME,BIKE,88,0.36,4.08,72.73
Prerak Dara,FULL-TIME,VAN,112,0.46,4.01,66.07
Anya Varma,CONTRACT,SCOOTER,120,0.50,3.93,61.67
Mohanlal Ghose,CONTRACT,BIKE,106,0.39,4.07,66.98
Gatik Bora,FULL-TIME,VAN,75,0.45,3.92,65.33
Mohanlal Bhardwaj,CONTRACT,SCOOTER,89,0.45,4.01,62.92
Yakshit Sandhu,CONTRACT,VAN,83,0.48,3.97,66.27
Taimur Batta,CONTRACT,SCOOTER,117,0.41,3.99,66.67
Aradhya Dutt,CONTRACT,BIKE,106,0.42,4.01,67.92
Onkar Thaman,CONTRACT,BIKE,117,0.44,4.03,62.39
Arhaan Upadhyay,CONTRACT,EV BIKE,73,0.60,3.69,56.16
Aaryahi Chaudhuri,CONTRACT,SCOOTER,144,0.43,3.98,66.67
Dhruv Buch,FULL-TIME,BIKE,101,0.44,4.03,65.35
Rati Walla,CONTRACT,BIKE,126,0.48,3.86,67.46
Sumer Butala,CONTRACT,SCOOTER,112,0.46,4.01,66.07
Bhamini Bobal,FULL-TIME,BIKE,80,0.35,4.12,72.50
Kiara Dhingra,FULL-TIME,EV BIKE,98,0.34,4.10,72.45
Chirag Khurana,CONTRACT,SCOOTER,97,0.37,4.10,70.10
Kaira Kakar,FULL-TIME,VAN,119,0.44,3.98,67.23
Riaan Sengupta,CONTRACT,EV BIKE,92,0.40,4.02,67.39
Urvi Krish,FULL-TIME,BIKE,93,0.54,3.86,61.29
Anika Tata,CONTRACT,BIKE,89,0.46,3.96,70.79
Vedika Mani,CONTRACT,VAN,103,0.43,4.03,66.99
Kaira Raja,FULL-TIME,BIKE,90,0.40,4.07,68.89
Nitara Saraf,FULL-TIME,SCOOTER,111,0.57,3.87,59.46
Neelofar Batta,CONTRACT,BIKE,82,0.34,4.13,75.61
Divij Wable,CONTRACT,EV BIKE,105,0.39,4.03,67.62
Vivaan Shan,FULL-TIME,BIKE,111,0.47,4.01,63.06
Divit Chaudhari,CONTRACT,SCOOTER,115,0.47,4.05,60.87
Samaira Khatri,FULL-TIME,BIKE,84,0.40,4.03,67.86
Miraya Gill,CONTRACT,VAN,85,0.39,4.09,68.24
Saira Singh,FULL-TIME,EV BIKE,84,0.37,4.12,70.24
Sahil Chanda,FULL-TIME,EV BIKE,106,0.44,4.00,64.15
Madhup Behl,FULL-TIME,SCOOTER,129,0.50,3.94,61.24
Krish Brar,FULL-TIME,VAN,71,0.48,4.00,61.97
Riya Chadha,FULL-TIME,SCOOTER,89,0.47,4.01,59.55
Advika Divan,CONTRACT,SCOOTER,76,0.37,4.16,72.37
Dishani Date,CONTRACT,SCOOTER,81,0.51,3.91,65.43
Manikya Deol,CONTRACT,VAN,97,0.42,4.06,67.01
Kimaya Bhatt,FULL-TIME,BIKE,97,0.42,4.02,63.92
Khushi Dhillon,CONTRACT,SCOOTER,96,0.55,3.82,58.33
Lagan Mann,CONTRACT,EV BIKE,112,0.47,3.98,61.61
Tejas Jain,FULL-TIME,BIKE,128,0.39,4.09,69.53
Biju Hans,FULL-TIME,EV BIKE,113,0.49,3.98,61.06
Tushar Rout,FULL-TIME,EV BIKE,94,0.38,4.05,67.02
Nakul Chhabra,CONTRACT,BIKE,91,0.51,3.98,59.34
Riaan Lal,FULL-TIME,BIKE,122,0.43,4.02,65.57
Abram Joshi,FULL-TIME,EV BIKE,96,0.39,4.05,72.92
Dhanuk Varkey,CONTRACT,VAN,90,0.39,3.97,68.89
Shalv Dhingra,CONTRACT,EV BIKE,86,0.45,3.91,66.28
Aniruddh Vohra,CONTRACT,VAN,126,0.50,3.98,64.29
Nishith Bhargava,CONTRACT,EV BIKE,81,0.42,4.04,69.14
Reyansh Rajagopalan,CONTRACT,SCOOTER,83,0.61,3.80,53.01
Urvi Salvi,CONTRACT,EV BIKE,90,0.60,3.84,56.67
Kiara Buch,FULL-TIME,SCOOTER,114,0.40,4.05,67.54
Ishita Gala,CONTRACT,EV BIKE,95,0.37,4.12,70.53
Dhanuk Sawhney,FULL-TIME,BIKE,120,0.43,4.07,64.17
Saanvi Jayaraman,CONTRACT,VAN,97,0.41,4.05,65.98
Adira Brahmbhatt,CONTRACT,SCOOTER,73,0.48,3.96,63.01
Ayesha Wali,CONTRACT,BIKE,106,0.43,3.99,68.87
Shanaya Ramanathan,CONTRACT,VAN,121,0.45,3.97,65.29
Manjari Yogi,CONTRACT,BIKE,105,0.37,4.16,70.48
Taimur Hayer,FULL-TIME,BIKE,92,0.57,3.86,56.52
Nitya Bail,FULL-TIME,BIKE,117,0.39,4.07,70.94
Armaan Krishnamurthy,CONTRACT,VAN,87,0.39,4.07,70.11
Yashvi Gandhi,FULL-TIME,BIKE,85,0.45,4.08,62.35
Sana Sachdev,FULL-TIME,BIKE,98,0.41,4.12,67.35
Vidur Kurian,FULL-TIME,VAN,98,0.45,3.98,64.29
Saanvi Subramanian,CONTRACT,VAN,93,0.41,4.12,69.89
Charvi Kunda,CONTRACT,SCOOTER,85,0.48,3.99,65.88
Eva Char,FULL-TIME,EV BIKE,117,0.52,3.92,58.97
Samiha Arora,FULL-TIME,EV BIKE,109,0.39,4.10,69.72
Krish Mander,FULL-TIME,SCOOTER,111,0.53,3.88,61.26
Divit Kibe,FULL-TIME,SCOOTER,111,0.38,4.04,72.97
Ivana Rajagopal,FULL-TIME,VAN,108,0.51,3.91,60.19
Anaya Sridhar,FULL-TIME,VAN,104,0.33,4.14,69.23
Jayesh Shan,FULL-TIME,SCOOTER,85,0.47,4.05,58.82
Romil Ramakrishnan,FULL-TIME,VAN,106,0.42,4.08,65.09
Manikya Suri,FULL-TIME,EV BIKE,90,0.54,3.93,57.78
Emir Sandhu,CONTRACT,VAN,121,0.58,3.84,57.02
Suhana Gaba,FULL-TIME,SCOOTER,83,0.43,4.03,66.27
Drishya Kata,CONTRACT,SCOOTER,104,0.36,4.13,69.23
Biju Lad,FULL-TIME,BIKE,108,0.39,4.13,71.30
Pranay Bahl,CONTRACT,VAN,95,0.52,3.89,61.05
Priyansh Dugal,FULL-TIME,VAN,110,0.38,4.06,70.91
Umang Suresh,FULL-TIME,EV BIKE,109,0.44,3.96,64.22
Ojas Char,FULL-TIME,EV BIKE,100,0.52,3.92,57.00
Onkar Bora,CONTRACT,EV BIKE,95,0.38,4.06,69.47
Jayant Rao,CONTRACT,SCOOTER,100,0.43,4.00,69.00
Romil Deo,CONTRACT,VAN,81,0.46,4.01,64.20
Urvi Mand,CONTRACT,EV BIKE,132,0.35,4.12,71.21
Adah Kalla,CONTRACT,VAN,115,0.41,4.02,66.96
Alia Sengupta,CONTRACT,BIKE,149,0.35,4.12,72.48
Rati Karan,CONTRACT,EV BIKE,119,0.33,4.16,72.27
Kanav Kuruvilla,CONTRACT,BIKE,82,0.55,3.79,56.10
Fateh Gara,CONTRACT,SCOOTER,78,0.47,4.02,60.26
Amani Kibe,FULL-TIME,VAN,98,0.43,4.06,64.29
Neysa Barman,CONTRACT,VAN,89,0.47,4.07,64.04
Priyansh Shroff,FULL-TIME,SCOOTER,61,0.46,4.03,65.57
Zara Swamy,CONTRACT,SCOOTER,84,0.49,3.99,58.33
Farhan Agate,CONTRACT,BIKE,118,0.37,4.09,67.80
Damini Chakraborty,FULL-TIME,EV BIKE,72,0.64,3.77,51.39
Riaan Chauhan,FULL-TIME,BIKE,98,0.36,4.07,75.51
Ivan Sankar,CONTRACT,BIKE,81,0.46,4.00,64.20
Divit Kaul,CONTRACT,EV BIKE,92,0.48,4.02,61.96
Pihu Ratta,FULL-TIME,EV BIKE,116,0.43,4.01,64.66
Nakul Varkey,CONTRACT,BIKE,93,0.41,4.02,69.89
Pihu De,CONTRACT,SCOOTER,90,0.39,4.09,68.89
Sumer Batra,CONTRACT,BIKE,86,0.55,3.90,59.30
Aaina Chokshi,FULL-TIME,EV BIKE,107,0.51,3.85,58.88
Neysa Bumb,FULL-TIME,VAN,87,0.43,4.02,67.82
Darshit Lad,FULL-TIME,VAN,86,0.41,4.05,67.44
Amani Kothari,FULL-TIME,VAN,91,0.32,4.10,73.63
Amira Dugar,FULL-TIME,SCOOTER,103,0.44,3.99,68.93
Jivin Sant,FULL-TIME,SCOOTER,111,0.34,4.15,69.37
Divit Goyal,FULL-TIME,SCOOTER,78,0.56,3.78,57.69
Sumer Zachariah,FULL-TIME,VAN,85,0.35,4.11,71.76
Baiju Bhatti,CONTRACT,VAN,92,0.38,4.07,68.48
Hiran Issac,CONTRACT,VAN,106,0.44,3.99,64.15
Yuvaan Maharaj,FULL-TIME,VAN,127,0.48,3.94,63.78
Hridaan Kurian,CONTRACT,EV BIKE,120,0.43,4.09,62.50
Ojas Banik,FULL-TIME,VAN,110,0.49,3.90,64.55
Zeeshan Subramaniam,CONTRACT,BIKE,92,0.54,3.88,58.70
Aaryahi Srinivas,CONTRACT,BIKE,95,0.51,3.92,58.95
Hansh Gala,CONTRACT,SCOOTER,123,0.44,4.03,65.85
Raunak Virk,CONTRACT,EV BIKE,80,0.48,3.95,65.00
Damini Barad,CONTRACT,SCOOTER,120,0.46,3.94,61.67
Oorja Rao,FULL-TIME,EV BIKE,114,0.39,4.05,66.67
Yuvraj  Randhawa,FULL-TIME,SCOOTER,116,0.47,3.88,66.38
Ayesha Chahal,CONTRACT,BIKE,119,0.52,3.89,60.50
Zaina Iyengar,FULL-TIME,BIKE,100,0.47,3.97,61.00
Elakshi Raj,CONTRACT,BIKE,104,0.49,3.95,62.50
Purab Shenoy,CONTRACT,VAN,81,0.38,4.12,69.14
Vihaan Bhat,CONTRACT,VAN,107,0.56,3.83,57.01
Yashvi Hora,CONTRACT,SCOOTER,80,0.51,4.05,57.50
Hunar Kannan,FULL-TIME,BIKE,119,0.55,3.88,58.82
Misha Sehgal,FULL-TIME,BIKE,121,0.48,4.02,64.46
Bhamini Seshadri,CONTRACT,VAN,90,0.40,4.00,72.22
Diya Dey,CONTRACT,EV BIKE,101,0.45,4.03,67.33
Hiran Tandon,CONTRACT,VAN,86,0.49,3.89,61.63
Riaan Handa,FULL-TIME,EV BIKE,107,0.49,3.97,63.55
Charvi Kade,FULL-TIME,EV BIKE,87,0.45,3.98,67.82
Prerak Rama,FULL-TIME,SCOOTER,91,0.41,4.04,64.84
Kabir Tank,FULL-TIME,VAN,119,0.46,4.03,64.71
Tejas Kapoor,CONTRACT,EV BIKE,104,0.54,3.88,61.54
Pranay Bhatt,CONTRACT,VAN,152,0.37,4.11,71.71
Yasmin Badal,CONTRACT,EV BIKE,113,0.42,3.99,64.60
Kartik Dugar,CONTRACT,EV BIKE,80,0.45,4.04,65.00
Vardaniya Raman,CONTRACT,EV BIKE,91,0.38,4.11,69.23
Elakshi Kuruvilla,CONTRACT,EV BIKE,97,0.51,3.96,62.89
Biju Bahl,FULL-TIME,SCOOTER,135,0.50,3.95,62.96
Purab Mander,CONTRACT,SCOOTER,94,0.46,4.01,67.02
Ivan Chand,FULL-TIME,VAN,115,0.52,3.88,60.87
Seher Bahl,CONTRACT,SCOOTER,124,0.43,4.07,67.74
Nirvi Ahluwalia,CONTRACT,VAN,97,0.44,4.00,64.95
Vardaniya Cherian,FULL-TIME,SCOOTER,95,0.42,4.03,65.26
Ivan Ravel,CONTRACT,VAN,96,0.47,3.88,68.75
Zeeshan Gade,FULL-TIME,SCOOTER,95,0.43,4.04,65.26
Raghav Mallick,CONTRACT,VAN,89,0.44,4.06,66.29
Khushi Seshadri,FULL-TIME,BIKE,104,0.48,3.98,60.58
Kanav Bansal,FULL-TIME,VAN,92,0.37,4.07,68.48
Aaina Kata,CONTRACT,BIKE,83,0.48,4.00,61.45
Rasha Sur,CONTRACT,BIKE,110,0.55,3.88,55.45
Rania Konda,FULL-TIME,VAN,64,0.52,3.93,59.38
Pihu Kohli,FULL-TIME,BIKE,110,0.48,3.99,60.00
Urvi Kumar,CONTRACT,EV BIKE,89,0.64,3.74,53.93
Kiara Kohli,FULL-TIME,BIKE,84,0.35,4.16,75.00
Kanav Swamy,CONTRACT,SCOOTER,94,0.46,4.03,63.83
Nitya Ben,CONTRACT,EV BIKE,88,0.48,3.98,62.50
Kavya Cheema,FULL-TIME,SCOOTER,118,0.51,3.93,62.71
Renee Cheema,CONTRACT,VAN,99,0.43,4.02,63.64
Ojas Krish,FULL-TIME,BIKE,71,0.51,3.89,61.97
Hiran Sagar,CONTRACT,VAN,101,0.57,3.81,56.44
Renee Gour,CONTRACT,SCOOTER,129,0.44,3.99,66.67
Lavanya Mammen,CONTRACT,VAN,109,0.58,3.83,57.80
Uthkarsh Kade,FULL-TIME,SCOOTER,134,0.36,4.11,70.90
Azad Zacharia,FULL-TIME,VAN,81,0.47,4.00,61.73
Jhanvi Bhavsar,CONTRACT,BIKE,138,0.36,4.13,71.74
Ishita Agarwal,FULL-TIME,BIKE,90,0.60,3.83,53.33
Hazel Sandal,CONTRACT,VAN,131,0.48,3.91,64.12
Elakshi Vora,CONTRACT,VAN,123,0.45,4.02,63.41
Vivaan Vasa,FULL-TIME,SCOOTER,104,0.51,3.88,61.54
Indrans Sengupta,CONTRACT,BIKE,125,0.42,4.01,64.00
Raghav Mand,CONTRACT,SCOOTER,105,0.45,3.99,66.67
Kimaya Khanna,CONTRACT,SCOOTER,113,0.43,4.02,68.14
Manjari Sood,CONTRACT,VAN,157,0.45,3.96,66.24
Vardaniya Gara,FULL-TIME,VAN,90,0.43,4.03,65.56
Ahana  Sarin,FULL-TIME,VAN,89,0.40,4.06,66.29
Jivika Thaker,CONTRACT,SCOOTER,86,0.40,4.05,69.77
Ritvik Datta,FULL-TIME,BIKE,109,0.50,3.96,61.47
Jayesh Vyas,CONTRACT,BIKE,105,0.39,4.04,68.57
Dhanush Gala,CONTRACT,VAN,91,0.53,3.92,59.34
Piya Keer,CONTRACT,VAN,94,0.45,4.00,63.83
Vardaniya Bhasin,FULL-TIME,EV BIKE,95,0.38,4.00,67.37
Riaan Dayal,FULL-TIME,SCOOTER,88,0.45,3.98,63.64
Manjari Master,FULL-TIME,EV BIKE,94,0.52,3.90,60.64
Nirvaan Jha,FULL-TIME,EV BIKE,98,0.47,3.93,67.35
Armaan Kannan,CONTRACT,EV BIKE,121,0.38,4.09,68.60
Samaira Bali,FULL-TIME,SCOOTER,97,0.36,4.14,72.16
Samiha Raval,CONTRACT,VAN,108,0.47,4.01,63.89
Badal Saraf,CONTRACT,SCOOTER,109,0.38,4.04,74.31
Onkar Sawhney,CONTRACT,SCOOTER,112,0.45,3.94,67.86
Zara Goel,FULL-TIME,BIKE,99,0.47,4.01,64.65
Alia Tank,CONTRACT,EV BIKE,115,0.34,4.17,74.78
Prerak Ahuja,CONTRACT,SCOOTER,97,0.35,4.12,72.16
Rati Grewal,FULL-TIME,SCOOTER,87,0.31,4.14,77.01
Aarav Karan,CONTRACT,EV BIKE,111,0.47,3.93,64.86
Ranbir Sanghvi,FULL-TIME,BIKE,104,0.43,4.05,67.31
Prerak Sandhu,FULL-TIME,BIKE,138,0.43,4.03,66.67
Yuvraj  Balan,FULL-TIME,SCOOTER,136,0.49,4.00,63.24
Miraya Rege,FULL-TIME,SCOOTER,83,0.47,4.09,63.86
Shaan Goswami,FULL-TIME,EV BIKE,113,0.35,4.20,70.80
Madhup Varghese,FULL-TIME,BIKE,90,0.37,4.12,67.78
Mishti Dutt,FULL-TIME,BIKE,86,0.50,3.98,59.30
Ivan Sinha,CONTRACT,EV BIKE,96,0.43,4.08,65.63
Vritika Chawla,FULL-TIME,BIKE,108,0.37,4.04,70.37
Aradhya Jaggi,CONTRACT,EV BIKE,119,0.58,3.87,55.46
Damini Dada,FULL-TIME,VAN,107,0.58,3.78,55.14
Pihu Mandal,FULL-TIME,BIKE,128,0.47,3.99,61.72
Biju Thakur,CONTRACT,BIKE,152,0.44,4.00,63.16
Anay Badami,FULL-TIME,EV BIKE,94,0.52,3.90,60.64
Advik Hegde,FULL-TIME,SCOOTER,82,0.34,4.18,73.17
Reyansh Shroff,CONTRACT,SCOOTER,96,0.41,4.08,70.83
Nirvaan Jhaveri,CONTRACT,VAN,91,0.51,3.96,61.54
Eva Kata,FULL-TIME,VAN,79,0.44,3.98,64.56
Tejas Toor,FULL-TIME,BIKE,108,0.58,3.77,55.56
Gokul Bakshi,FULL-TIME,BIKE,80,0.46,4.03,65.00
Vardaniya Sanghvi,FULL-TIME,BIKE,71,0.38,4.08,69.01
Hazel Batta,CONTRACT,BIKE,132,0.45,3.97,66.67
Mishti Chaudry,FULL-TIME,SCOOTER,130,0.48,4.01,62.31
Chirag Karpe,CONTRACT,VAN,109,0.45,4.01,66.97
Manikya Jani,FULL-TIME,VAN,95,0.46,3.92,62.11
Ayesha Bajaj,CONTRACT,EV BIKE,94,0.38,4.10,69.15
Kismat Agate,CONTRACT,SCOOTER,120,0.40,4.15,69.17
Nehmat Joshi,FULL-TIME,BIKE,80,0.55,3.92,57.50
Sumer Tailor,CONTRACT,BIKE,89,0.55,3.96,57.30
Jivika Suresh,FULL-TIME,VAN,75,0.40,4.12,68.00
Anahi Borra,CONTRACT,BIKE,112,0.47,3.97,63.39
Ivan Johal,FULL-TIME,EV BIKE,110,0.53,3.89,60.91
Jayesh Edwin,CONTRACT,VAN,132,0.42,4.08,66.67
Keya Samra,CONTRACT,BIKE,134,0.45,3.99,63.43
Elakshi Shan,FULL-TIME,BIKE,93,0.45,4.08,59.14
Aniruddh Srivastava,CONTRACT,VAN,112,0.54,3.90,58.93
Bhamini Acharya,FULL-TIME,VAN,105,0.28,4.24,78.10
Aarna Bhandari,FULL-TIME,BIKE,78,0.37,4.11,73.08
Seher Sahota,CONTRACT,VAN,130,0.38,4.05,70.00
Shaan Ghose,CONTRACT,SCOOTER,133,0.49,4.03,62.41
Tiya Dasgupta,CONTRACT,SCOOTER,109,0.50,4.00,63.30
Shayak Dhingra,CONTRACT,VAN,92,0.43,4.06,66.30
Shalv Hegde,CONTRACT,SCOOTER,87,0.40,4.10,68.97
Shalv Sidhu,FULL-TIME,EV BIKE,116,0.45,3.98,67.24
Romil Halder,CONTRACT,BIKE,98,0.42,4.09,65.31
Yasmin Seshadri,FULL-TIME,EV BIKE,87,0.53,3.98,60.92
Dishani Barad,FULL-TIME,EV BIKE,95,0.44,4.01,65.26
Vanya Kala,FULL-TIME,SCOOTER,104,0.45,4.06,61.54
Trisha Dutt,FULL-TIME,BIKE,122,0.43,4.03,64.75
Mishti Sharma,FULL-TIME,SCOOTER,111,0.35,4.10,70.27
Kiara Chada,FULL-TIME,SCOOTER,66,0.58,3.89,54.55
Aarav Atwal,CONTRACT,SCOOTER,75,0.68,3.72,50.67
Onkar De,CONTRACT,BIKE,92,0.42,4.05,64.13
Anya Sunder,FULL-TIME,BIKE,104,0.52,3.95,58.65
Yasmin Sami,CONTRACT,EV BIKE,92,0.45,4.03,60.87
Jayan Yadav,FULL-TIME,VAN,94,0.39,4.10,65.96
Ivana Suri,CONTRACT,BIKE,117,0.48,3.94,63.25
Vaibhav Hans,CONTRACT,BIKE,102,0.51,3.91,61.76
Jayesh Trivedi,FULL-TIME,EV BIKE,89,0.42,3.99,67.42
Sumer Dutta,FULL-TIME,VAN,133,0.52,3.88,62.41
Samiha Venkatesh,CONTRACT,SCOOTER,95,0.39,4.06,73.68
Hazel Badal,FULL-TIME,BIKE,118,0.47,3.96,62.71
Yuvraj  Bhatia,FULL-TIME,SCOOTER,133,0.36,4.07,69.92
Anika Bajaj,FULL-TIME,BIKE,106,0.50,3.93,59.43
Jhanvi Raj,CONTRACT,SCOOTER,120,0.46,4.09,65.83
Rasha Sinha,CONTRACT,VAN,106,0.51,3.92,61.32
Baiju Seshadri,CONTRACT,VAN,93,0.43,4.01,65.59
Alia Dhillon,CONTRACT,BIKE,132,0.48,4.02,62.12
Yuvaan Chad,CONTRACT,VAN,91,0.53,3.88,58.24
Onkar Banerjee,CONTRACT,BIKE,110,0.45,3.99,66.36
Tarini Ganesh,CONTRACT,VAN,117,0.48,3.94,64.96
Samar Dasgupta,CONTRACT,BIKE,133,0.53,3.86,57.89
Hiran Sule,CONTRACT,VAN,72,0.61,3.80,56.94
Shanaya Chand,FULL-TIME,SCOOTER,104,0.46,4.00,65.38
Neysa D’alia,FULL-TIME,EV BIKE,116,0.52,3.93,62.93
Hansh Contractor,CONTRACT,EV BIKE,98,0.51,3.95,63.27
Miraya Bhasin,CONTRACT,BIKE,117,0.42,4.03,67.52
Aarav Sarkar,CONTRACT,BIKE,105,0.40,4.11,64.76
Kimaya Sanghvi,FULL-TIME,EV BIKE,119,0.47,3.99,60.50
Divij Bhargava,CONTRACT,VAN,125,0.48,3.99,59.20
Yuvaan Devi,CONTRACT,SCOOTER,130,0.42,4.07,66.15
Uthkarsh Chaudhry,CONTRACT,EV BIKE,107,0.50,3.90,61.68
Charvi Hora,CONTRACT,VAN,133,0.47,3.97,63.91
Khushi Thakkar,CONTRACT,EV BIKE,122,0.52,4.00,61.48
Samar Balay,CONTRACT,BIKE,78,0.42,4.04,62.82
Indranil Chhabra,CONTRACT,BIKE,102,0.35,4.08,71.57
Raunak Kaur,FULL-TIME,SCOOTER,120,0.51,3.93,62.50
Rasha Tara,FULL-TIME,SCOOTER,125,0.42,4.02,66.40
Zoya Agarwal,CONTRACT,SCOOTER,137,0.48,3.96,62.77
Ishaan Hayre,FULL-TIME,VAN,91,0.51,3.90,62.64
Farhan Dada,FULL-TIME,BIKE,112,0.49,4.02,59.82
Kimaya Devan,FULL-TIME,SCOOTER,86,0.51,3.86,61.63
Ira Zachariah,CONTRACT,SCOOTER,115,0.47,4.00,64.35
Rania Doctor,CONTRACT,SCOOTER,85,0.40,4.09,69.41
Anvi Badami,FULL-TIME,EV BIKE,77,0.53,4.00,61.04
Kabir Rege,FULL-TIME,SCOOTER,87,0.37,4.07,71.26
Jivika Shanker,CONTRACT,SCOOTER,107,0.48,3.91,66.36
Ryan Deshmukh,FULL-TIME,BIKE,158,0.42,4.02,65.19
Suhana Kapoor,FULL-TIME,BIKE,78,0.37,4.09,69.23
Faiyaz Rajagopal,CONTRACT,BIKE,82,0.56,3.90,57.32
Prerak Dhar,FULL-TIME,EV BIKE,111,0.48,4.02,63.06
Baiju Master,FULL-TIME,VAN,109,0.41,4.01,69.72
Eshani Das,FULL-TIME,BIKE,114,0.40,4.04,68.42
Hansh Srinivasan,FULL-TIME,VAN,107,0.49,3.93,62.62
Emir Bhat,FULL-TIME,VAN,99,0.34,4.06,71.72
Romil Lad,FULL-TIME,SCOOTER,100,0.34,4.19,71.00
Aniruddh Ravel,CONTRACT,VAN,114,0.53,3.94,59.65
Sara Bala,CONTRACT,BIKE,132,0.41,4.04,68.94
Shlok Venkataraman,FULL-TIME,BIKE,100,0.41,3.99,69.00
Suhana Bhatti,CONTRACT,VAN,128,0.52,3.91,57.81
Eva Dixit,CONTRACT,BIKE,125,0.42,4.05,67.20
Vedika Chad,FULL-TIME,SCOOTER,121,0.34,4.14,75.21
Yashvi Dube,CONTRACT,VAN,128,0.32,4.13,72.66
Bhamini Sachdev,FULL-TIME,BIKE,117,0.53,3.94,60.68
Lavanya Sibal,CONTRACT,VAN,119,0.50,4.00,57.98
Amani Saraf,CONTRACT,SCOOTER,117,0.26,4.22,80.34
Anaya Lanka,FULL-TIME,VAN,127,0.58,3.80,57.48
Hridaan Chand,CONTRACT,VAN,124,0.48,3.91,63.71
Anahi Sampath,FULL-TIME,BIKE,124,0.41,4.03,67.74
Rhea Bala,FULL-TIME,EV BIKE,115,0.49,4.01,64.35
Raunak Kamdar,FULL-TIME,SCOOTER,118,0.41,4.06,67.80
Yasmin Kant,CONTRACT,VAN,102,0.38,4.11,69.61
Inaaya  Dasgupta,FULL-TIME,EV BIKE,96,0.42,4.09,66.67
Ojas Shroff,FULL-TIME,SCOOTER,84,0.45,3.99,64.29
Kiara Sanghvi,CONTRACT,BIKE,127,0.45,3.99,65.35
Yuvraj  Krishnamurthy,CONTRACT,BIKE,83,0.55,3.90,57.83
Prerak Toor,CONTRACT,EV BIKE,101,0.50,3.96,59.41
Stuvan Malhotra,FULL-TIME,EV BIKE,117,0.48,3.95,64.96
Yashvi Sinha,CONTRACT,VAN,76,0.42,4.05,69.74
Neysa Ravel,FULL-TIME,SCOOTER,141,0.40,4.07,69.50
Uthkarsh Jani,CONTRACT,EV BIKE,113,0.35,4.08,71.68
Ryan Deep,FULL-TIME,BIKE,99,0.33,4.16,70.71
Urvi Ray,CONTRACT,EV BIKE,111,0.41,3.97,68.47
Renee Bahri,FULL-TIME,SCOOTER,125,0.42,4.04,67.20
Eshani Keer,CONTRACT,BIKE,158,0.46,4.00,65.82
Indranil Vohra,CONTRACT,SCOOTER,103,0.54,3.90,60.19
Aayush Bera,FULL-TIME,BIKE,125,0.47,4.02,64.00
Nayantara Hora,CONTRACT,SCOOTER,130,0.48,3.98,63.08
Saanvi Bajwa,FULL-TIME,VAN,128,0.54,3.88,58.59
Dhanuk Ratti,CONTRACT,BIKE,131,0.49,4.03,59.54
Uthkarsh Hegde,FULL-TIME,SCOOTER,154,0.44,4.01,66.23
Siya Dayal,FULL-TIME,SCOOTER,98,0.43,4.00,66.33
Aradhya Mannan,FULL-TIME,VAN,92,0.52,3.92,60.87
Hunar Kala,FULL-TIME,VAN,101,0.55,3.95,58.42
Nishith Gour,CONTRACT,VAN,103,0.55,3.86,57.28
Riya Doshi,FULL-TIME,BIKE,85,0.42,4.11,64.71
Tejas Jani,CONTRACT,SCOOTER,100,0.48,3.90,62.00
Tanya Badami,CONTRACT,SCOOTER,118,0.58,3.82,57.63
Alia Chowdhury,CONTRACT,VAN,83,0.42,4.04,66.27
Vaibhav Brar,CONTRACT,EV BIKE,105,0.46,3.92,66.67
Biju Dubey,FULL-TIME,SCOOTER,86,0.44,3.96,66.28
Lakshay Guha,FULL-TIME,VAN,87,0.46,4.01,62.07
Tanya Majumdar,FULL-TIME,EV BIKE,118,0.41,4.02,67.80
Farhan Mani,CONTRACT,SCOOTER,100,0.53,3.90,57.00
Diya Hora,FULL-TIME,BIKE,111,0.46,3.92,63.96
Vedika Vyas,CONTRACT,BIKE,63,0.46,3.89,68.25
Jayant Bhatt,FULL-TIME,VAN,101,0.58,3.81,60.40
Hrishita Handa,CONTRACT,SCOOTER,104,0.34,4.12,71.15
Lakshay Aggarwal,FULL-TIME,BIKE,106,0.35,4.15,74.53
Himmat Mani,CONTRACT,VAN,137,0.49,3.95,62.77
Adira Tailor,CONTRACT,EV BIKE,73,0.30,4.15,76.71
Alia Seshadri,FULL-TIME,VAN,100,0.38,4.06,72.00
Anay Chana,CONTRACT,EV BIKE,94,0.49,3.96,65.96
Anika Brahmbhatt,CONTRACT,VAN,93,0.48,4.00,62.37
Inaaya  Bail,CONTRACT,BIKE,120,0.47,3.99,62.50
Tiya Shah,CONTRACT,VAN,133,0.44,4.07,67.67
Indrans Chandra,CONTRACT,BIKE,118,0.36,4.06,71.19
Anay Srinivasan,CONTRACT,SCOOTER,119,0.48,4.00,63.03
Romil Krish,CONTRACT,BIKE,93,0.51,3.96,61.29
Aradhya Gour,CONTRACT,BIKE,107,0.56,3.83,59.81
Tarini Bora,FULL-TIME,VAN,101,0.48,3.96,60.40
Prisha Malhotra,FULL-TIME,EV BIKE,88,0.57,3.90,57.95
Nishith Loke,FULL-TIME,EV BIKE,106,0.49,3.95,64.15
Anya Bhasin,FULL-TIME,VAN,91,0.42,4.02,67.03
Charvi Rao,FULL-TIME,EV BIKE,142,0.49,3.94,63.38
Prerak Chokshi,CONTRACT,SCOOTER,96,0.38,4.14,69.79
Ela Varghese,FULL-TIME,SCOOTER,111,0.38,4.05,71.17
Kiara Kulkarni,FULL-TIME,EV BIKE,123,0.50,3.96,60.16
Anay Chander,FULL-TIME,VAN,94,0.33,4.16,71.28
Advik Hora,CONTRACT,BIKE,105,0.50,3.92,62.86
Yashvi Sastry,CONTRACT,VAN,93,0.42,4.01,66.67
Vidur Tella,CONTRACT,SCOOTER,105,0.41,4.11,68.57
Farhan Boase,FULL-TIME,VAN,96,0.46,4.01,57.29
Eva Deol,FULL-TIME,BIKE,104,0.32,4.13,73.08
Manjari Barad,FULL-TIME,EV BIKE,110,0.48,3.87,64.55
Aarush Samra,CONTRACT,EV BIKE,111,0.48,3.93,60.36
Nayantara Jhaveri,FULL-TIME,EV BIKE,119,0.45,4.03,64.71
Hridaan Lal,FULL-TIME,VAN,108,0.40,4.03,69.44
Arnav Thaman,FULL-TIME,BIKE,98,0.43,4.03,64.29
Yasmin Varughese,FULL-TIME,VAN,95,0.49,3.91,65.26
Tara Anne,FULL-TIME,BIKE,79,0.34,4.12,69.62
Tejas Kohli,CONTRACT,BIKE,133,0.44,4.03,63.91
Umang Chad,FULL-TIME,SCOOTER,207,0.47,4.01,62.32
Anvi Kohli,CONTRACT,SCOOTER,105,0.49,4.00,62.86
Bhamini Koshy,FULL-TIME,VAN,110,0.40,4.06,69.09
Baiju Dugar,CONTRACT,EV BIKE,110,0.52,3.96,60.91
Arhaan Seshadri,CONTRACT,VAN,91,0.42,3.97,68.13
Tara Kapadia,FULL-TIME,VAN,146,0.51,3.96,58.22
Pranay Sundaram,CONTRACT,SCOOTER,107,0.40,4.06,68.22
Krish Saraf,FULL-TIME,SCOOTER,126,0.46,4.02,62.70
Zeeshan Dada,FULL-TIME,EV BIKE,84,0.42,4.09,65.48
Kimaya Dhillon,CONTRACT,EV BIKE,96,0.48,3.98,65.63
Anay Ratti,CONTRACT,VAN,136,0.49,3.94,62.50
Hansh Andra,FULL-TIME,VAN,106,0.41,4.02,70.75
Suhana Goel,CONTRACT,EV BIKE,122,0.39,4.09,71.31
Tiya Bhandari,FULL-TIME,VAN,127,0.47,3.99,62.20
Parinaaz Rama,FULL-TIME,SCOOTER,107,0.46,3.99,67.29
Nirvi Biswas,CONTRACT,SCOOTER,94,0.34,4.16,72.34
Vanya Chadha,FULL-TIME,BIKE,124,0.48,3.90,64.52
Vardaniya Bhalla,CONTRACT,BIKE,150,0.41,4.05,65.33
Kavya Dash,CONTRACT,SCOOTER,92,0.48,3.96,59.78
Mannat Ramesh,CONTRACT,EV BIKE,92,0.67,3.74,54.35
Kaira Sant,CONTRACT,SCOOTER,161,0.52,3.89,59.63
Zoya Zacharia,FULL-TIME,VAN,89,0.38,4.06,68.54
Pranay Loyal,FULL-TIME,SCOOTER,128,0.42,4.01,69.53
Seher Gill,FULL-TIME,BIKE,99,0.45,3.98,66.67
Purab Gade,FULL-TIME,VAN,102,0.41,4.02,71.57
Uthkarsh Guha,FULL-TIME,SCOOTER,104,0.50,4.01,62.50
Stuvan Ganguly,CONTRACT,BIKE,88,0.40,4.12,69.32
Yuvraj  Chaudhari,FULL-TIME,BIKE,130,0.40,4.11,65.38
Aarna Saraf,FULL-TIME,EV BIKE,87,0.53,3.89,62.07
Hunar Rama,CONTRACT,VAN,81,0.40,4.03,69.14
Hrishita Maharaj,FULL-TIME,EV BIKE,82,0.46,3.96,63.41
Prerak Brahmbhatt,FULL-TIME,BIKE,128,0.42,4.02,65.63
Hunar Grewal,FULL-TIME,SCOOTER,138,0.36,4.10,68.84
Advika Kothari,FULL-TIME,SCOOTER,132,0.39,4.00,70.45
Vaibhav Chandra,FULL-TIME,SCOOTER,114,0.33,4.13,73.68
Zeeshan Barad,FULL-TIME,SCOOTER,99,0.44,4.08,65.66
Madhav Biswas,CONTRACT,SCOOTER,102,0.40,3.97,69.61
Aaina Cherian,CONTRACT,SCOOTER,111,0.48,3.95,65.77
Mamooty Kohli,CONTRACT,EV BIKE,99,0.47,3.92,64.65
Ehsaan Hora,FULL-TIME,VAN,115,0.43,4.08,62.61
Krish Dave,CONTRACT,VAN,118,0.53,3.90,58.47
Elakshi Lalla,CONTRACT,BIKE,112,0.49,4.04,62.50
Manikya Samra,FULL-TIME,BIKE,106,0.51,3.94,62.26
Jayant Dasgupta,CONTRACT,BIKE,128,0.37,4.03,70.31
Nitya Jayaraman,CONTRACT,EV BIKE,121,0.45,3.98,64.46
Gokul Biswas,CONTRACT,BIKE,93,0.45,3.99,66.67
Khushi Dhaliwal,FULL-TIME,SCOOTER,127,0.44,3.99,63.78
Saksham Vyas,FULL-TIME,BIKE,103,0.40,4.06,67.96
Sumer Sur,FULL-TIME,BIKE,84,0.36,4.11,71.43
Urvi Bains,CONTRACT,EV BIKE,107,0.44,3.96,64.49
Gokul Gulati,FULL-TIME,EV BIKE,152,0.44,4.00,66.45
Emir Roy,CONTRACT,BIKE,126,0.47,4.00,62.70
Kanav Deo,FULL-TIME,VAN,126,0.37,4.14,68.25
Kartik Singhal,FULL-TIME,EV BIKE,98,0.41,4.01,68.37
Riaan Tank,FULL-TIME,SCOOTER,129,0.53,3.90,57.36
Zain Sharma,CONTRACT,SCOOTER,111,0.63,3.79,52.25
Gatik Bansal,FULL-TIME,SCOOTER,87,0.41,4.13,70.11
Miraya Raval,FULL-TIME,EV BIKE,98,0.37,4.13,68.37
Miraan Chaudhuri,CONTRACT,BIKE,123,0.34,4.14,75.61
Mahika Mangal,CONTRACT,BIKE,83,0.43,3.96,66.27
Zeeshan Srinivas,FULL-TIME,EV BIKE,140,0.58,3.87,55.71
Myra Bir,CONTRACT,BIKE,209,0.45,4.04,64.59
Zara Bhakta,CONTRACT,SCOOTER,115,0.51,3.98,60.00
Anaya Reddy,FULL-TIME,SCOOTER,126,0.48,3.92,60.32
Faiyaz Sur,FULL-TIME,BIKE,92,0.47,3.98,63.04
Zain Kohli,CONTRACT,VAN,112,0.47,3.96,65.18
Stuvan Chaudhuri,CONTRACT,BIKE,141,0.40,4.07,68.79
Aradhya Loyal,CONTRACT,SCOOTER,87,0.41,4.01,67.82
Siya Tandon,FULL-TIME,BIKE,153,0.44,4.02,66.67
Ivan Varghese,CONTRACT,VAN,105,0.47,3.96,60.95
Amira Ratti,FULL-TIME,SCOOTER,95,0.41,4.02,69.47
Advika Comar,CONTRACT,BIKE,91,0.63,3.82,53.85
Aaryahi Bala,CONTRACT,EV BIKE,91,0.37,4.08,71.43
Trisha Saini,FULL-TIME,BIKE,91,0.52,3.93,61.54
Suhana Dar,FULL-TIME,BIKE,96,0.38,4.04,70.83
Advika Bhavsar,CONTRACT,BIKE,103,0.50,3.89,65.05
Nirvaan Sharma,FULL-TIME,EV BIKE,104,0.50,3.88,65.38
Riaan Acharya,CONTRACT,EV BIKE,99,0.41,4.03,71.72
Manikya Gill,CONTRACT,BIKE,102,0.37,4.09,70.59
Kartik Kaur,CONTRACT,VAN,124,0.49,3.93,61.29
Saira Batra,FULL-TIME,SCOOTER,119,0.46,3.98,63.87
Priyansh Bawa,CONTRACT,VAN,111,0.52,3.84,63.06
Ivana Batta,CONTRACT,VAN,123,0.51,3.88,60.98
Yakshit Lad,CONTRACT,EV BIKE,103,0.40,4.06,70.87
Saira Kala,CONTRACT,VAN,114,0.36,4.11,69.30
Saksham Dhar,CONTRACT,EV BIKE,109,0.43,4.02,62.39
Raunak Chander,CONTRACT,VAN,142,0.46,3.98,64.08
Gokul Cheema,CONTRACT,BIKE,99,0.39,4.04,70.71
Nirvi Shetty,FULL-TIME,EV BIKE,120,0.47,4.03,65.00
Dhanuk Bhatti,FULL-TIME,BIKE,95,0.36,4.09,68.42
Charvi Dubey,FULL-TIME,VAN,101,0.50,3.81,63.37
Mishti Arora,FULL-TIME,BIKE,98,0.48,3.94,60.20
Vaibhav Sahota,CONTRACT,EV BIKE,96,0.48,3.97,62.50
Indrajit Jayaraman,CONTRACT,BIKE,107,0.53,3.88,58.88
Ritvik Chahal,CONTRACT,VAN,88,0.57,3.93,60.23
Ishaan Lad,CONTRACT,VAN,131,0.51,3.90,64.89
Aarna Balasubramanian,FULL-TIME,VAN,99,0.43,4.02,64.65
Ela Dixit,FULL-TIME,SCOOTER,83,0.52,3.99,59.04
Fateh Contractor,FULL-TIME,EV BIKE,142,0.40,4.06,70.42
Hridaan Lala,CONTRACT,VAN,117,0.53,3.91,59.83
Jivin Guha,CONTRACT,EV BIKE,116,0.53,3.93,56.90
Jiya Goda,FULL-TIME,SCOOTER,117,0.43,4.03,64.10
Darshit Char,FULL-TIME,EV BIKE,118,0.43,4.05,66.10
Tushar Keer,CONTRACT,SCOOTER,114,0.46,3.94,64.91
Emir Krishna,FULL-TIME,SCOOTER,126,0.49,3.96,61.11
Prerak Rajagopal,CONTRACT,EV BIKE,107,0.53,3.90,60.75
Kashvi Vyas,FULL-TIME,SCOOTER,111,0.42,3.97,70.27
Arnav Madan,CONTRACT,EV BIKE,77,0.44,4.05,61.04
Hiran Cheema,FULL-TIME,VAN,109,0.48,3.95,60.55
Jiya Sandhu,FULL-TIME,SCOOTER,71,0.52,3.92,60.56
Nehmat Ghosh,CONTRACT,EV BIKE,76,0.33,4.14,68.42
Rania Thakur,FULL-TIME,BIKE,98,0.40,4.08,70.41
Adah Srinivasan,FULL-TIME,EV BIKE,121,0.48,3.97,63.64
Sumer Sastry,FULL-TIME,EV BIKE,103,0.49,3.90,65.05
Nehmat Raman,CONTRACT,VAN,126,0.41,4.09,67.46
Aaryahi Mani,FULL-TIME,EV BIKE,72,0.50,3.96,58.33
Neelofar Mandal,FULL-TIME,VAN,104,0.42,4.03,65.38
Tarini Lall,FULL-TIME,SCOOTER,101,0.41,4.07,65.35
Zeeshan Kumar,FULL-TIME,BIKE,136,0.40,4.04,70.59
Myra Sheth,FULL-TIME,SCOOTER,70,0.57,3.86,55.71
Vaibhav Bobal,CONTRACT,EV BIKE,133,0.38,4.16,68.42
Anya Sharaf,CONTRACT,EV BIKE,87,0.47,3.93,60.92
Rohan Srinivas,FULL-TIME,SCOOTER,93,0.44,4.00,63.44
Nirvaan Viswanathan,FULL-TIME,BIKE,109,0.46,3.99,65.14
Shlok Mani,CONTRACT,SCOOTER,106,0.35,4.17,73.58
Zeeshan Bhagat,FULL-TIME,BIKE,109,0.42,4.02,67.89
Kartik Chowdhury,FULL-TIME,BIKE,82,0.45,4.03,65.85
Ela Din,FULL-TIME,BIKE,93,0.42,4.03,66.67
Samiha Subramaniam,FULL-TIME,SCOOTER,107,0.49,3.95,62.62
Vritika Sarma,FULL-TIME,EV BIKE,98,0.46,3.99,64.29
Divit Sridhar,FULL-TIME,SCOOTER,138,0.51,3.92,62.32
Hazel Rajagopal,FULL-TIME,EV BIKE,124,0.48,3.94,61.29
Madhav Char,CONTRACT,BIKE,81,0.44,4.04,66.67
Mannat Trivedi,FULL-TIME,BIKE,121,0.55,3.87,57.85
Riaan Kade,CONTRACT,SCOOTER,118,0.50,3.91,62.71
Jhanvi Chokshi,CONTRACT,VAN,131,0.42,4.03,66.41
Vanya Raj,CONTRACT,SCOOTER,143,0.48,3.95,65.73
Prerak Chatterjee,FULL-TIME,SCOOTER,109,0.45,3.95,62.39
Tarini Madan,FULL-TIME,EV BIKE,109,0.43,3.94,66.97
Bhamini Joshi,CONTRACT,BIKE,93,0.38,4.06,69.89
Shanaya Shankar,CONTRACT,BIKE,107,0.51,3.95,58.88
Indrans Goswami,CONTRACT,VAN,108,0.52,3.86,59.26
Krish Verma,FULL-TIME,BIKE,104,0.43,3.99,65.38
Kavya Mangat,CONTRACT,EV BIKE,99,0.43,4.02,71.72
Ehsaan Rao,CONTRACT,EV BIKE,112,0.45,4.02,60.71
Hiran Virk,FULL-TIME,BIKE,145,0.42,4.06,66.21
Nitara Chakraborty,CONTRACT,EV BIKE,116,0.47,3.97,63.79
Chirag Varughese,FULL-TIME,BIKE,118,0.45,3.99,65.25
Ela Ramaswamy,CONTRACT,BIKE,160,0.49,3.92,63.75
Tara Guha,CONTRACT,EV BIKE,118,0.48,4.04,59.32
Mamooty Khatri,FULL-TIME,VAN,106,0.46,3.98,63.21
Navya Goda,FULL-TIME,SCOOTER,91,0.52,3.96,61.54
Nitya Atwal,CONTRACT,VAN,101,0.45,3.96,64.36
Kiara Chowdhury,CONTRACT,EV BIKE,102,0.43,4.02,68.63
Dhruv Bumb,FULL-TIME,SCOOTER,99,0.35,4.10,70.71
Dhanuk Dora,CONTRACT,SCOOTER,99,0.38,4.03,71.72
Badal Kala,FULL-TIME,VAN,105,0.51,3.99,60.95
Sara Ram,FULL-TIME,EV BIKE,86,0.52,3.96,59.30
Ela Bhandari,CONTRACT,EV BIKE,122,0.49,3.94,60.66
Anvi Maharaj,FULL-TIME,VAN,105,0.44,4.10,61.90
Mishti Bakshi,CONTRACT,EV BIKE,116,0.42,4.07,67.24
Keya Choudhury,FULL-TIME,SCOOTER,87,0.48,3.93,64.37
Alia Saini,CONTRACT,VAN,120,0.41,4.09,66.67
Divij Edwin,FULL-TIME,SCOOTER,109,0.39,4.05,66.06
Eshani Shroff,FULL-TIME,BIKE,112,0.41,4.06,67.86
Biju Vora,FULL-TIME,VAN,122,0.47,4.01,62.30
Miraan Saran,FULL-TIME,SCOOTER,113,0.44,4.00,62.83
Piya Sachar,CONTRACT,EV BIKE,143,0.39,4.05,67.83
Pranay Sangha,CONTRACT,BIKE,91,0.64,3.73,56.04
Riya Chaudry,FULL-TIME,SCOOTER,110,0.46,3.95,60.91
Nishith Grover,FULL-TIME,EV BIKE,112,0.42,4.03,64.29
Aaryahi Tella,FULL-TIME,SCOOTER,102,0.50,3.90,60.78
Nirvi Bansal,FULL-TIME,EV BIKE,123,0.37,4.06,70.73
Oorja Suresh,FULL-TIME,BIKE,116,0.46,4.08,65.52
Priyansh Bir,FULL-TIME,VAN,97,0.53,3.96,60.82
Ivana Srivastava,CONTRACT,SCOOTER,120,0.43,4.00,67.50
Kashvi Sant,FULL-TIME,BIKE,104,0.62,3.89,54.81
Lavanya Venkatesh,FULL-TIME,EV BIKE,103,0.40,4.02,66.99
Adah Bahl,CONTRACT,BIKE,121,0.44,4.02,66.94
Jiya Swaminathan,CONTRACT,BIKE,119,0.39,4.04,68.07
Anika Wagle,FULL-TIME,EV BIKE,110,0.55,3.91,60.00
Riaan Tara,CONTRACT,BIKE,116,0.51,3.87,63.79
Akarsh Bala,FULL-TIME,EV BIKE,98,0.53,3.96,59.18
Adah Amble,CONTRACT,SCOOTER,116,0.47,3.97,62.93
Mamooty Gala,FULL-TIME,VAN,144,0.42,4.08,63.19
Rohan Seth,FULL-TIME,BIKE,80,0.50,3.93,62.50
Nayantara Raja,FULL-TIME,SCOOTER,130,0.48,3.95,60.00
Tiya Kunda,CONTRACT,SCOOTER,108,0.49,3.99,62.04
Reyansh Rana,CONTRACT,BIKE,112,0.44,4.05,66.96
Adah Tiwari,CONTRACT,SCOOTER,100,0.46,4.01,67.00
Damini Ray,FULL-TIME,EV BIKE,128,0.40,4.04,68.75
Tarini Solanki,CONTRACT,BIKE,96,0.50,3.83,63.54
Jayesh Luthra,FULL-TIME,VAN,127,0.42,4.06,70.08
Nirvi Chaudry,CONTRACT,BIKE,159,0.55,3.88,57.23
Shalv Kade,FULL-TIME,EV BIKE,104,0.34,4.10,75.96
Aarush Sachdeva,FULL-TIME,BIKE,111,0.56,3.83,54.05
Nitara Lad,FULL-TIME,BIKE,109,0.51,3.91,60.55
Ela Baria,CONTRACT,SCOOTER,99,0.32,4.20,77.78
Kanav Boase,FULL-TIME,BIKE,92,0.61,3.85,54.35
Jivin Kant,CONTRACT,VAN,139,0.44,4.02,64.75
Eshani Virk,CONTRACT,BIKE,115,0.37,4.16,70.43
Rasha Chana,CONTRACT,SCOOTER,106,0.47,3.88,63.21
Hansh Shanker,FULL-TIME,BIKE,106,0.42,4.03,66.98
Ishaan Bail,CONTRACT,BIKE,148,0.57,3.91,61.49
Aayush Ganesh,FULL-TIME,VAN,115,0.43,4.00,68.70
Lakshit Shanker,CONTRACT,EV BIKE,120,0.48,4.03,60.83
Zaina Mandal,CONTRACT,EV BIKE,95,0.46,4.01,62.11
Jiya Dhar,CONTRACT,EV BIKE,122,0.43,3.98,64.75
Jayesh Kulkarni,CONTRACT,EV BIKE,105,0.51,3.88,63.81
Neelofar Kade,FULL-TIME,BIKE,108,0.57,3.90,55.56
Ivan Banerjee,FULL-TIME,BIKE,107,0.47,4.00,59.81
Keya Char,CONTRACT,BIKE,113,0.39,4.11,69.03
Sana Agrawal,FULL-TIME,BIKE,151,0.46,4.02,62.25
Divit Lad,FULL-TIME,EV BIKE,95,0.37,4.15,69.47
Stuvan Lal,CONTRACT,VAN,124,0.52,3.98,58.87
Abram Dara,FULL-TIME,BIKE,93,0.35,4.09,72.04
Faiyaz Swamy,FULL-TIME,VAN,87,0.51,3.92,59.77
Stuvan Chand,FULL-TIME,SCOOTER,78,0.54,3.91,61.54
Abram Saha,CONTRACT,EV BIKE,104,0.48,4.02,61.54
Divyansh Dey,CONTRACT,SCOOTER,104,0.47,3.95,65.38
Madhup Taneja,CONTRACT,EV BIKE,84,0.48,3.97,63.10
Nehmat Bains,FULL-TIME,EV BIKE,126,0.48,4.02,63.49
Hansh Saraf,CONTRACT,SCOOTER,128,0.50,3.91,63.28
Jayant Chacko,FULL-TIME,EV BIKE,116,0.39,4.07,71.55
Yasmin Kalla,CONTRACT,BIKE,83,0.49,3.89,63.86
Mehul Shroff,FULL-TIME,EV BIKE,99,0.48,4.00,64.65
Zoya Rajan,FULL-TIME,BIKE,122,0.39,4.05,67.21
Ishita Doctor,FULL-TIME,BIKE,83,0.49,3.99,57.83
Dhruv Baria,FULL-TIME,EV BIKE,104,0.42,3.98,66.35
Nitya Goel,FULL-TIME,SCOOTER,101,0.41,4.03,69.31
Anvi Vala,CONTRACT,EV BIKE,218,0.44,4.03,66.51
Jiya Bandi,FULL-TIME,BIKE,101,0.44,4.00,63.37
Prerak Suri,FULL-TIME,EV BIKE,129,0.49,3.90,62.79
Vihaan Sami,FULL-TIME,SCOOTER,114,0.56,3.87,57.02
Bhavin Keer,FULL-TIME,BIKE,89,0.60,3.87,56.18
Anvi Rana,CONTRACT,SCOOTER,108,0.54,3.85,57.41
Ivana Krish,CONTRACT,EV BIKE,92,0.39,4.14,69.57
Aaina Kanda,FULL-TIME,SCOOTER,142,0.44,3.94,66.90
Urvi Bava,CONTRACT,BIKE,96,0.44,4.04,64.58
Jivika Devan,CONTRACT,BIKE,95,0.43,4.02,67.37
Charvi Shere,CONTRACT,EV BIKE,134,0.51,3.96,59.70
Heer Maharaj,CONTRACT,BIKE,129,0.43,4.02,63.57
Aarav Amble,CONTRACT,SCOOTER,113,0.52,3.94,58.41
Jayesh Goel,FULL-TIME,SCOOTER,153,0.46,3.97,68.63
Pranay Bhatt,FULL-TIME,EV BIKE,108,0.35,4.13,69.44
Tejas Varghese,CONTRACT,BIKE,97,0.39,4.14,65.98
Jayan Taneja,CONTRACT,EV BIKE,96,0.38,4.06,70.83
Saira Bora,FULL-TIME,BIKE,122,0.46,4.06,63.93
Tarini Dua,FULL-TIME,EV BIKE,111,0.40,4.12,69.37
Nirvi Mahajan,FULL-TIME,EV BIKE,102,0.50,4.02,63.73
Kimaya Sarkar,CONTRACT,EV BIKE,98,0.53,3.91,58.16
Neysa Sankar,CONTRACT,VAN,100,0.54,3.85,60.00
Aarush Sahota,CONTRACT,EV BIKE,81,0.49,3.93,62.96
Kavya Rege,FULL-TIME,VAN,76,0.46,3.99,63.16
Manikya Koshy,CONTRACT,BIKE,151,0.48,3.92,64.24
Neelofar Ramaswamy,FULL-TIME,VAN,105,0.44,4.03,67.62
Divit Kakar,FULL-TIME,EV BIKE,92,0.28,4.20,77.17
Hazel Bhagat,CONTRACT,VAN,104,0.55,3.92,61.54
Purab Doshi,FULL-TIME,VAN,128,0.41,3.98,69.53
Dhanush Bhatti,FULL-TIME,EV BIKE,153,0.48,3.92,62.75
Darshit Goswami,FULL-TIME,VAN,97,0.44,4.03,63.92
Advik Aggarwal,FULL-TIME,BIKE,114,0.41,3.95,65.79
Chirag Mall,FULL-TIME,SCOOTER,102,0.39,4.04,68.63
Aniruddh Mangal,FULL-TIME,BIKE,81,0.46,4.07,61.73
Pari Vasa,CONTRACT,SCOOTER,79,0.29,4.17,75.95
Drishya Sanghvi,CONTRACT,SCOOTER,113,0.49,3.98,59.29
Jayesh Banik,CONTRACT,VAN,127,0.34,4.13,71.65
Ivana Anne,FULL-TIME,VAN,155,0.44,4.05,63.23
Manikya Gala,CONTRACT,BIKE,113,0.50,3.95,59.29
Parinaaz Ramaswamy,FULL-TIME,SCOOTER,115,0.48,3.95,65.22
Dhanush Ratta,CONTRACT,EV BIKE,94,0.38,4.02,69.15
Tarini Madan,CONTRACT,VAN,99,0.48,3.99,62.63
Ela Swaminathan,FULL-TIME,BIKE,106,0.35,4.14,68.87
Dhanush Gera,CONTRACT,EV BIKE,118,0.35,4.13,69.49
Chirag Gade,CONTRACT,SCOOTER,129,0.43,4.02,66.67
Tanya Dey,CONTRACT,SCOOTER,97,0.55,3.89,55.67
Hiran Iyer,FULL-TIME,SCOOTER,91,0.35,4.11,73.63
Kiaan Zachariah,FULL-TIME,BIKE,116,0.47,3.95,61.21
Jhanvi Rajagopal,FULL-TIME,VAN,99,0.51,3.94,60.61
Divyansh Yohannan,FULL-TIME,SCOOTER,127,0.51,4.02,61.42
Chirag Yohannan,FULL-TIME,SCOOTER,103,0.41,4.01,68.93
Ritvik Kumar,FULL-TIME,EV BIKE,122,0.47,4.02,64.75
Bhamini Khanna,CONTRACT,VAN,141,0.35,4.12,70.92
Romil Dar,CONTRACT,SCOOTER,125,0.34,4.19,76.00
Ojas Varughese,FULL-TIME,VAN,132,0.33,4.15,71.97
Aniruddh Mann,CONTRACT,EV BIKE,111,0.40,4.07,68.47
Zeeshan Bhavsar,FULL-TIME,BIKE,207,0.43,4.05,67.15
Madhav Andra,FULL-TIME,VAN,103,0.39,4.03,68.93
Amani Dube,FULL-TIME,SCOOTER,79,0.56,3.81,59.49
Madhup Balay,FULL-TIME,BIKE,115,0.38,4.05,69.57
Shaan Dani,CONTRACT,BIKE,116,0.44,4.02,62.07
Nirvaan Shetty,CONTRACT,EV BIKE,89,0.57,3.94,56.18
Vedika Sharma,CONTRACT,EV BIKE,91,0.53,3.84,60.44
Shalv Agarwal,CONTRACT,EV BIKE,93,0.39,4.12,70.97
Lakshay Sant,FULL-TIME,EV BIKE,113,0.52,3.89,60.18
Saira Keer,CONTRACT,VAN,103,0.45,3.99,66.02
Riaan Sinha,CONTRACT,BIKE,97,0.43,3.99,68.04
Tara Rout,FULL-TIME,SCOOTER,107,0.36,4.06,71.96
Samarth Bali,CONTRACT,VAN,120,0.53,3.93,60.83
Arnav Ghosh,CONTRACT,VAN,91,0.58,3.79,60.44
Kashvi Sood,FULL-TIME,BIKE,96,0.35,4.09,73.96
Zara Soman,FULL-TIME,VAN,137,0.36,4.08,70.07
Charvi Dugar,CONTRACT,VAN,96,0.45,3.98,64.58
Diya Dara,FULL-TIME,BIKE,110,0.42,4.04,66.36
Dhanush Bera,CONTRACT,VAN,95,0.43,4.04,66.32
Inaaya  Ganesan,CONTRACT,EV BIKE,97,0.51,3.98,61.86
Gokul Ahuja,FULL-TIME,SCOOTER,101,0.54,3.93,57.43
Tara Sant,FULL-TIME,VAN,102,0.54,3.89,60.78
Kabir Ray,FULL-TIME,VAN,92,0.40,4.01,69.57
Miraan Cherian,CONTRACT,SCOOTER,109,0.52,3.93,57.80
Advika Saran,FULL-TIME,VAN,133,0.33,4.12,72.18
Madhup Sangha,CONTRACT,VAN,90,0.51,3.90,57.78
Jayan Acharya,FULL-TIME,EV BIKE,95,0.48,3.90,62.11
Renee Goyal,CONTRACT,VAN,106,0.49,3.89,62.26
Mehul Bakshi,FULL-TIME,SCOOTER,106,0.40,4.06,67.92
Shamik Bumb,FULL-TIME,BIKE,119,0.39,4.07,68.91
Anahita Chakraborty,CONTRACT,BIKE,102,0.46,3.96,66.67
Aayush Handa,FULL-TIME,BIKE,96,0.59,3.81,60.42
Aniruddh Bhatt,FULL-TIME,BIKE,81,0.44,3.98,66.67
Onkar Basak,CONTRACT,EV BIKE,109,0.62,3.80,51.38
Prerak Chana,FULL-TIME,SCOOTER,71,0.51,3.88,60.56
Gokul Rout,CONTRACT,EV BIKE,99,0.42,3.97,71.72
Dishani Hari,FULL-TIME,EV BIKE,107,0.38,4.08,67.29
Hridaan Khanna,CONTRACT,BIKE,111,0.44,3.97,65.77
Lakshay Kamdar,FULL-TIME,SCOOTER,123,0.59,3.87,52.03
Dhruv Kulkarni,CONTRACT,VAN,82,0.37,4.11,70.73
Stuvan Guha,FULL-TIME,BIKE,161,0.37,4.10,68.94
Vanya Cherian,CONTRACT,EV BIKE,101,0.48,3.90,66.34
Yakshit Ganesh,CONTRACT,VAN,125,0.58,3.85,58.40
Nishith Bhat,FULL-TIME,VAN,103,0.40,4.09,68.93
Raghav Rana,CONTRACT,SCOOTER,119,0.50,3.93,63.87
Gokul Saraf,FULL-TIME,EV BIKE,125,0.44,3.98,68.00
Reyansh Sethi,FULL-TIME,SCOOTER,101,0.50,3.89,61.39
Saira Sura,CONTRACT,EV BIKE,104,0.59,3.86,54.81
Biju Maharaj,FULL-TIME,EV BIKE,94,0.40,4.03,65.96
Nishith Mani,CONTRACT,VAN,116,0.47,3.98,60.34
Stuvan Krish,FULL-TIME,BIKE,139,0.42,4.05,67.63
Jiya Dey,FULL-TIME,SCOOTER,100,0.54,3.89,59.00
Sana Dayal,CONTRACT,SCOOTER,127,0.40,4.12,63.78
Pranay Wali,CONTRACT,BIKE,113,0.63,3.84,52.21
Sahil Chowdhury,FULL-TIME,SCOOTER,107,0.52,3.94,61.68
Kavya Barad,FULL-TIME,BIKE,96,0.41,4.01,69.79
Zara Dugar,CONTRACT,BIKE,139,0.55,3.88,53.96
Amani Krish,FULL-TIME,SCOOTER,101,0.30,4.10,78.22
Veer Bhat,FULL-TIME,BIKE,117,0.55,3.94,58.97
Vaibhav Suri,FULL-TIME,VAN,111,0.43,4.09,66.67
Jayesh Wadhwa,FULL-TIME,EV BIKE,101,0.45,4.01,60.40
Miraya Dara,FULL-TIME,VAN,145,0.39,4.03,68.97
Jiya Suri,CONTRACT,SCOOTER,116,0.41,4.09,68.97
Rati Sehgal,CONTRACT,EV BIKE,92,0.30,4.20,76.09
Kashvi Sethi,FULL-TIME,BIKE,96,0.41,4.06,65.63
Saira Apte,FULL-TIME,SCOOTER,104,0.45,3.98,63.46
Aaryahi Sama,CONTRACT,VAN,127,0.31,4.15,70.87
Zoya Raja,FULL-TIME,VAN,135,0.39,4.11,68.15
Vaibhav Sodhi,CONTRACT,EV BIKE,94,0.36,4.06,70.21
Anahita Korpal,CONTRACT,BIKE,81,0.46,4.05,66.67
Pihu Suresh,CONTRACT,EV BIKE,115,0.43,4.00,68.70
Saira Shan,CONTRACT,BIKE,103,0.44,3.99,66.02
Ayesha Mani,CONTRACT,SCOOTER,125,0.41,4.05,65.60
Sahil Lala,CONTRACT,VAN,113,0.49,3.98,61.06
Kavya Golla,CONTRACT,BIKE,139,0.43,4.04,65.47
Romil Sant,CONTRACT,SCOOTER,93,0.40,4.15,66.67
Shaan Dani,FULL-TIME,VAN,144,0.42,4.01,68.75
Sahil Mani,CONTRACT,BIKE,126,0.44,4.01,67.46
Aniruddh Bhalla,FULL-TIME,BIKE,97,0.48,3.94,60.82
Krish Bhatti,FULL-TIME,SCOOTER,103,0.46,3.95,65.05
Pari Loyal,FULL-TIME,EV BIKE,103,0.49,4.02,61.17
Riaan Bala,FULL-TIME,BIKE,129,0.45,4.01,67.44
Vedika Kumar,FULL-TIME,SCOOTER,208,0.43,3.96,67.79
Jivika Kannan,CONTRACT,VAN,107,0.36,4.08,71.03
Riya Brahmbhatt,CONTRACT,SCOOTER,83,0.55,3.87,62.65
Kaira Balan,FULL-TIME,SCOOTER,126,0.52,3.97,61.11
Rhea Varughese,CONTRACT,SCOOTER,104,0.47,4.00,62.50
Biju Chatterjee,CONTRACT,BIKE,103,0.62,3.79,53.40
Zoya Kothari,FULL-TIME,VAN,109,0.46,4.02,63.30
Gokul Rajan,CONTRACT,EV BIKE,139,0.42,3.97,66.91
Urvi Sethi,CONTRACT,BIKE,89,0.40,4.03,68.54
Renee Sahota,CONTRACT,SCOOTER,121,0.44,4.00,66.12
Manikya Ghosh,FULL-TIME,BIKE,115,0.54,3.89,60.00
Tushar Bhargava,FULL-TIME,SCOOTER,103,0.50,4.00,62.14
Charvi Bhalla,CONTRACT,EV BIKE,110,0.51,3.95,60.91
Azad Rana,FULL-TIME,BIKE,93,0.44,4.03,62.37
Indranil Jhaveri,FULL-TIME,BIKE,102,0.40,4.05,68.63
Keya Swamy,CONTRACT,BIKE,97,0.61,3.80,52.58
Ira Sura,CONTRACT,EV BIKE,117,0.44,3.99,66.67
Bhamini Gola,CONTRACT,BIKE,111,0.41,4.10,67.57
Badal Kalla,FULL-TIME,VAN,126,0.48,3.89,66.67
Farhan Sandhu,CONTRACT,BIKE,118,0.52,3.91,63.56
Shray Johal,FULL-TIME,VAN,120,0.43,4.00,64.17
Ivan Singhal,FULL-TIME,EV BIKE,111,0.55,3.86,57.66
Tarini Dhaliwal,CONTRACT,EV BIKE,118,0.53,3.93,61.02
Priyansh Hayer,FULL-TIME,VAN,116,0.43,4.04,67.24
Gokul Varghese,CONTRACT,VAN,107,0.50,3.94,61.68
Aradhya Korpal,CONTRACT,BIKE,108,0.36,4.07,74.07
Tejas Brar,FULL-TIME,EV BIKE,100,0.43,4.04,64.00
Azad Thaker,FULL-TIME,SCOOTER,106,0.44,3.95,66.98
Alia Ganguly,FULL-TIME,BIKE,101,0.54,3.93,58.42
Vardaniya Bath,FULL-TIME,SCOOTER,80,0.49,4.00,60.00
Hansh Barad,CONTRACT,VAN,115,0.49,3.89,66.09
Aarna Dhingra,FULL-TIME,VAN,137,0.49,3.93,64.96
Nirvaan Sundaram,CONTRACT,VAN,130,0.60,3.84,53.08
Samarth Rege,FULL-TIME,SCOOTER,122,0.44,3.98,68.03
Indranil Rana,FULL-TIME,EV BIKE,128,0.48,3.91,65.63
Myra Dara,CONTRACT,VAN,115,0.45,4.02,62.61
Dhanuk Dave,CONTRACT,VAN,96,0.54,3.84,59.38
Keya Kumer,CONTRACT,EV BIKE,125,0.53,3.97,57.60
Taimur Kapur,CONTRACT,VAN,125,0.40,4.09,70.40
Ira Thaker,FULL-TIME,BIKE,151,0.41,4.08,68.87
Indranil Sengupta,FULL-TIME,VAN,108,0.49,3.89,64.81
Zain Dhawan,CONTRACT,SCOOTER,134,0.47,3.96,64.18
Romil Vig,CONTRACT,VAN,83,0.46,3.98,63.86
Reyansh Sandal,CONTRACT,SCOOTER,123,0.39,4.05,68.29
Ojas Bhargava,FULL-TIME,VAN,98,0.43,4.00,66.33
Charvi Chad,FULL-TIME,VAN,137,0.36,4.10,69.34
Aradhya Sundaram,CONTRACT,EV BIKE,115,0.37,4.06,69.57
Drishya Khurana,FULL-TIME,VAN,76,0.45,4.01,65.79
Ryan Venkataraman,FULL-TIME,VAN,97,0.48,3.96,62.89
Tarini Badal,CONTRACT,VAN,95,0.43,3.98,64.21
Raghav Bath,CONTRACT,EV BIKE,95,0.43,4.02,64.21
Eva Ramaswamy,FULL-TIME,SCOOTER,121,0.46,3.99,60.33
Jayant Sarma,CONTRACT,SCOOTER,100,0.41,4.08,69.00
Sumer Manda,FULL-TIME,VAN,113,0.41,4.10,65.49
Vihaan Deo,FULL-TIME,BIKE,117,0.36,4.16,70.09
Advik Doshi,CONTRACT,BIKE,140,0.51,3.98,60.00
Jivika Brahmbhatt,CONTRACT,EV BIKE,101,0.42,4.06,68.32
Veer Ben,FULL-TIME,BIKE,109,0.42,3.96,67.89
Ivana Suri,FULL-TIME,BIKE,138,0.46,3.99,63.77
Indrans Ram,CONTRACT,SCOOTER,120,0.43,4.01,67.50
Nitya Tandon,FULL-TIME,BIKE,106,0.39,4.08,66.98
Zeeshan Wali,FULL-TIME,EV BIKE,132,0.44,4.01,67.42
Chirag Dua,FULL-TIME,VAN,110,0.50,3.91,59.09
Tarini Vora,CONTRACT,BIKE,101,0.44,3.99,67.33
Shlok Bali,FULL-TIME,EV BIKE,127,0.46,4.01,67.72
Fateh Devan,CONTRACT,EV BIKE,98,0.55,3.91,58.16
Baiju Jani,FULL-TIME,EV BIKE,102,0.67,3.68,52.94
Anahi Hans,CONTRACT,VAN,89,0.40,4.04,69.66
Ishita Saran,FULL-TIME,SCOOTER,106,0.34,4.14,71.70
Shalv Ravel,FULL-TIME,VAN,95,0.52,3.96,61.05
Tushar Sharaf,CONTRACT,EV BIKE,132,0.40,4.05,70.45
Parinaaz Sarraf,CONTRACT,BIKE,102,0.49,3.99,61.76
Kavya De,CONTRACT,SCOOTER,137,0.38,4.07,69.34
Akarsh Dutt,FULL-TIME,BIKE,91,0.53,3.87,58.24
Anaya Wadhwa,CONTRACT,EV BIKE,92,0.39,4.04,67.39
Devansh Sami,CONTRACT,SCOOTER,90,0.47,4.05,66.67
Ryan Anne,CONTRACT,EV BIKE,82,0.39,4.12,70.73
Akarsh Dada,FULL-TIME,EV BIKE,98,0.42,4.00,68.37
Hrishita Dhar,CONTRACT,VAN,108,0.44,3.98,65.74
Hansh Wali,FULL-TIME,SCOOTER,88,0.40,4.11,65.91
Myra Shan,CONTRACT,SCOOTER,103,0.55,3.85,62.14
Devansh Soman,CONTRACT,SCOOTER,124,0.40,4.09,65.32
Umang Lall,CONTRACT,SCOOTER,100,0.45,4.06,63.00
Nehmat Vohra,FULL-TIME,VAN,78,0.45,4.01,65.38
Anahi Rau,CONTRACT,EV BIKE,100,0.42,4.07,71.00
Vardaniya Basak,CONTRACT,BIKE,129,0.50,3.91,63.57
Tanya Iyer,CONTRACT,SCOOTER,120,0.43,4.08,65.00
Tanya Rao,CONTRACT,SCOOTER,138,0.46,4.00,64.49
Aniruddh Bal,FULL-TIME,BIKE,94,0.48,3.96,59.57
Shayak Chad,FULL-TIME,VAN,132,0.42,4.09,65.15
Kartik Kumer,FULL-TIME,SCOOTER,97,0.47,4.05,62.89
Anay Shroff,FULL-TIME,EV BIKE,104,0.52,3.98,62.50
Elakshi Doctor,CONTRACT,SCOOTER,127,0.47,3.99,59.84
Tushar Buch,FULL-TIME,EV BIKE,79,0.47,3.99,64.56
Piya Varty,FULL-TIME,VAN,87,0.49,4.00,63.22
Divyansh Virk,FULL-TIME,VAN,89,0.55,3.94,57.30
Azad Anand,CONTRACT,BIKE,84,0.39,4.10,67.86
Anaya Lanka,CONTRACT,EV BIKE,101,0.50,3.94,59.41
Ehsaan Ganguly,FULL-TIME,BIKE,110,0.44,3.98,64.55
Nakul Solanki,FULL-TIME,EV BIKE,189,0.43,4.06,65.61
Divyansh Master,FULL-TIME,SCOOTER,98,0.43,4.03,72.45
Nitya Thaman,FULL-TIME,VAN,78,0.42,4.07,62.82
Vidur Dugar,CONTRACT,EV BIKE,106,0.39,4.05,67.92
Saanvi Chand,FULL-TIME,SCOOTER,92,0.53,3.86,59.78
Hansh Sule,FULL-TIME,SCOOTER,121,0.52,3.85,60.33
Rohan Rastogi,CONTRACT,VAN,116,0.46,4.05,62.07
Jhanvi Dhaliwal,CONTRACT,BIKE,99,0.47,3.92,64.65
Ehsaan Bail,CONTRACT,EV BIKE,107,0.36,4.15,69.16
Romil Dhillon,FULL-TIME,BIKE,90,0.38,4.07,70.00
Eshani Wable,CONTRACT,BIKE,158,0.42,4.06,68.35
Faiyaz Sekhon,CONTRACT,VAN,116,0.47,3.97,62.93
Dhanush Maharaj,FULL-TIME,EV BIKE,161,0.47,4.01,61.49
Priyansh Doshi,FULL-TIME,EV BIKE,108,0.52,3.87,62.04
Tejas Kuruvilla,FULL-TIME,VAN,80,0.41,4.04,68.75
Chirag Srivastava,CONTRACT,EV BIKE,139,0.48,3.93,64.03
Lakshay Tripathi,FULL-TIME,EV BIKE,115,0.38,4.06,67.83
Miraan Ravel,FULL-TIME,VAN,141,0.40,4.09,67.38
Sara Gokhale,FULL-TIME,BIKE,106,0.42,4.06,66.04
Rasha Wason,FULL-TIME,VAN,114,0.48,3.90,64.04
Nitara Bajwa,CONTRACT,EV BIKE,129,0.38,4.02,68.99
Miraan Sankar,FULL-TIME,SCOOTER,106,0.35,4.08,74.53
Mannat Chatterjee,CONTRACT,VAN,107,0.50,3.90,59.81
Kashvi Mand,CONTRACT,VAN,101,0.41,4.11,65.35
Saanvi Sehgal,CONTRACT,BIKE,104,0.47,4.00,63.46
Dhanuk Hayer,FULL-TIME,SCOOTER,92,0.41,4.05,70.65
Prerak Chadha,CONTRACT,SCOOTER,80,0.38,4.12,67.50
Indrans Krishnan,CONTRACT,VAN,96,0.41,4.12,69.79
Kabir Krishnamurthy,CONTRACT,SCOOTER,97,0.35,4.11,72.16
Tushar Kaul,FULL-TIME,BIKE,107,0.33,4.14,71.96
Yuvaan Borra,FULL-TIME,VAN,89,0.46,4.00,60.67
Aradhya Dhingra,FULL-TIME,SCOOTER,95,0.38,4.07,67.37
Yakshit Samra,CONTRACT,SCOOTER,148,0.47,4.00,62.16
Dhanuk Bose,FULL-TIME,SCOOTER,137,0.39,4.09,66.42
Vivaan Chawla,CONTRACT,SCOOTER,142,0.47,3.99,61.27
Shaan Master,FULL-TIME,BIKE,117,0.51,3.96,58.12
Shamik Sem,CONTRACT,EV BIKE,104,0.38,4.10,70.19
Tarini Kara,CONTRACT,BIKE,85,0.54,3.86,58.82
Kanav Sarma,CONTRACT,EV BIKE,111,0.40,4.05,69.37
Nitya Korpal,CONTRACT,VAN,90,0.34,4.07,71.11
Nirvaan Khare,FULL-TIME,SCOOTER,112,0.50,3.97,62.50
Indrajit Thakkar,CONTRACT,EV BIKE,126,0.44,3.99,69.05
Heer Walia,CONTRACT,SCOOTER,79,0.34,4.07,73.42
Dishani Chadha,FULL-TIME,SCOOTER,103,0.45,3.97,66.02
Anika Bal,FULL-TIME,BIKE,143,0.41,4.02,67.83
Tara Magar,FULL-TIME,VAN,122,0.34,4.13,72.13
Hazel Sharma,FULL-TIME,EV BIKE,79,0.46,3.97,63.29
Vanya Sanghvi,CONTRACT,BIKE,93,0.45,4.05,63.44
Shanaya Kara,CONTRACT,EV BIKE,121,0.42,4.02,66.12
Bhamini Hans,CONTRACT,SCOOTER,76,0.36,4.08,71.05
Dharmajan Chana,FULL-TIME,EV BIKE,139,0.59,3.89,52.52
Amani Gopal,FULL-TIME,BIKE,89,0.47,4.04,61.80
Ryan Doctor,FULL-TIME,VAN,139,0.45,4.00,62.59
Jhanvi Garg,CONTRACT,BIKE,135,0.38,4.11,68.89
Siya Wali,CONTRACT,BIKE,94,0.41,4.02,68.09
Kimaya Dewan,FULL-TIME,BIKE,118,0.50,3.95,59.32
Manjari Bala,FULL-TIME,EV BIKE,113,0.43,4.05,66.37
Vihaan Srinivasan,CONTRACT,EV BIKE,128,0.42,4.07,67.19
Tarini Dube,CONTRACT,SCOOTER,110,0.43,4.02,64.55
Nakul Basak,CONTRACT,SCOOTER,110,0.40,4.03,68.18
Indrajit Dani,CONTRACT,EV BIKE,110,0.45,3.98,61.82
Amira Kuruvilla,FULL-TIME,BIKE,87,0.54,3.91,60.92
Oorja Sarna,CONTRACT,VAN,115,0.46,3.98,64.35
Divyansh Bora,FULL-TIME,VAN,136,0.49,3.96,60.29
Diya Randhawa,FULL-TIME,SCOOTER,109,0.42,3.98,69.72
Inaaya  Lal,FULL-TIME,EV BIKE,115,0.37,4.12,68.70
Samar Doctor,FULL-TIME,BIKE,121,0.51,3.93,60.33
Dhanush Sandhu,FULL-TIME,VAN,116,0.26,4.21,75.86
Amira Khosla,FULL-TIME,BIKE,124,0.44,4.06,64.52
Ahana  Devi,FULL-TIME,VAN,80,0.48,4.08,58.75
Krish Sarna,CONTRACT,EV BIKE,109,0.39,4.11,71.56
Ishita Lata,CONTRACT,BIKE,110,0.44,3.99,68.18
Ivana Vyas,FULL-TIME,SCOOTER,83,0.43,4.00,66.27
Divit Rajagopal,FULL-TIME,SCOOTER,121,0.43,4.05,69.42
Trisha Bhakta,CONTRACT,BIKE,90,0.49,3.99,62.22
Samaira Bawa,CONTRACT,BIKE,105,0.50,3.97,61.90
Purab Bedi,CONTRACT,BIKE,95,0.49,3.93,65.26
Romil Sharaf,CONTRACT,BIKE,117,0.40,4.13,68.38
Kartik Bobal,CONTRACT,EV BIKE,111,0.44,3.96,67.57
Badal Saini,CONTRACT,EV BIKE,118,0.46,3.97,64.41
Gokul Sengupta,CONTRACT,EV BIKE,98,0.42,4.06,64.29
Mamooty Bajaj,CONTRACT,BIKE,91,0.34,4.11,70.33
Shray Korpal,CONTRACT,EV BIKE,99,0.51,3.99,60.61
Nirvi Goda,CONTRACT,SCOOTER,109,0.47,3.94,62.39
Onkar Deep,CONTRACT,BIKE,110,0.51,3.92,60.91
Dhanush Butala,CONTRACT,EV BIKE,96,0.43,3.99,69.79
Saanvi Dubey,CONTRACT,EV BIKE,101,0.40,4.04,67.33
Misha Soman,CONTRACT,EV BIKE,112,0.50,3.93,61.61
Divit Soman,FULL-TIME,EV BIKE,133,0.26,4.22,78.20
Nakul Mahal,CONTRACT,BIKE,132,0.43,3.98,65.91
Pihu Dayal,CONTRACT,EV BIKE,91,0.64,3.81,52.75
Heer Boase,FULL-TIME,BIKE,125,0.44,3.97,66.40
Emir Deshpande,FULL-TIME,SCOOTER,100,0.51,3.93,62.00
Nishith Ben,CONTRACT,VAN,102,0.36,4.05,72.55
Eva Maharaj,FULL-TIME,BIKE,88,0.41,3.97,70.45
Anya Mangat,CONTRACT,SCOOTER,104,0.38,4.05,67.31
Saira Rege,CONTRACT,BIKE,119,0.56,3.88,57.14
Kismat Bandi,CONTRACT,SCOOTER,136,0.46,3.98,63.24
Bhamini Lata,CONTRACT,SCOOTER,123,0.49,3.93,61.79
Jayant Bhakta,CONTRACT,EV BIKE,149,0.41,4.04,68.46
Zaina Deep,FULL-TIME,SCOOTER,73,0.58,3.82,57.53
Divij Sarraf,FULL-TIME,EV BIKE,86,0.45,4.06,67.44
Khushi Mani,FULL-TIME,VAN,108,0.50,3.93,59.26
Indrajit Raju,FULL-TIME,VAN,120,0.39,4.05,67.50
Alia Saraf,FULL-TIME,SCOOTER,116,0.45,4.01,62.07
Shray Choudhary,CONTRACT,VAN,99,0.41,4.00,68.69
Jhanvi Venkataraman,FULL-TIME,VAN,118,0.46,3.93,63.56
Ayesha Sur,FULL-TIME,BIKE,91,0.38,4.11,70.33
Adah Chaudry,FULL-TIME,BIKE,118,0.47,4.01,61.02
Madhup Gole,FULL-TIME,VAN,121,0.40,4.11,69.42
Romil Batra,CONTRACT,EV BIKE,111,0.42,4.00,69.37
Saanvi Ramesh,CONTRACT,VAN,138,0.42,4.04,68.12
Darshit Kumar,CONTRACT,EV BIKE,97,0.43,3.96,68.04
Madhav Kant,FULL-TIME,EV BIKE,111,0.48,3.96,64.86
Mohanlal Grewal,FULL-TIME,SCOOTER,98,0.49,3.84,63.27
Kashvi Batra,CONTRACT,SCOOTER,121,0.53,3.89,57.85
Jayan Jaggi,FULL-TIME,EV BIKE,119,0.41,4.02,68.07
Taran Bhattacharyya,CONTRACT,BIKE,101,0.45,4.03,67.33
Nirvaan Sheth,CONTRACT,EV BIKE,145,0.44,4.01,67.59
Madhup Sridhar,CONTRACT,VAN,96,0.53,3.93,59.38
Jivin Bir,CONTRACT,BIKE,83,0.49,3.90,61.45
Rhea Chauhan,CONTRACT,EV BIKE,114,0.43,4.05,67.54
Jayan Butala,FULL-TIME,BIKE,107,0.50,3.90,61.68
Aayush Ramakrishnan,FULL-TIME,BIKE,94,0.45,4.01,67.02
Jhanvi Kadakia,CONTRACT,BIKE,131,0.39,4.09,67.94
Anaya Lal,CONTRACT,EV BIKE,108,0.43,3.95,67.59
Heer Virk,CONTRACT,VAN,85,0.52,3.92,61.18
Vaibhav Dara,CONTRACT,VAN,79,0.43,3.98,65.82
Veer Hari,FULL-TIME,BIKE,101,0.49,3.97,63.37
Kavya Agate,CONTRACT,EV BIKE,128,0.38,4.14,71.09
Mannat Shah,CONTRACT,VAN,98,0.39,4.07,69.39
Veer Rama,CONTRACT,BIKE,101,0.43,3.94,65.35
Shanaya Grover,CONTRACT,SCOOTER,129,0.45,4.00,67.44
Heer Madan,CONTRACT,SCOOTER,97,0.41,4.08,70.10
Dharmajan Din,FULL-TIME,VAN,89,0.46,3.93,67.42
Siya Agate,FULL-TIME,EV BIKE,115,0.44,4.02,63.48
Tanya Gandhi,FULL-TIME,SCOOTER,100,0.44,4.03,70.00
Rasha Ben,CONTRACT,SCOOTER,96,0.40,4.05,69.79
Nirvaan Kuruvilla,FULL-TIME,VAN,125,0.39,4.09,67.20
Emir Walia,FULL-TIME,BIKE,93,0.56,3.88,56.99
Raunak Chandran,CONTRACT,EV BIKE,111,0.32,4.13,72.07
Arhaan Dhar,FULL-TIME,BIKE,83,0.52,4.02,60.24
Samiha Sen,CONTRACT,SCOOTER,95,0.36,4.07,75.79
Vedika Thaman,FULL-TIME,VAN,75,0.32,4.17,72.00
Urvi Tiwari,FULL-TIME,EV BIKE,106,0.38,4.08,70.75
Amira Dugar,CONTRACT,SCOOTER,96,0.46,4.01,66.67
Aayush Grover,CONTRACT,BIKE,128,0.36,4.12,71.09
Amira Kurian,CONTRACT,BIKE,98,0.52,3.85,61.22
Urvi Batta,FULL-TIME,EV BIKE,92,0.46,4.06,67.39
Indranil Sanghvi,FULL-TIME,EV BIKE,83,0.45,3.96,66.27
Dhruv Sheth,CONTRACT,SCOOTER,77,0.44,3.99,68.83
Pihu Kara,FULL-TIME,SCOOTER,88,0.52,3.89,63.64
Onkar Tiwari,FULL-TIME,BIKE,104,0.38,4.12,67.31
Rhea Bhat,FULL-TIME,BIKE,83,0.41,4.05,71.08
Chirag Anne,CONTRACT,VAN,94,0.41,4.06,64.89
Hunar Sem,CONTRACT,BIKE,116,0.51,3.98,59.48
Indranil Bhardwaj,CONTRACT,SCOOTER,110,0.46,4.00,62.73
Kartik Vasa,FULL-TIME,SCOOTER,104,0.40,3.98,70.19
Lakshit Sood,CONTRACT,VAN,91,0.52,3.94,60.44
Abram Ahluwalia,FULL-TIME,BIKE,90,0.40,4.02,71.11
Riya Gokhale,CONTRACT,EV BIKE,89,0.45,4.02,66.29
Ahana  Saxena,CONTRACT,BIKE,131,0.54,3.92,58.78
Nishith Raj,FULL-TIME,VAN,100,0.45,4.02,65.00
Manikya Varghese,FULL-TIME,SCOOTER,91,0.44,4.02,65.93
Purab Khalsa,CONTRACT,VAN,112,0.44,3.98,64.29
Anya Hora,CONTRACT,VAN,111,0.50,3.99,56.76
Emir Rama,CONTRACT,BIKE,141,0.41,4.06,68.79
Heer Ravi,FULL-TIME,SCOOTER,84,0.55,3.97,59.52
Vivaan Ravi,CONTRACT,SCOOTER,91,0.54,3.93,58.24
Eshani Rana,CONTRACT,VAN,93,0.32,4.13,75.27
Vivaan Sehgal,CONTRACT,VAN,126,0.44,4.01,65.87
Ira Vasa,FULL-TIME,VAN,111,0.40,4.05,71.17
Piya Loyal,FULL-TIME,VAN,109,0.38,4.13,67.89
Vritika Gulati,CONTRACT,EV BIKE,84,0.35,4.12,71.43
Rhea Desai,FULL-TIME,VAN,97,0.48,3.90,65.98
Hridaan Ramachandran,CONTRACT,BIKE,106,0.47,3.93,64.15
Kashvi Dey,CONTRACT,EV BIKE,91,0.57,3.90,58.24
Chirag Kala,CONTRACT,EV BIKE,69,0.43,4.00,66.67
Ayesha Raman,CONTRACT,SCOOTER,108,0.44,4.02,66.67
Adira Gara,CONTRACT,VAN,88,0.43,4.06,64.77
Indrajit Warrior,CONTRACT,SCOOTER,102,0.50,3.93,60.78
Sana Sagar,CONTRACT,SCOOTER,107,0.51,3.90,60.75
Ivan Doctor,FULL-TIME,VAN,79,0.63,3.77,49.37
Lakshay Sarna,FULL-TIME,BIKE,127,0.49,3.92,62.99
Tushar Som,CONTRACT,SCOOTER,84,0.56,3.88,59.52
Ranbir Sami,FULL-TIME,VAN,84,0.43,4.03,64.29
Ishaan Chandran,CONTRACT,EV BIKE,76,0.37,4.12,68.42
Veer Sachdev,CONTRACT,SCOOTER,109,0.38,4.06,70.64
Ojas Agrawal,FULL-TIME,BIKE,90,0.30,4.23,76.67
Alia Venkataraman,CONTRACT,EV BIKE,97,0.46,4.03,64.95
Saira Verma,FULL-TIME,SCOOTER,90,0.53,3.88,60.00
Uthkarsh Sagar,CONTRACT,EV BIKE,105,0.50,4.00,60.00
Devansh Warrior,FULL-TIME,VAN,102,0.53,3.98,58.82
Advika Vala,FULL-TIME,SCOOTER,82,0.44,4.01,63.41
Yuvraj  Vasa,FULL-TIME,SCOOTER,75,0.45,4.06,62.67
Rasha Jha,CONTRACT,SCOOTER,118,0.46,3.98,65.25
Mannat Ratti,CONTRACT,EV BIKE,70,0.51,3.92,60.00
Anvi Rana,FULL-TIME,VAN,70,0.44,3.95,67.14
Anahi Bail,CONTRACT,SCOOTER,113,0.45,4.03,63.72
Armaan Barad,CONTRACT,EV BIKE,156,0.48,3.93,64.74
Uthkarsh Gola,FULL-TIME,SCOOTER,99,0.49,3.94,61.62
Faiyaz Vora,FULL-TIME,VAN,86,0.47,3.96,65.12
Purab Singh,CONTRACT,EV BIKE,89,0.48,3.99,64.04
Rati Basu,FULL-TIME,VAN,120,0.46,4.03,62.50
Fateh Sanghvi,CONTRACT,BIKE,74,0.27,4.21,77.03
Shalv Sawhney,CONTRACT,SCOOTER,114,0.47,3.95,64.91
Elakshi Dugal,FULL-TIME,SCOOTER,102,0.52,3.87,62.75
Taimur Wason,FULL-TIME,VAN,100,0.37,4.08,69.00
Tiya Banerjee,CONTRACT,SCOOTER,110,0.45,3.96,67.27
Krish Trivedi,CONTRACT,VAN,110,0.49,3.92,64.55
Veer Deo,FULL-TIME,BIKE,102,0.43,4.07,64.71
Elakshi Sinha,FULL-TIME,EV BIKE,75,0.59,3.83,54.67
Riya Rajan,FULL-TIME,SCOOTER,122,0.50,3.88,59.02
Alisha Goel,FULL-TIME,VAN,112,0.34,4.13,75.00
Lagan Tandon,FULL-TIME,BIKE,95,0.35,4.14,70.53
Zoya Banik,FULL-TIME,EV BIKE,105,0.49,4.03,59.05
Emir Kala,FULL-TIME,BIKE,107,0.45,4.03,62.62
Shayak Lad,FULL-TIME,SCOOTER,75,0.56,3.95,57.33
Anvi Reddy,CONTRACT,BIKE,91,0.51,3.93,61.54
Divij Tella,FULL-TIME,EV BIKE,90,0.29,4.13,74.44
Jayan Sani,FULL-TIME,EV BIKE,99,0.56,3.90,56.57
Mishti Kara,CONTRACT,VAN,104,0.46,3.89,64.42
Hiran Suri,CONTRACT,BIKE,107,0.44,4.07,65.42
Vidur Sankaran,FULL-TIME,SCOOTER,100,0.58,3.85,55.00
Tushar Goel,FULL-TIME,EV BIKE,110,0.35,4.12,71.82
Taimur Shankar,CONTRACT,EV BIKE,127,0.47,3.90,66.14
Tarini Saraf,CONTRACT,EV BIKE,125,0.46,4.00,64.00
Akarsh Shanker,CONTRACT,EV BIKE,106,0.47,3.96,66.04
Indranil Tata,FULL-TIME,SCOOTER,91,0.53,3.92,59.34
Rati Uppal,CONTRACT,VAN,71,0.49,3.94,61.97
Riya Mallick,FULL-TIME,VAN,93,0.44,4.04,63.44
Ishita Atwal,CONTRACT,EV BIKE,130,0.41,4.06,67.69
Indranil Khare,CONTRACT,SCOOTER,129,0.40,4.09,71.32
Lakshay Khare,FULL-TIME,SCOOTER,111,0.54,3.87,56.76
Piya Sura,FULL-TIME,SCOOTER,135,0.51,3.96,59.26
Sara Sandhu,FULL-TIME,VAN,96,0.44,4.02,60.42
Mannat Sachdev,FULL-TIME,SCOOTER,70,0.47,4.00,64.29
Samar Varughese,CONTRACT,BIKE,79,0.48,4.01,64.56
Romil Subramanian,FULL-TIME,VAN,87,0.44,4.00,65.52
Eshani Bajaj,FULL-TIME,EV BIKE,85,0.58,3.85,54.12
Manjari Thaman,CONTRACT,BIKE,90,0.47,3.99,64.44
Lakshit Savant,CONTRACT,BIKE,111,0.43,4.00,66.67
Sana Arora,FULL-TIME,VAN,84,0.48,3.96,65.48
Himmat Sundaram,FULL-TIME,EV BIKE,86,0.50,3.94,63.95
Akarsh Jani,CONTRACT,EV BIKE,123,0.54,3.89,60.98
Ivan Kuruvilla,CONTRACT,BIKE,111,0.41,4.07,66.67
Nayantara Kapadia,FULL-TIME,VAN,89,0.44,4.02,66.29
Rania Sengupta,FULL-TIME,VAN,91,0.40,4.04,69.23
Nakul Keer,FULL-TIME,BIKE,82,0.37,4.13,71.95
Krish Iyer,CONTRACT,VAN,112,0.45,3.99,64.29
Mannat Badal,FULL-TIME,VAN,102,0.46,3.92,62.75
Anahita Cherian,FULL-TIME,EV BIKE,89,0.51,3.92,58.43
Onkar Wali,CONTRACT,VAN,116,0.59,3.87,54.31
Prerak Kashyap,CONTRACT,BIKE,113,0.39,4.07,69.03
Adira Singh,CONTRACT,SCOOTER,109,0.47,3.94,65.14
Rania Biswas,FULL-TIME,VAN,85,0.51,3.88,62.35
Pari Goyal,CONTRACT,EV BIKE,129,0.28,4.28,75.19
Samar Bobal,CONTRACT,SCOOTER,107,0.46,3.96,63.55
Nirvaan Krishnamurthy,CONTRACT,EV BIKE,105,0.47,3.98,63.81
Alisha Bhasin,CONTRACT,SCOOTER,106,0.47,3.98,61.32
Kavya Kari,FULL-TIME,EV BIKE,105,0.44,4.06,64.76
Farhan Saini,FULL-TIME,BIKE,94,0.40,4.03,68.09
Raunak Hegde,CONTRACT,VAN,95,0.43,4.03,66.32
Gatik Randhawa,CONTRACT,SCOOTER,87,0.51,3.95,60.92
Ryan Datta,FULL-TIME,SCOOTER,77,0.60,3.88,54.55
Myra Sibal,FULL-TIME,BIKE,77,0.43,4.00,63.64
Bhamini Dhar,FULL-TIME,SCOOTER,116,0.48,4.03,60.34
Vidur Thaker,FULL-TIME,SCOOTER,88,0.44,3.99,65.91
Indranil Chanda,FULL-TIME,SCOOTER,91,0.47,4.00,61.54
Tiya Gole,CONTRACT,BIKE,102,0.40,4.08,66.67
Ojas Sinha,CONTRACT,SCOOTER,129,0.49,3.99,58.91
Darshit Date,FULL-TIME,VAN,93,0.49,3.90,60.22
Shray Soman,CONTRACT,EV BIKE,125,0.35,4.12,72.00
Trisha Deo,FULL-TIME,VAN,97,0.43,3.97,68.04
Ishaan Khanna,FULL-TIME,VAN,79,0.42,4.03,65.82
Shanaya Ratti,CONTRACT,VAN,103,0.50,3.94,64.08
Saanvi Vohra,CONTRACT,SCOOTER,118,0.51,3.90,63.56
Uthkarsh Chander,CONTRACT,BIKE,112,0.49,3.95,58.04
Suhana Chaudhuri,CONTRACT,EV BIKE,77,0.40,4.10,68.83
Shayak Hora,CONTRACT,VAN,119,0.41,4.07,68.07
Samar Gokhale,CONTRACT,EV BIKE,103,0.50,3.98,60.19
Trisha Vaidya,FULL-TIME,VAN,132,0.42,4.11,65.91
Charvi Warrior,CONTRACT,BIKE,91,0.44,4.02,62.64
Tejas Dara,CONTRACT,SCOOTER,106,0.34,4.15,73.58
Ahana  Saran,FULL-TIME,EV BIKE,80,0.48,3.95,63.75
Sara Korpal,FULL-TIME,EV BIKE,101,0.36,4.09,69.31
Kismat Master,CONTRACT,SCOOTER,101,0.42,4.05,67.33
Charvi Gola,CONTRACT,VAN,82,0.48,3.92,64.63
Dhanush Ray,FULL-TIME,VAN,114,0.41,3.98,69.30
Hridaan Sarraf,CONTRACT,EV BIKE,88,0.40,4.00,68.18
Tiya Kalita,CONTRACT,VAN,80,0.38,4.08,68.75
Shamik Kala,CONTRACT,VAN,91,0.48,3.92,64.84
Darshit Chacko,FULL-TIME,SCOOTER,91,0.53,3.92,61.54
Fateh Cherian,CONTRACT,BIKE,88,0.34,4.10,69.32
Mishti Ramanathan,FULL-TIME,VAN,85,0.44,4.00,65.88
Yasmin Ray,FULL-TIME,VAN,104,0.34,4.19,71.15
Ryan Rattan,CONTRACT,VAN,102,0.46,4.02,64.71
Nitara Thakur,CONTRACT,VAN,110,0.36,4.09,70.91
Jayant Mangat,FULL-TIME,VAN,96,0.42,4.02,66.67
Aradhya Sami,CONTRACT,EV BIKE,124,0.47,3.95,63.71
Vihaan Jaggi,CONTRACT,VAN,101,0.50,3.91,62.38
Kimaya Badal,CONTRACT,VAN,105,0.52,3.90,58.10
Kashvi Seshadri,FULL-TIME,VAN,97,0.55,3.82,60.82
Nitya Kalla,CONTRACT,VAN,108,0.44,4.04,68.52
Mannat Rastogi,CONTRACT,VAN,92,0.52,3.93,63.04
Vedika Devi,FULL-TIME,VAN,113,0.41,4.08,67.26
Mishti Koshy,CONTRACT,EV BIKE,102,0.45,4.02,66.67
Kimaya Krishnan,FULL-TIME,VAN,101,0.54,3.85,54.46
Hiran Yohannan,CONTRACT,EV BIKE,97,0.34,4.17,71.13
Dhruv Sood,CONTRACT,EV BIKE,87,0.38,4.14,70.11
Ryan Deol,CONTRACT,VAN,125,0.42,4.05,70.40
Indranil Barad,FULL-TIME,EV BIKE,145,0.46,4.05,66.21
Vedika Baria,CONTRACT,EV BIKE,82,0.48,3.95,62.20
Tejas Dubey,CONTRACT,VAN,111,0.54,3.96,57.66
Ehsaan Boase,FULL-TIME,BIKE,107,0.50,4.02,59.81
Lagan Master,FULL-TIME,BIKE,111,0.48,4.03,63.06
Arnav Dhar,FULL-TIME,SCOOTER,94,0.37,4.20,72.34
Samarth Chacko,FULL-TIME,VAN,84,0.40,4.03,69.05
Shayak Sibal,CONTRACT,BIKE,105,0.47,3.99,65.71
Zeeshan Chacko,FULL-TIME,VAN,70,0.41,4.00,68.57
Kaira Vala,CONTRACT,SCOOTER,107,0.31,4.17,73.83
Ela Wali,CONTRACT,BIKE,96,0.39,4.06,67.71
Madhav Garde,CONTRACT,VAN,95,0.44,4.01,62.11
Kanav Borde,CONTRACT,EV BIKE,83,0.34,4.15,69.88
Yuvaan Lad,FULL-TIME,BIKE,115,0.35,4.13,69.57
Baiju Gola,CONTRACT,BIKE,117,0.50,4.02,63.25
Chirag Dora,CONTRACT,VAN,102,0.48,4.01,64.71
Eshani Korpal,FULL-TIME,VAN,105,0.34,4.14,69.52
Shalv Koshy,CONTRACT,BIKE,111,0.30,4.15,73.87
Tara Varma,CONTRACT,BIKE,127,0.36,4.08,69.29
Purab Saha,CONTRACT,BIKE,109,0.50,3.86,64.22
Gatik Dhar,FULL-TIME,VAN,200,0.45,3.97,65.00
Miraan Mangat,FULL-TIME,SCOOTER,112,0.46,4.04,61.61
Badal Kala,CONTRACT,EV BIKE,110,0.45,4.02,62.73
Anahita Swaminathan,CONTRACT,VAN,81,0.49,3.93,62.96
Ishita Ram,FULL-TIME,BIKE,128,0.42,4.03,68.75
Alia De,CONTRACT,VAN,132,0.50,3.98,62.12
Aarush Bakshi,FULL-TIME,BIKE,102,0.58,3.88,56.86
Mamooty Bassi,CONTRACT,VAN,129,0.49,3.90,63.57
Shayak Tiwari,CONTRACT,EV BIKE,110,0.37,3.99,72.73
Aayush Trivedi,FULL-TIME,VAN,113,0.40,4.15,68.14
Raghav Bail,CONTRACT,SCOOTER,123,0.37,4.11,69.92
Zain Uppal,CONTRACT,EV BIKE,92,0.50,3.82,61.96
Shray Gala,FULL-TIME,SCOOTER,138,0.51,3.87,61.59
Sahil Mann,CONTRACT,EV BIKE,110,0.60,3.82,54.55
Sahil Sagar,FULL-TIME,VAN,105,0.49,3.91,61.90
Ivana Taneja,CONTRACT,SCOOTER,119,0.39,4.03,67.23
Himmat Biswas,CONTRACT,EV BIKE,115,0.42,3.98,66.96
Shray Rama,FULL-TIME,SCOOTER,112,0.52,3.95,62.50
Aarush Gopal,FULL-TIME,VAN,119,0.42,4.03,64.71
Farhan Choudhary,FULL-TIME,BIKE,82,0.33,4.18,69.51
Taran Kunda,CONTRACT,EV BIKE,104,0.41,4.01,67.31
Anaya Mammen,CONTRACT,SCOOTER,120,0.42,4.05,67.50
Ryan Bakshi,CONTRACT,SCOOTER,123,0.45,3.97,64.23
Nirvaan Acharya,CONTRACT,EV BIKE,120,0.36,4.10,70.83
Vedika Zachariah,CONTRACT,BIKE,94,0.48,3.96,62.77
Armaan Kapoor,CONTRACT,EV BIKE,103,0.53,3.91,62.14
Yasmin Swaminathan,CONTRACT,VAN,105,0.48,4.04,58.10
Tushar Kaul,CONTRACT,VAN,118,0.41,4.13,66.95
Manjari Sandhu,FULL-TIME,VAN,105,0.51,3.95,55.24
Prisha Lall,CONTRACT,VAN,109,0.52,3.95,57.80
Taran Yogi,CONTRACT,EV BIKE,87,0.25,4.19,78.16
Nitara Balakrishnan,CONTRACT,SCOOTER,109,0.50,3.93,58.72
Myra Thaman,FULL-TIME,SCOOTER,72,0.50,3.93,63.89
Hunar Brar,FULL-TIME,BIKE,102,0.38,4.04,68.63
Piya Taneja,FULL-TIME,EV BIKE,106,0.47,3.91,63.21
Ishita Gulati,FULL-TIME,VAN,124,0.46,3.97,62.90
Inaaya  Yogi,CONTRACT,SCOOTER,101,0.50,3.97,63.37
Advika Krishnan,FULL-TIME,VAN,96,0.41,4.05,66.67
Charvi Butala,CONTRACT,EV BIKE,95,0.45,4.04,65.26
Anika Maharaj,CONTRACT,VAN,229,0.52,3.91,60.26
Advik Karnik,FULL-TIME,BIKE,137,0.37,4.09,70.07
Vritika Goel,FULL-TIME,SCOOTER,86,0.38,4.06,67.44
Samaira Baria,CONTRACT,SCOOTER,110,0.47,3.92,64.55
Siya Suresh,CONTRACT,BIKE,90,0.39,4.10,67.78
Nitya Rao,CONTRACT,EV BIKE,115,0.32,4.20,71.30
Raunak Goyal,CONTRACT,VAN,102,0.55,3.90,58.82
Nirvaan Chand,CONTRACT,VAN,80,0.45,3.97,63.75
Hazel Kalita,FULL-TIME,BIKE,116,0.52,3.96,56.90
Fateh Saha,CONTRACT,EV BIKE,88,0.65,3.78,51.14
Bhavin Mallick,CONTRACT,BIKE,98,0.51,3.88,61.22
Kashvi Sethi,FULL-TIME,EV BIKE,99,0.31,4.11,73.74
Heer Bhat,FULL-TIME,VAN,115,0.40,4.01,69.57
Shaan Arya,FULL-TIME,VAN,133,0.55,3.86,57.89
Ela Iyengar,CONTRACT,BIKE,102,0.35,4.07,69.61
Ehsaan Kadakia,CONTRACT,EV BIKE,105,0.45,3.91,64.76
Dhanuk Borah,CONTRACT,EV BIKE,123,0.51,3.83,65.04
Umang Ram,FULL-TIME,VAN,115,0.44,4.03,66.09
Anaya Krishna,FULL-TIME,EV BIKE,111,0.62,3.77,56.76
Ela Sachdev,CONTRACT,VAN,132,0.39,4.07,67.42
Miraan Ratta,FULL-TIME,SCOOTER,117,0.58,3.84,55.56
Tushar Rajagopal,FULL-TIME,VAN,116,0.50,3.88,63.79
Mishti Kuruvilla,CONTRACT,EV BIKE,115,0.50,3.89,61.74
Lakshay Dhawan,CONTRACT,BIKE,146,0.53,3.92,58.22
Tarini Dhaliwal,CONTRACT,VAN,105,0.48,3.99,65.71
Nitya Maharaj,CONTRACT,SCOOTER,125,0.40,4.03,66.40
Veer Shetty,FULL-TIME,VAN,83,0.49,3.94,62.65
Shray Sehgal,CONTRACT,BIKE,104,0.39,4.11,71.15
Mishti Bera,FULL-TIME,BIKE,87,0.41,4.06,68.97
Hridaan Sanghvi,CONTRACT,EV BIKE,99,0.51,3.94,58.59
Hiran Roy,CONTRACT,BIKE,128,0.33,4.12,75.00
Diya Sura,FULL-TIME,VAN,89,0.49,3.94,65.17
Hiran Mander,FULL-TIME,EV BIKE,105,0.39,4.10,67.62
Rasha Krishna,FULL-TIME,EV BIKE,98,0.42,4.12,65.31
Kiara Kalita,FULL-TIME,EV BIKE,106,0.46,3.99,60.38
Bhamini Wali,FULL-TIME,EV BIKE,87,0.44,4.04,68.97
Tiya Kannan,CONTRACT,EV BIKE,128,0.48,3.96,61.72
Hunar Lall,CONTRACT,BIKE,87,0.51,3.93,62.07
Dharmajan Dhillon,FULL-TIME,SCOOTER,114,0.37,4.13,71.05
Ivana Yogi,FULL-TIME,SCOOTER,125,0.36,4.13,69.60
Kashvi Balan,FULL-TIME,SCOOTER,117,0.35,4.14,71.79
Rasha Devan,FULL-TIME,EV BIKE,127,0.55,3.86,62.20
Ivana Goswami,FULL-TIME,BIKE,82,0.50,3.95,60.98
Navya Zachariah,CONTRACT,VAN,98,0.33,4.14,72.45
Samiha Sule,CONTRACT,BIKE,108,0.45,4.05,62.96
Urvi Bath,FULL-TIME,VAN,96,0.46,3.97,63.54
Myra Kaur,FULL-TIME,BIKE,81,0.51,3.93,58.02
Advika Kaul,FULL-TIME,BIKE,115,0.37,4.10,70.43
Jiya Kalla,FULL-TIME,SCOOTER,137,0.41,3.98,68.61
Charvi Agate,FULL-TIME,VAN,82,0.45,4.05,65.85
Dhruv Loyal,CONTRACT,SCOOTER,149,0.44,4.05,64.43
Urvi Sabharwal,CONTRACT,SCOOTER,138,0.43,4.08,66.67
Lakshit Mallick,CONTRACT,EV BIKE,140,0.45,3.95,65.71
Hrishita Dada,CONTRACT,EV BIKE,112,0.50,3.90,61.61
Tiya Agate,FULL-TIME,BIKE,127,0.39,4.05,73.23
Shlok Karan,FULL-TIME,BIKE,120,0.50,3.92,61.67
Dhanush Chakraborty,FULL-TIME,EV BIKE,130,0.35,4.15,70.77
Hiran Khosla,CONTRACT,EV BIKE,100,0.55,3.91,61.00
Adah Raj,FULL-TIME,EV BIKE,115,0.43,4.04,66.96
Arnav Balan,CONTRACT,EV BIKE,105,0.34,4.15,72.38
Inaaya  Kohli,CONTRACT,EV BIKE,110,0.41,4.08,66.36
Parinaaz Baral,FULL-TIME,VAN,94,0.37,4.14,71.28
Indranil Rama,FULL-TIME,VAN,114,0.45,4.04,63.16
Diya Khare,CONTRACT,EV BIKE,81,0.35,4.14,71.60
Ivan Buch,FULL-TIME,VAN,86,0.49,3.94,61.63
Mehul Agrawal,CONTRACT,EV BIKE,121,0.43,3.98,68.60
Dhanuk Raj,CONTRACT,VAN,131,0.43,4.06,65.65
Shanaya Ramaswamy,FULL-TIME,BIKE,136,0.44,4.04,64.71
Vritika Sem,FULL-TIME,SCOOTER,102,0.37,4.09,67.65
Raghav Mangat,FULL-TIME,VAN,106,0.43,4.07,66.98
Shalv Lad,FULL-TIME,EV BIKE,73,0.45,4.00,65.75
Alia Hans,FULL-TIME,EV BIKE,117,0.34,4.14,73.50
Riya Babu,FULL-TIME,BIKE,109,0.49,3.98,59.63
Hunar Kannan,FULL-TIME,EV BIKE,123,0.54,4.00,57.72
Drishya Suresh,FULL-TIME,SCOOTER,101,0.51,3.90,62.38
Ayesha Handa,CONTRACT,SCOOTER,107,0.39,4.01,70.09
Sana Comar,CONTRACT,EV BIKE,113,0.40,4.10,68.14
Vardaniya Hayre,FULL-TIME,BIKE,119,0.42,4.03,66.39
Mohanlal Vala,CONTRACT,SCOOTER,98,0.37,4.11,70.41
Ahana  Dayal,CONTRACT,SCOOTER,88,0.45,4.07,61.36
Bhavin Bhagat,FULL-TIME,EV BIKE,119,0.51,3.88,63.03
Pranay Biswas,CONTRACT,VAN,159,0.50,4.00,61.01
Amira Khanna,CONTRACT,EV BIKE,112,0.48,3.97,63.39
Ivana Raj,CONTRACT,SCOOTER,100,0.53,3.85,62.00
Zara Ram,FULL-TIME,VAN,119,0.64,3.77,49.58
Alisha Shan,CONTRACT,BIKE,117,0.52,3.90,58.97
Mahika Jain,CONTRACT,EV BIKE,94,0.44,3.99,64.89
Emir Bora,CONTRACT,EV BIKE,97,0.40,4.09,67.01
Sara Bhasin,CONTRACT,BIKE,130,0.42,4.02,67.69
Suhana Bala,CONTRACT,SCOOTER,120,0.48,3.95,63.33
Jayan Cheema,CONTRACT,BIKE,129,0.34,4.09,73.64
Himmat Kothari,CONTRACT,SCOOTER,111,0.41,4.02,67.57
Adah Sane,FULL-TIME,SCOOTER,130,0.50,3.95,62.31
Farhan Varkey,FULL-TIME,EV BIKE,91,0.47,4.01,62.64
Rania Hegde,FULL-TIME,SCOOTER,141,0.44,4.02,64.54
Onkar Kulkarni,CONTRACT,VAN,120,0.47,3.98,65.00
Anay Chacko,FULL-TIME,SCOOTER,108,0.36,4.17,69.44
Prerak Datta,CONTRACT,SCOOTER,94,0.38,4.07,68.09
Mehul Sandal,FULL-TIME,BIKE,112,0.47,3.98,63.39
Anya Bassi,FULL-TIME,VAN,92,0.48,3.98,65.22
Diya Subramanian,CONTRACT,BIKE,92,0.45,4.00,60.87
Oorja Cherian,FULL-TIME,SCOOTER,88,0.42,4.11,65.91
Fateh Mandal,FULL-TIME,VAN,105,0.51,3.93,61.90
Vanya Tank,CONTRACT,VAN,118,0.51,3.87,61.02
Alisha Sidhu,CONTRACT,EV BIKE,101,0.56,3.89,56.44
Zara Kibe,CONTRACT,VAN,111,0.46,3.98,64.86
Yakshit Anne,CONTRACT,BIKE,65,0.37,4.10,69.23
Raunak Balasubramanian,FULL-TIME,BIKE,100,0.52,3.93,59.00
Dhanuk Bala,CONTRACT,VAN,84,0.55,3.92,57.14
Taimur Rajagopal,CONTRACT,BIKE,95,0.44,4.02,65.26
Nirvaan Shah,CONTRACT,SCOOTER,81,0.32,4.14,71.60
Ayesha Desai,CONTRACT,VAN,111,0.50,3.94,63.06
Uthkarsh Banerjee,FULL-TIME,BIKE,120,0.50,3.89,61.67
Hazel Garde,FULL-TIME,BIKE,83,0.52,3.90,60.24
Zeeshan Setty,FULL-TIME,BIKE,98,0.41,4.08,66.33
Advika Vora,FULL-TIME,BIKE,101,0.56,3.81,60.40
Kanav Bajwa,FULL-TIME,BIKE,86,0.50,3.95,61.63
Jayant Khurana,CONTRACT,SCOOTER,101,0.39,4.10,68.32
Neysa Sarma,CONTRACT,EV BIKE,132,0.46,4.00,63.64
Badal Wable,CONTRACT,VAN,155,0.42,4.05,67.74
Samaira Sheth,CONTRACT,EV BIKE,125,0.35,4.09,71.20
Taran Gara,CONTRACT,BIKE,98,0.43,4.11,70.41
Amani Goel,CONTRACT,VAN,93,0.44,4.04,63.44
Hridaan Srivastava,FULL-TIME,SCOOTER,93,0.31,4.18,73.12
Ritvik Mander,CONTRACT,VAN,102,0.43,4.03,66.67
Saira Buch,CONTRACT,EV BIKE,97,0.37,4.03,70.10
Advika Sur,FULL-TIME,VAN,105,0.40,4.06,68.57
Priyansh Halder,FULL-TIME,VAN,110,0.45,3.94,67.27
Kavya Bhavsar,CONTRACT,SCOOTER,99,0.45,3.98,66.67
Onkar Vora,CONTRACT,SCOOTER,106,0.42,4.05,63.21
Nishith Amble,CONTRACT,BIKE,127,0.43,4.01,69.29
Aaryahi Behl,FULL-TIME,EV BIKE,131,0.40,4.14,68.70
Jiya Malhotra,FULL-TIME,EV BIKE,149,0.48,4.02,60.40
Anay Sachdev,CONTRACT,VAN,90,0.43,4.02,62.22
Anaya Chaudhari,FULL-TIME,VAN,134,0.34,4.07,73.88
Anika Andra,FULL-TIME,BIKE,121,0.38,4.09,67.77
Eshani Ratta,CONTRACT,SCOOTER,109,0.39,4.11,70.64
Pihu Keer,CONTRACT,SCOOTER,95,0.41,3.98,64.21
Mishti Garg,CONTRACT,VAN,100,0.45,4.01,66.00
Ayesha Soni,CONTRACT,EV BIKE,140,0.40,4.06,66.43
Darshit Chowdhury,FULL-TIME,SCOOTER,130,0.38,4.13,67.69
Veer Chakrabarti,FULL-TIME,SCOOTER,87,0.49,3.95,59.77
Tanya Jani,FULL-TIME,VAN,107,0.48,3.95,64.49
Alisha Kara,FULL-TIME,SCOOTER,88,0.50,3.93,61.36
Rohan Seth,FULL-TIME,SCOOTER,137,0.45,4.02,64.96
Sana Mani,CONTRACT,BIKE,134,0.51,3.86,62.69
Sahil Bobal,CONTRACT,BIKE,112,0.44,4.00,66.07
Zoya Deep,CONTRACT,SCOOTER,98,0.42,4.08,64.29
Adira Sant,FULL-TIME,EV BIKE,80,0.51,3.90,61.25
Baiju Chaudhari,FULL-TIME,EV BIKE,115,0.43,4.01,66.09
Rohan Bhatnagar,CONTRACT,BIKE,141,0.28,4.17,76.60
Charvi Bera,CONTRACT,VAN,132,0.36,4.10,75.00
Aaina Sankar,CONTRACT,BIKE,109,0.50,3.96,61.47
Pranay Lalla,FULL-TIME,VAN,89,0.49,3.94,61.80
Shanaya Johal,CONTRACT,BIKE,85,0.51,3.85,64.71
Nitara Saran,CONTRACT,EV BIKE,115,0.47,3.97,62.61
Piya Deo,CONTRACT,EV BIKE,123,0.47,4.02,61.79
Ishita Vyas,CONTRACT,EV BIKE,114,0.54,3.83,58.77
Navya Uppal,FULL-TIME,BIKE,94,0.56,3.88,57.45
Alia Sengupta,FULL-TIME,EV BIKE,111,0.50,3.91,60.36
Shamik Kale,CONTRACT,BIKE,116,0.31,4.10,76.72
Vivaan Master,CONTRACT,SCOOTER,135,0.47,3.92,65.19
Vaibhav Thaker,FULL-TIME,SCOOTER,92,0.54,3.87,63.04
Pari Comar,CONTRACT,BIKE,96,0.28,4.12,77.08
Drishya Magar,FULL-TIME,BIKE,92,0.49,3.98,64.13
Ritvik Dutt,CONTRACT,EV BIKE,86,0.40,4.12,67.44
Anvi Krishna,FULL-TIME,EV BIKE,99,0.32,4.16,71.72
Divyansh Yohannan,CONTRACT,SCOOTER,154,0.58,3.84,58.44
Ehsaan Kata,CONTRACT,VAN,124,0.52,3.96,60.48
Riaan Saran,FULL-TIME,VAN,95,0.46,4.06,61.05
Drishya Sem,CONTRACT,SCOOTER,88,0.39,4.13,69.32
Jayan Sharaf,FULL-TIME,EV BIKE,119,0.48,3.95,63.03
Aarush Madan,CONTRACT,BIKE,113,0.48,3.98,62.83
Vihaan Kurian,FULL-TIME,EV BIKE,100,0.56,3.80,62.00
Raunak Koshy,CONTRACT,EV BIKE,111,0.47,3.97,63.96
Neysa Loke,CONTRACT,SCOOTER,110,0.47,4.00,66.36
Emir Bail,CONTRACT,SCOOTER,103,0.44,3.93,66.99
Darshit Dalal,FULL-TIME,SCOOTER,110,0.40,4.11,66.36
Prisha Balan,FULL-TIME,EV BIKE,95,0.36,4.14,70.53
Shalv Sangha,CONTRACT,EV BIKE,110,0.55,3.88,59.09
Kismat Vaidya,CONTRACT,SCOOTER,102,0.50,3.93,63.73
Ira Doctor,FULL-TIME,BIKE,102,0.43,4.03,62.75
Lavanya Ganguly,FULL-TIME,SCOOTER,102,0.53,3.98,58.82
Veer Yohannan,CONTRACT,SCOOTER,115,0.43,3.99,66.96
Parinaaz Manda,FULL-TIME,VAN,106,0.44,3.97,62.26
Arnav Kalita,FULL-TIME,EV BIKE,116,0.57,3.81,57.76
Darshit Rana,CONTRACT,EV BIKE,103,0.58,3.80,56.31
Indrajit Venkataraman,CONTRACT,SCOOTER,124,0.48,3.87,61.29
Alisha Mannan,FULL-TIME,VAN,116,0.44,4.00,65.52
Divyansh Chand,FULL-TIME,BIKE,164,0.38,4.09,69.51
Samaira Deep,CONTRACT,BIKE,107,0.52,3.97,59.81
Elakshi Uppal,CONTRACT,EV BIKE,126,0.47,4.00,64.29
Shlok Thaman,FULL-TIME,SCOOTER,106,0.38,4.09,66.04
Vaibhav Khurana,CONTRACT,SCOOTER,123,0.37,4.12,71.54
Nirvi Dubey,FULL-TIME,VAN,122,0.43,4.04,71.31
Miraan Comar,CONTRACT,EV BIKE,79,0.39,4.05,69.62
Ranbir Gola,CONTRACT,SCOOTER,101,0.35,4.15,72.28
Aarna Ramachandran,FULL-TIME,SCOOTER,104,0.51,3.89,62.50
Yuvraj  Verma,FULL-TIME,VAN,86,0.47,4.01,62.79
Riya Ravi,CONTRACT,EV BIKE,85,0.38,4.18,67.06
Alisha Saini,FULL-TIME,EV BIKE,108,0.48,3.92,62.96
Pranay Trivedi,CONTRACT,VAN,122,0.40,3.99,69.67
Anaya Tank,FULL-TIME,SCOOTER,130,0.40,4.04,70.77
Hrishita Din,CONTRACT,VAN,129,0.39,4.13,66.67
Amira Ghosh,CONTRACT,BIKE,105,0.45,3.95,64.76
Emir Chhabra,CONTRACT,VAN,106,0.56,3.86,60.38
Aaryahi Wason,FULL-TIME,SCOOTER,119,0.45,4.01,66.39
Yakshit Sami,FULL-TIME,BIKE,80,0.39,4.09,70.00
Charvi Sastry,CONTRACT,SCOOTER,118,0.39,4.04,67.80
Nehmat Bhatt,CONTRACT,SCOOTER,112,0.36,4.16,69.64
Dhanuk Basak,FULL-TIME,SCOOTER,79,0.44,3.94,70.89
Jivika Dhingra,FULL-TIME,BIKE,138,0.46,3.94,65.94
Drishya Srinivasan,CONTRACT,SCOOTER,99,0.38,4.16,67.68
Farhan Lalla,CONTRACT,SCOOTER,90,0.52,3.78,60.00
Indranil Buch,CONTRACT,VAN,113,0.51,3.92,63.72
Dhruv Chopra,FULL-TIME,SCOOTER,83,0.41,3.97,66.27
Vritika Buch,CONTRACT,EV BIKE,106,0.65,3.73,52.83
Riaan Dugar,CONTRACT,SCOOTER,90,0.43,4.04,67.78
Armaan Basak,FULL-TIME,VAN,127,0.44,4.00,67.72
Saanvi Suri,CONTRACT,VAN,106,0.52,3.91,61.32
Nirvaan Mandal,FULL-TIME,BIKE,94,0.48,3.99,63.83
Lakshit Korpal,CONTRACT,VAN,126,0.40,4.10,68.25
Baiju Divan,CONTRACT,SCOOTER,114,0.48,3.97,64.04
Yashvi Varma,FULL-TIME,BIKE,110,0.45,4.01,58.18
Vritika Luthra,CONTRACT,VAN,131,0.54,3.85,60.31
Kanav Dhawan,CONTRACT,EV BIKE,77,0.48,3.92,64.94
Amira Bhat,CONTRACT,BIKE,111,0.51,3.94,60.36
Anvi Chacko,FULL-TIME,BIKE,88,0.39,4.21,67.05
Raunak Devi,FULL-TIME,BIKE,98,0.42,4.03,69.39
Armaan Golla,CONTRACT,VAN,80,0.39,4.10,68.75
Shalv Kamdar,CONTRACT,SCOOTER,116,0.46,3.99,65.52
Vidur Wable,CONTRACT,SCOOTER,109,0.45,3.98,66.97
Urvi Raval,FULL-TIME,BIKE,97,0.44,4.05,67.01
Dhanush Dubey,CONTRACT,EV BIKE,150,0.43,4.00,66.00
Taimur Soni,FULL-TIME,SCOOTER,103,0.36,4.10,69.90
Tushar Gopal,CONTRACT,EV BIKE,130,0.32,4.18,73.08
Aarush Agarwal,CONTRACT,SCOOTER,87,0.46,4.10,62.07
Vardaniya Chahal,CONTRACT,BIKE,93,0.44,3.98,65.59
Emir Seth,FULL-TIME,SCOOTER,85,0.55,3.92,58.82
Veer Bhavsar,CONTRACT,BIKE,108,0.49,3.93,59.26
Ivan Hayer,FULL-TIME,VAN,121,0.46,3.94,62.81
Vanya Ghose,FULL-TIME,SCOOTER,115,0.49,3.94,60.87
Anya Khalsa,CONTRACT,VAN,114,0.47,4.02,64.04
Vivaan Sani,FULL-TIME,BIKE,108,0.39,4.12,66.67
Ira Kota,FULL-TIME,BIKE,96,0.40,4.01,68.75
Aaryahi Deep,FULL-TIME,BIKE,114,0.39,4.12,66.67
Jayesh Som,CONTRACT,EV BIKE,111,0.52,3.88,63.06
Arhaan Chandra,FULL-TIME,BIKE,65,0.46,4.07,56.92
Heer Cherian,CONTRACT,VAN,123,0.42,4.14,65.04
Nirvi Deo,CONTRACT,BIKE,118,0.40,4.01,69.49
Nehmat Dani,FULL-TIME,VAN,84,0.65,3.78,50.00
Krish Kant,CONTRACT,BIKE,97,0.36,4.14,70.10
Ivan Dave,CONTRACT,EV BIKE,101,0.40,4.05,64.36
Yakshit Bhalla,CONTRACT,SCOOTER,133,0.44,4.04,63.91
Ishita Shankar,FULL-TIME,SCOOTER,102,0.46,4.00,65.69
Nakul Thaman,FULL-TIME,EV BIKE,90,0.57,3.83,55.56
Neysa Kumar,FULL-TIME,BIKE,139,0.50,3.88,61.15
Siya Basak,FULL-TIME,BIKE,106,0.43,4.01,66.98
Samar Khatri,FULL-TIME,SCOOTER,121,0.55,3.89,57.02
Kanav Barad,CONTRACT,EV BIKE,100,0.50,3.97,61.00
Anaya Tripathi,FULL-TIME,VAN,142,0.43,3.95,67.61
Kabir Kuruvilla,CONTRACT,BIKE,117,0.47,3.97,66.67
Mamooty Chadha,CONTRACT,VAN,91,0.49,3.96,61.54
Bhavin Gera,FULL-TIME,EV BIKE,112,0.49,3.98,61.61
Aaina Chaudhari,FULL-TIME,BIKE,126,0.48,3.96,61.11
Vaibhav Sibal,CONTRACT,SCOOTER,112,0.44,4.00,66.96
Kiaan Tripathi,FULL-TIME,EV BIKE,150,0.49,3.96,62.00
Kavya Yohannan,FULL-TIME,VAN,122,0.51,3.94,63.11
Dhruv Iyengar,FULL-TIME,SCOOTER,136,0.42,4.04,67.65
Jayant Ray,CONTRACT,BIKE,89,0.62,3.81,55.06
Advika Soman,FULL-TIME,EV BIKE,77,0.57,3.91,58.44
Hrishita Agarwal,FULL-TIME,EV BIKE,129,0.46,4.03,64.34
Mohanlal Lad,FULL-TIME,VAN,104,0.45,4.06,60.58
Aayush Iyengar,FULL-TIME,BIKE,101,0.47,4.01,61.39
Ishita Banik,FULL-TIME,SCOOTER,127,0.35,4.10,69.29
Shray Singhal,FULL-TIME,BIKE,127,0.53,3.89,65.35
Nirvi Buch,FULL-TIME,SCOOTER,88,0.43,4.10,62.50
Diya Vohra,FULL-TIME,BIKE,148,0.45,3.99,64.86
Akarsh Vyas,FULL-TIME,VAN,132,0.48,3.93,66.67
Azad Madan,FULL-TIME,EV BIKE,107,0.45,3.99,69.16
Eva Aggarwal,CONTRACT,SCOOTER,86,0.44,4.01,67.44
Kismat Doshi,FULL-TIME,VAN,94,0.43,3.94,67.02
Diya Bail,CONTRACT,VAN,108,0.50,3.98,62.04
Samiha Anand,CONTRACT,SCOOTER,141,0.41,4.03,64.54
Rohan Chand,CONTRACT,EV BIKE,102,0.52,3.95,62.75
Vardaniya Kothari,CONTRACT,EV BIKE,100,0.42,4.03,68.00
Jayesh Wadhwa,FULL-TIME,BIKE,85,0.45,4.03,65.88
Armaan Bath,FULL-TIME,BIKE,85,0.40,4.12,68.24
Prerak Kale,FULL-TIME,EV BIKE,103,0.56,3.84,60.19
Samarth Bhavsar,FULL-TIME,VAN,78,0.50,3.90,62.82
Raghav Krish,CONTRACT,BIKE,90,0.32,4.15,73.33
Hridaan Solanki,CONTRACT,EV BIKE,108,0.50,3.97,65.74
Piya Tandon,FULL-TIME,VAN,108,0.42,4.12,66.67
Seher Devan,CONTRACT,EV BIKE,100,0.38,4.08,68.00
Nakul Jayaraman,FULL-TIME,VAN,139,0.51,3.91,63.31
Miraan Shukla,FULL-TIME,VAN,112,0.48,3.93,59.82
Kismat Bakshi,CONTRACT,SCOOTER,85,0.62,3.71,55.29
Azad Dua,CONTRACT,VAN,126,0.48,3.92,60.32
Yasmin Bhattacharyya,CONTRACT,VAN,145,0.41,4.05,66.90
Mehul Cheema,CONTRACT,BIKE,118,0.42,4.05,62.71
Jivin Badami,CONTRACT,EV BIKE,86,0.42,4.04,67.44
Ranbir Johal,CONTRACT,BIKE,140,0.36,4.11,70.00
Divyansh Deol,CONTRACT,EV BIKE,112,0.38,4.06,70.54
Inaaya  Bhakta,FULL-TIME,VAN,99,0.51,3.94,59.60
Charvi Bhalla,CONTRACT,VAN,100,0.50,3.89,60.00
Faiyaz Rana,CONTRACT,EV BIKE,98,0.43,4.01,67.35
Dishani Bhatt,CONTRACT,EV BIKE,118,0.36,4.08,70.34
Myra Upadhyay,FULL-TIME,EV BIKE,96,0.47,3.99,62.50
Nitara Kaur,FULL-TIME,SCOOTER,115,0.40,4.05,68.70
Myra Chahal,FULL-TIME,SCOOTER,98,0.43,4.03,66.33
Ritvik Sunder,FULL-TIME,EV BIKE,133,0.45,4.03,63.16
Eshani Dhillon,CONTRACT,SCOOTER,108,0.38,4.06,67.59
Vivaan De,FULL-TIME,BIKE,126,0.43,4.13,69.84
Riaan Chandra,CONTRACT,BIKE,137,0.46,3.98,63.50
Kismat Ghose,FULL-TIME,EV BIKE,113,0.47,3.96,67.26
Devansh Rana,CONTRACT,VAN,115,0.37,4.08,68.70
Jivin Chhabra,CONTRACT,VAN,90,0.61,3.77,58.89
Anya Sankaran,FULL-TIME,BIKE,94,0.51,3.90,61.70
Baiju Agate,CONTRACT,SCOOTER,133,0.53,3.85,61.65
Sara Aggarwal,FULL-TIME,EV BIKE,114,0.44,4.00,66.67
Navya Rau,FULL-TIME,SCOOTER,120,0.44,3.97,65.00
Onkar Dhawan,FULL-TIME,EV BIKE,141,0.40,4.03,67.38
Madhav Soman,CONTRACT,SCOOTER,104,0.41,4.06,68.27
Vardaniya Korpal,CONTRACT,BIKE,128,0.47,4.04,62.50
Devansh Sheth,FULL-TIME,BIKE,101,0.44,3.96,65.35
Jayesh Devi,CONTRACT,VAN,84,0.40,4.04,66.67
Farhan Wali,FULL-TIME,BIKE,129,0.56,3.86,55.81
Tarini Shah,FULL-TIME,SCOOTER,111,0.56,3.87,54.95
Veer Srivastava,CONTRACT,EV BIKE,100,0.43,4.02,66.00
Jiya Dugal,CONTRACT,EV BIKE,93,0.46,3.95,68.82
Dhruv Sidhu,FULL-TIME,EV BIKE,87,0.38,4.03,67.82
Yakshit Sathe,FULL-TIME,BIKE,137,0.39,4.06,69.34
Charvi Garde,CONTRACT,VAN,122,0.51,3.94,63.93
Ahana  Bala,CONTRACT,SCOOTER,115,0.46,4.07,60.87
Nakul Sabharwal,CONTRACT,EV BIKE,85,0.41,4.03,68.24
Anika Mann,FULL-TIME,SCOOTER,131,0.37,4.12,70.23
Vidur Varma,FULL-TIME,SCOOTER,97,0.38,4.04,68.04
Ehsaan Mahal,FULL-TIME,BIKE,123,0.41,4.09,69.11
Purab Rajagopalan,FULL-TIME,EV BIKE,136,0.45,4.07,65.44
Renee Deol,CONTRACT,VAN,112,0.32,4.10,75.89
Yuvraj  Varma,CONTRACT,EV BIKE,86,0.50,3.96,59.30
Sara Chawla,FULL-TIME,BIKE,97,0.45,3.95,64.95
Divit Dasgupta,FULL-TIME,BIKE,110,0.49,3.90,64.55
Lagan Kumer,FULL-TIME,BIKE,115,0.34,4.14,71.30
Oorja Rajan,CONTRACT,SCOOTER,106,0.43,4.04,66.04
Aaina Bahri,FULL-TIME,EV BIKE,100,0.31,4.17,74.00
Jayesh Tripathi,FULL-TIME,BIKE,84,0.35,4.08,77.38
Fateh Randhawa,CONTRACT,VAN,101,0.48,3.91,66.34
Veer Das,FULL-TIME,EV BIKE,120,0.58,3.83,54.17
Nakul Shukla,FULL-TIME,EV BIKE,119,0.39,4.08,73.11
Aniruddh Krishna,CONTRACT,EV BIKE,145,0.52,3.94,63.45
Samiha Kamdar,FULL-TIME,BIKE,133,0.35,4.14,72.18
Hansh Mangat,FULL-TIME,SCOOTER,108,0.35,4.17,73.15
Yuvaan Gupta,CONTRACT,VAN,100,0.51,3.91,61.00
Yasmin Karan,FULL-TIME,VAN,104,0.48,3.98,60.58
Jiya Bhalla,CONTRACT,VAN,93,0.46,4.00,63.44
Alia Gupta,FULL-TIME,SCOOTER,127,0.50,3.91,63.78
Urvi Saraf,CONTRACT,BIKE,85,0.44,4.05,63.53
Madhup Kadakia,CONTRACT,BIKE,124,0.45,4.00,62.10
Raghav Thaman,FULL-TIME,BIKE,104,0.44,3.98,64.42
Anahi Gera,CONTRACT,BIKE,100,0.37,4.06,69.00
Anika Mann,CONTRACT,EV BIKE,105,0.41,4.01,66.67
Uthkarsh Sathe,FULL-TIME,BIKE,98,0.42,4.04,66.33
Lagan Agate,CONTRACT,SCOOTER,112,0.52,3.86,62.50
Damini Dara,CONTRACT,SCOOTER,108,0.46,4.00,63.89
Onkar Keer,CONTRACT,VAN,105,0.32,4.09,72.38
Yashvi Baral,FULL-TIME,EV BIKE,120,0.32,4.17,73.33
Bhamini Kara,FULL-TIME,VAN,115,0.48,3.94,62.61
Jivika Chatterjee,FULL-TIME,SCOOTER,148,0.36,4.07,70.95
Damini Khatri,FULL-TIME,VAN,129,0.44,3.97,68.22
Tanya Dora,CONTRACT,VAN,124,0.47,4.00,66.94
Vritika Wable,FULL-TIME,VAN,114,0.46,4.00,64.91
Aradhya Bali,FULL-TIME,BIKE,97,0.48,3.96,64.95
Tarini Aurora,FULL-TIME,EV BIKE,86,0.55,3.82,59.30
Prerak Gulati,CONTRACT,SCOOTER,114,0.42,4.05,66.67
Vaibhav Tella,CONTRACT,SCOOTER,112,0.42,3.98,67.86
Mishti Ahluwalia,CONTRACT,BIKE,134,0.49,3.93,64.18
Gatik Chand,FULL-TIME,SCOOTER,90,0.43,4.06,63.33
Armaan Bail,FULL-TIME,VAN,121,0.50,3.87,61.98
Miraya Chauhan,FULL-TIME,EV BIKE,104,0.45,3.97,65.38
Drishya Shenoy,FULL-TIME,SCOOTER,127,0.45,3.98,64.57
Eshani Ramesh,CONTRACT,VAN,133,0.34,4.15,72.93
Aarav Chaudry,FULL-TIME,VAN,106,0.27,4.15,78.30
Saanvi Bera,FULL-TIME,EV BIKE,105,0.35,4.20,71.43
Pihu Raju,CONTRACT,SCOOTER,115,0.46,3.94,66.96
Farhan Taneja,FULL-TIME,SCOOTER,92,0.53,3.94,57.61
Navya Doshi,CONTRACT,SCOOTER,113,0.50,3.95,61.95
Arhaan Balay,CONTRACT,EV BIKE,103,0.48,3.95,64.08
Divij Chaudhary,FULL-TIME,BIKE,91,0.45,4.07,61.54
Navya Sant,CONTRACT,BIKE,121,0.46,3.98,62.81
Ela Rege,CONTRACT,SCOOTER,102,0.48,3.93,58.82
Kiara Seth,FULL-TIME,SCOOTER,103,0.50,4.04,60.19
Sumer Upadhyay,CONTRACT,EV BIKE,144,0.49,3.99,61.11
Nayantara Sodhi,FULL-TIME,BIKE,116,0.49,4.00,62.93
Kimaya Hayre,FULL-TIME,SCOOTER,93,0.51,3.86,63.44
Urvi Tata,FULL-TIME,VAN,116,0.40,4.06,69.83
Adah Chakrabarti,FULL-TIME,SCOOTER,111,0.54,3.84,63.06
Miraan Barman,FULL-TIME,EV BIKE,115,0.34,4.14,73.04
Pari Seth,CONTRACT,SCOOTER,100,0.42,4.11,69.00
Samiha Dua,CONTRACT,VAN,105,0.31,4.20,77.14
Amira Lalla,FULL-TIME,BIKE,75,0.56,3.96,57.33
Piya Thaman,FULL-TIME,SCOOTER,112,0.49,3.93,59.82
Samiha Mand,CONTRACT,SCOOTER,102,0.56,3.79,58.82
Manjari Sachdev,CONTRACT,SCOOTER,139,0.47,3.92,63.31
Diya Sule,CONTRACT,EV BIKE,112,0.48,3.92,62.50
Inaaya  Sami,FULL-TIME,BIKE,147,0.39,4.04,69.39
Hiran Lad,CONTRACT,VAN,116,0.45,4.05,66.38
Tushar Mani,CONTRACT,VAN,99,0.44,4.01,63.64
Advik Shroff,FULL-TIME,BIKE,88,0.36,4.15,71.59
Divyansh Bawa,FULL-TIME,EV BIKE,113,0.43,4.02,69.03
Hrishita Sengupta,FULL-TIME,SCOOTER,105,0.47,4.01,61.90
Siya Dyal,FULL-TIME,BIKE,112,0.46,3.99,63.39
Aradhya Chaudhry,CONTRACT,EV BIKE,132,0.46,3.96,66.67
Shayak Chada,CONTRACT,EV BIKE,109,0.35,4.08,71.56
Mahika Venkatesh,FULL-TIME,EV BIKE,91,0.48,3.96,60.44
Nitara Sangha,CONTRACT,SCOOTER,95,0.45,4.02,65.26
Damini Hegde,CONTRACT,SCOOTER,92,0.38,4.03,70.65
Hansh Buch,CONTRACT,BIKE,105,0.45,3.99,63.81
Amani Dugar,CONTRACT,BIKE,105,0.37,4.02,73.33
Anika Choudhry,FULL-TIME,BIKE,99,0.44,3.93,65.66
Keya Sundaram,CONTRACT,EV BIKE,140,0.40,4.02,68.57
Mahika Keer,CONTRACT,BIKE,126,0.50,3.96,61.11
Biju Mangal,CONTRACT,BIKE,98,0.41,4.05,66.33
Gokul Mannan,CONTRACT,BIKE,110,0.52,3.90,63.64
Uthkarsh Ramesh,CONTRACT,EV BIKE,116,0.40,4.05,68.10
Suhana Manda,FULL-TIME,EV BIKE,103,0.41,4.06,68.93
Indrajit Sood,FULL-TIME,SCOOTER,110,0.40,4.06,69.09
Divij Chatterjee,FULL-TIME,SCOOTER,131,0.45,4.05,66.41
Kiaan Mane,FULL-TIME,EV BIKE,115,0.45,4.02,63.48
Chirag Sastry,FULL-TIME,VAN,136,0.53,3.99,59.56
Vritika Sha,FULL-TIME,BIKE,90,0.42,4.06,66.67
Armaan Krishnan,CONTRACT,BIKE,83,0.45,4.02,66.27
Riya Deol,CONTRACT,VAN,130,0.49,3.89,65.38
Vaibhav Arya,CONTRACT,VAN,99,0.45,4.03,63.64
Riya Mahajan,CONTRACT,VAN,91,0.40,4.12,68.13
Arhaan Butala,FULL-TIME,VAN,95,0.49,3.92,61.05
Charvi Tiwari,CONTRACT,EV BIKE,84,0.50,4.00,59.52
Pihu Bora,CONTRACT,SCOOTER,122,0.48,3.97,63.11
Madhup Tella,FULL-TIME,VAN,105,0.33,4.12,74.29
Bhavin Shukla,FULL-TIME,VAN,121,0.54,3.85,59.50
Sumer Toor,FULL-TIME,SCOOTER,117,0.46,4.02,62.39
Bhamini Karpe,CONTRACT,VAN,138,0.43,4.05,65.94
Anya Kanda,FULL-TIME,VAN,227,0.44,4.04,66.08
Drishya Kohli,CONTRACT,VAN,139,0.45,3.99,63.31
Hrishita Johal,CONTRACT,SCOOTER,91,0.51,3.94,58.24
Vihaan Thakur,CONTRACT,EV BIKE,112,0.43,4.02,67.86
Suhana Ramanathan,CONTRACT,SCOOTER,93,0.57,3.91,59.14
Raunak Kakar,CONTRACT,SCOOTER,114,0.38,4.12,70.18
Uthkarsh Loyal,CONTRACT,VAN,107,0.48,3.95,64.49
Ayesha Kumar,FULL-TIME,EV BIKE,111,0.46,3.94,63.96
Tanya Kari,CONTRACT,SCOOTER,96,0.31,4.18,73.96
Tanya Rajagopalan,FULL-TIME,EV BIKE,104,0.36,4.07,71.15
Eshani Balay,FULL-TIME,VAN,121,0.40,4.05,67.77
Mannat Madan,FULL-TIME,EV BIKE,106,0.46,4.05,60.38
Aayush Talwar,CONTRACT,EV BIKE,107,0.47,4.04,63.55
Uthkarsh Bajwa,CONTRACT,VAN,138,0.38,4.06,69.57
Gatik Gulati,CONTRACT,VAN,131,0.46,3.95,67.18
Eva Jhaveri,CONTRACT,SCOOTER,97,0.51,3.99,61.86
Aarush Randhawa,FULL-TIME,VAN,147,0.46,4.02,63.95
Amani Karan,CONTRACT,EV BIKE,114,0.36,4.12,68.42
Rati Bhasin,FULL-TIME,VAN,128,0.48,3.93,64.84
Rhea Sethi,CONTRACT,BIKE,104,0.37,4.15,71.15
Amira Chakrabarti,CONTRACT,VAN,109,0.44,4.04,65.14
Madhup Baria,CONTRACT,SCOOTER,118,0.47,3.98,65.25
Gatik Kala,FULL-TIME,EV BIKE,121,0.42,4.01,69.42
Madhav Saxena,FULL-TIME,SCOOTER,93,0.37,4.11,72.04
Uthkarsh Doctor,CONTRACT,BIKE,104,0.53,3.92,59.62
Ishaan Verma,CONTRACT,VAN,105,0.47,3.96,64.76
Dhanuk Sood,CONTRACT,SCOOTER,98,0.36,4.19,73.47
Bhamini Hans,FULL-TIME,EV BIKE,133,0.47,3.97,63.16
Ivan Setty,CONTRACT,VAN,99,0.56,3.92,56.57
Advika Handa,CONTRACT,EV BIKE,99,0.35,4.06,72.73
Indrans Sibal,CONTRACT,SCOOTER,114,0.43,4.00,67.54
Kartik Saraf,CONTRACT,EV BIKE,85,0.34,4.11,70.59
Mamooty Lad,CONTRACT,SCOOTER,128,0.42,4.02,66.41
Kismat Venkataraman,FULL-TIME,VAN,115,0.48,3.94,66.09
Rati Savant,FULL-TIME,VAN,64,0.45,4.07,68.75
Indrajit Bajwa,CONTRACT,EV BIKE,95,0.42,4.03,66.32
Shray Malhotra,CONTRACT,SCOOTER,124,0.52,3.98,60.48
Akarsh Sridhar,CONTRACT,VAN,106,0.34,4.13,71.70
Samaira Dhaliwal,FULL-TIME,EV BIKE,110,0.46,4.02,65.45
Dhruv Toor,CONTRACT,VAN,90,0.52,3.93,62.22
Jayant Deshpande,CONTRACT,SCOOTER,90,0.46,3.97,65.56
Rati Mangal,FULL-TIME,VAN,116,0.34,4.13,70.69
Kashvi Deol,CONTRACT,EV BIKE,106,0.49,4.04,59.43
Oorja Khanna,FULL-TIME,VAN,81,0.47,4.00,66.67
Anay Barman,FULL-TIME,SCOOTER,76,0.43,4.00,65.79
Anay Rau,CONTRACT,VAN,103,0.43,4.00,68.93
Armaan Sami,FULL-TIME,VAN,119,0.48,3.99,61.34
Anahi Mand,CONTRACT,EV BIKE,143,0.49,3.96,64.34
Yakshit Chana,CONTRACT,SCOOTER,89,0.47,3.90,65.17
Yakshit Bava,CONTRACT,SCOOTER,101,0.38,4.07,69.31
Miraya Lad,CONTRACT,BIKE,112,0.57,3.82,57.14
Kiara Thakkar,CONTRACT,SCOOTER,107,0.45,4.00,65.42
Jivika Rao,FULL-TIME,VAN,132,0.49,3.97,60.61
Lavanya Taneja,FULL-TIME,VAN,92,0.49,3.95,60.87
Zeeshan Basak,FULL-TIME,EV BIKE,109,0.42,4.03,66.06
Parinaaz Soman,FULL-TIME,BIKE,116,0.56,3.85,57.76
Devansh Srinivas,CONTRACT,EV BIKE,88,0.45,4.04,62.50
Oorja Johal,FULL-TIME,VAN,93,0.46,4.00,62.37
Aayush Srinivasan,CONTRACT,VAN,112,0.43,4.03,65.18
Mohanlal Gopal,CONTRACT,EV BIKE,102,0.49,4.09,60.78
Ivana Thakkar,FULL-TIME,VAN,105,0.43,4.03,64.76
Badal Kulkarni,CONTRACT,BIKE,108,0.50,3.97,62.04
Umang Yohannan,FULL-TIME,VAN,111,0.48,3.97,63.06
Jhanvi Dubey,CONTRACT,BIKE,113,0.48,3.95,64.60
Yuvraj  Master,FULL-TIME,VAN,120,0.38,4.06,69.17
Vedika Behl,FULL-TIME,EV BIKE,90,0.47,3.97,65.56
Sara Saraf,CONTRACT,SCOOTER,122,0.48,4.00,61.48
Devansh Kohli,CONTRACT,SCOOTER,135,0.41,4.11,64.44
Aarna Chacko,FULL-TIME,EV BIKE,105,0.46,3.99,64.76
Samarth Balakrishnan,FULL-TIME,VAN,130,0.46,3.98,63.85
Lakshit Bumb,FULL-TIME,BIKE,114,0.56,3.88,56.14
Aarna Ahuja,CONTRACT,SCOOTER,119,0.46,4.10,63.03
Diya Toor,FULL-TIME,BIKE,86,0.48,3.97,66.28
Abram Chandra,CONTRACT,VAN,160,0.49,3.97,62.50
Kiaan Karpe,CONTRACT,EV BIKE,107,0.50,3.98,62.62
Ishita Bora,CONTRACT,SCOOTER,91,0.45,4.06,62.64
Siya Rama,CONTRACT,EV BIKE,97,0.37,4.08,68.04
Neysa Cherian,CONTRACT,EV BIKE,144,0.42,4.01,66.67
Anya Kale,FULL-TIME,SCOOTER,75,0.47,3.91,69.33
Navya Khare,CONTRACT,EV BIKE,90,0.48,3.93,64.44
Arnav Srinivasan,CONTRACT,SCOOTER,128,0.45,4.04,63.28
Armaan Saini,FULL-TIME,BIKE,92,0.43,3.95,69.57
Aarna Chad,CONTRACT,BIKE,124,0.46,4.02,65.32
Raunak Raju,CONTRACT,SCOOTER,104,0.38,4.06,70.19
Alia Sharaf,CONTRACT,EV BIKE,107,0.48,3.94,65.42
Rati Balay,CONTRACT,BIKE,104,0.41,4.06,69.23
Jivika Soni,FULL-TIME,BIKE,113,0.39,3.99,74.34
Alia Golla,CONTRACT,BIKE,121,0.43,4.02,64.46
Gokul Bajwa,FULL-TIME,VAN,96,0.51,3.82,57.29
Miraan Sur,FULL-TIME,VAN,93,0.44,4.05,62.37
Saksham Dyal,CONTRACT,BIKE,120,0.43,4.06,65.83
Umang Yohannan,CONTRACT,BIKE,96,0.45,4.03,67.71
Riaan Kapadia,FULL-TIME,SCOOTER,114,0.36,4.09,72.81
Mannat Sandal,CONTRACT,EV BIKE,104,0.46,4.02,61.54
Kiara Ahuja,CONTRACT,VAN,97,0.51,3.92,61.86
Samarth Ahluwalia,CONTRACT,EV BIKE,151,0.48,3.95,62.91
Samiha Kapur,CONTRACT,BIKE,89,0.55,3.82,59.55
Manikya Mangal,FULL-TIME,SCOOTER,104,0.38,4.08,68.27
Tarini Dasgupta,FULL-TIME,VAN,84,0.45,4.01,65.48
Anvi Warrior,CONTRACT,BIKE,88,0.39,4.17,68.18
Kiaan Kala,FULL-TIME,SCOOTER,76,0.39,4.02,67.11
Navya Loke,FULL-TIME,BIKE,130,0.42,4.03,66.92
Aarush Reddy,CONTRACT,EV BIKE,84,0.45,3.95,65.48
Madhav Jani,FULL-TIME,EV BIKE,108,0.41,4.09,68.52
Lakshit Thaman,CONTRACT,BIKE,76,0.34,4.12,73.68
Lagan Dhar,FULL-TIME,SCOOTER,107,0.50,3.98,59.81
Anahi Walia,CONTRACT,BIKE,88,0.50,3.90,63.64
Prisha Sinha,CONTRACT,VAN,120,0.34,4.09,72.50
Zara Rama,FULL-TIME,BIKE,105,0.44,4.01,65.71
Ayesha Dhar,CONTRACT,VAN,80,0.53,4.04,58.75
Lakshit Dugar,CONTRACT,SCOOTER,93,0.39,4.19,69.89
Shanaya Date,FULL-TIME,SCOOTER,115,0.43,4.07,64.35
Inaaya  Kalla,CONTRACT,SCOOTER,106,0.35,4.11,71.70
Devansh Dada,CONTRACT,VAN,109,0.44,3.96,68.81
Zeeshan Sura,CONTRACT,EV BIKE,115,0.41,4.06,66.09
Oorja Tank,FULL-TIME,VAN,120,0.49,3.94,64.17
Vritika Goel,CONTRACT,SCOOTER,119,0.39,4.13,67.23
Ivana Saini,FULL-TIME,VAN,111,0.52,4.00,59.46
Ehsaan Kumar,CONTRACT,VAN,116,0.42,4.02,68.97
Manikya Karnik,CONTRACT,SCOOTER,158,0.41,4.11,64.56
Nayantara Kunda,FULL-TIME,SCOOTER,108,0.43,4.02,66.67
Kavya Srinivas,CONTRACT,VAN,104,0.47,3.94,61.54
Aarush Bhatia,CONTRACT,BIKE,113,0.42,4.09,67.26
Priyansh Jain,FULL-TIME,VAN,88,0.41,4.11,65.91
Badal Madan,FULL-TIME,EV BIKE,100,0.39,4.11,72.00
Veer Sule,CONTRACT,BIKE,96,0.46,4.09,63.54
Aaina Buch,FULL-TIME,BIKE,109,0.51,3.94,62.39
Prerak Bahl,CONTRACT,SCOOTER,103,0.40,4.11,66.02
Piya Sur,FULL-TIME,SCOOTER,103,0.40,4.02,68.93
Anay Kakar,CONTRACT,EV BIKE,107,0.52,3.90,58.88
Anya Kota,FULL-TIME,EV BIKE,105,0.38,4.13,69.52
Ivan Gara,CONTRACT,VAN,115,0.39,4.04,70.43
Siya Sandal,CONTRACT,VAN,93,0.56,3.86,55.91
Tanya Khare,CONTRACT,SCOOTER,86,0.59,3.79,52.33
Nehmat Chad,FULL-TIME,VAN,115,0.50,3.91,62.61
Ojas Choudhry,FULL-TIME,VAN,153,0.37,4.08,69.93
Nakul Kaul,CONTRACT,EV BIKE,126,0.42,4.10,66.67
Alisha Chhabra,FULL-TIME,BIKE,135,0.38,4.08,71.11
Anvi Baria,FULL-TIME,SCOOTER,145,0.41,4.02,67.59
Ranbir Viswanathan,FULL-TIME,BIKE,91,0.64,3.78,50.55
Zaina Sule,CONTRACT,EV BIKE,118,0.50,3.96,58.47
Zoya Kumer,FULL-TIME,EV BIKE,105,0.50,3.93,60.00
Damini Dua,FULL-TIME,VAN,102,0.51,3.93,63.73
Madhav Koshy,FULL-TIME,VAN,105,0.49,3.98,64.76
Parinaaz Rattan,FULL-TIME,BIKE,76,0.41,4.06,69.74
Shray Bath,FULL-TIME,SCOOTER,124,0.45,4.03,62.90
Kiara Baria,FULL-TIME,VAN,113,0.44,4.05,63.72
Devansh Subramaniam,FULL-TIME,EV BIKE,77,0.42,4.16,66.23
Shanaya Dave,FULL-TIME,SCOOTER,131,0.40,4.05,67.18
Gokul Garde,FULL-TIME,EV BIKE,76,0.49,4.06,67.11
Kiara Chanda,FULL-TIME,EV BIKE,89,0.42,4.07,67.42
Umang Hora,FULL-TIME,BIKE,127,0.43,3.99,66.14
Samarth Barad,CONTRACT,BIKE,113,0.35,4.03,72.57
Tushar Dass,CONTRACT,BIKE,92,0.40,4.04,67.39
Prisha Wason,FULL-TIME,SCOOTER,126,0.53,4.01,58.73
Priyansh Manda,CONTRACT,SCOOTER,92,0.29,4.19,75.00
Jivin Uppal,FULL-TIME,SCOOTER,105,0.36,4.07,71.43
Hridaan Virk,FULL-TIME,BIKE,110,0.47,3.99,61.82
Aarush Shukla,CONTRACT,BIKE,117,0.31,4.22,74.36
Ritvik Dhillon,FULL-TIME,SCOOTER,105,0.49,3.99,62.86
Tanya Ganguly,CONTRACT,EV BIKE,127,0.42,4.07,69.29
Sara Garg,FULL-TIME,EV BIKE,124,0.48,4.01,62.10
Jivika Gara,FULL-TIME,EV BIKE,127,0.55,3.91,61.42
Tara Manda,FULL-TIME,EV BIKE,120,0.41,4.03,70.00
Ela Chauhan,CONTRACT,SCOOTER,169,0.51,3.93,62.13
Sara Sagar,FULL-TIME,VAN,99,0.44,3.97,65.66
Sumer Chanda,CONTRACT,EV BIKE,103,0.39,4.07,67.96
Mahika Shah,CONTRACT,BIKE,114,0.39,4.09,70.18
Neysa Raman,FULL-TIME,BIKE,103,0.33,4.11,72.82
Pari Borah,CONTRACT,SCOOTER,114,0.50,3.96,63.16
Neelofar Andra,CONTRACT,SCOOTER,124,0.48,3.97,65.32
Zaina Krishna,FULL-TIME,SCOOTER,136,0.39,4.03,69.85
Divij Dube,CONTRACT,SCOOTER,95,0.40,4.07,71.58
Kanav Lall,CONTRACT,BIKE,98,0.49,3.95,62.24
Parinaaz Sarna,CONTRACT,BIKE,129,0.37,4.09,66.67
Zoya Kalita,CONTRACT,BIKE,99,0.49,3.95,64.65
Myra Dubey,FULL-TIME,BIKE,130,0.47,3.99,65.38
Stuvan Shere,CONTRACT,BIKE,222,0.49,3.94,63.06
Vritika Sarin,FULL-TIME,SCOOTER,97,0.56,3.93,56.70
Sara Dhar,FULL-TIME,BIKE,96,0.50,3.89,63.54
Damini Batra,FULL-TIME,VAN,110,0.42,4.02,66.36
Purab Tandon,CONTRACT,BIKE,96,0.44,4.08,65.63
Prisha D’alia,FULL-TIME,EV BIKE,107,0.49,3.95,63.55
Keya Sami,CONTRACT,EV BIKE,92,0.45,4.03,66.30
Vaibhav Jaggi,FULL-TIME,VAN,109,0.50,3.87,63.30
Adira Krish,CONTRACT,EV BIKE,100,0.44,3.97,65.00
Vanya Grewal,FULL-TIME,VAN,99,0.46,3.98,62.63
Advik Magar,CONTRACT,BIKE,105,0.45,3.98,66.67
Yasmin Mani,CONTRACT,EV BIKE,118,0.52,3.95,58.47
Himmat Gopal,FULL-TIME,EV BIKE,141,0.50,3.95,59.57
Zain Bahri,CONTRACT,EV BIKE,111,0.44,3.99,66.67
Krish Anand,CONTRACT,VAN,111,0.45,4.01,62.16
Eshani Khanna,CONTRACT,VAN,80,0.46,4.05,61.25
Kabir Sekhon,FULL-TIME,VAN,96,0.42,4.02,69.79
Damini Bandi,CONTRACT,BIKE,115,0.43,3.93,66.09
Divyansh Babu,FULL-TIME,VAN,133,0.42,4.05,69.17
Prisha Desai,FULL-TIME,EV BIKE,92,0.39,4.10,70.65
Hazel Bava,FULL-TIME,VAN,107,0.43,4.01,64.49
Jayan Solanki,FULL-TIME,SCOOTER,105,0.46,4.01,64.76
Samaira Kota,CONTRACT,BIKE,93,0.44,3.96,68.82
Fateh Sama,CONTRACT,EV BIKE,111,0.36,4.15,74.77
Mahika De,CONTRACT,VAN,136,0.51,3.92,62.50
Advika Bhatt,FULL-TIME,EV BIKE,99,0.53,3.93,59.60
Shlok Ganguly,FULL-TIME,SCOOTER,102,0.55,3.82,61.76
Nakul Devi,CONTRACT,EV BIKE,98,0.48,3.98,62.24
Mannat Thaker,FULL-TIME,VAN,101,0.48,3.94,63.37
Zaina Bath,FULL-TIME,VAN,119,0.51,3.95,63.87
Akarsh Choudhry,CONTRACT,EV BIKE,98,0.45,4.04,65.31
Jiya Contractor,CONTRACT,VAN,107,0.47,3.99,61.68
Sara Borra,FULL-TIME,EV BIKE,100,0.52,3.88,63.00
Bhavin Sathe,CONTRACT,EV BIKE,136,0.42,4.03,69.85
Samarth Hayer,FULL-TIME,VAN,88,0.53,3.96,59.09
Vaibhav Sawhney,FULL-TIME,VAN,125,0.40,4.06,66.40
Ishita Banerjee,CONTRACT,BIKE,106,0.49,3.96,62.26
Alia Karan,FULL-TIME,SCOOTER,76,0.54,3.81,63.16
Aayush Dora,FULL-TIME,EV BIKE,115,0.54,3.91,60.87
Indrans Sha,CONTRACT,EV BIKE,110,0.51,3.97,60.00
Vritika Ganesh,FULL-TIME,BIKE,117,0.44,4.01,62.39
Hridaan Kadakia,FULL-TIME,VAN,99,0.45,4.01,64.65
Nitara Swamy,CONTRACT,SCOOTER,107,0.49,3.87,62.62
Kabir Subramanian,CONTRACT,SCOOTER,86,0.51,3.94,61.63
Manjari Deshmukh,FULL-TIME,VAN,106,0.51,3.97,59.43
Kiara Bahri,FULL-TIME,BIKE,89,0.33,4.11,70.79
Mannat Chandra,CONTRACT,EV BIKE,115,0.31,4.16,73.04
Aarna Gaba,FULL-TIME,EV BIKE,99,0.41,4.00,69.70
Yuvaan Tank,CONTRACT,VAN,131,0.48,4.00,64.89
Mehul Khare,CONTRACT,SCOOTER,119,0.47,3.98,63.87
Charvi Krish,CONTRACT,SCOOTER,126,0.43,4.01,64.29
Tushar Deol,FULL-TIME,EV BIKE,84,0.60,3.81,58.33
Mohanlal Comar,CONTRACT,BIKE,103,0.43,4.02,63.11
Faiyaz Dyal,FULL-TIME,VAN,97,0.42,4.02,69.07
Sara Khanna,FULL-TIME,EV BIKE,124,0.42,4.02,69.35
Nishith Divan,FULL-TIME,VAN,99,0.51,3.95,62.63
Mohanlal Edwin,CONTRACT,BIKE,81,0.63,3.80,54.32
Keya Gokhale,FULL-TIME,VAN,108,0.44,4.02,64.81
Aaryahi Balasubramanian,FULL-TIME,BIKE,107,0.42,4.07,65.42
Ivana Sunder,FULL-TIME,BIKE,128,0.41,4.03,65.63
Vihaan Sahota,FULL-TIME,VAN,90,0.41,4.07,68.89
Lakshit Mall,FULL-TIME,SCOOTER,95,0.54,3.84,60.00
Samaira Manne,FULL-TIME,VAN,82,0.44,3.97,68.29
Oorja Karan,CONTRACT,VAN,126,0.48,3.94,61.90
Rohan Khosla,FULL-TIME,BIKE,99,0.45,4.02,63.64
Zain Basu,FULL-TIME,BIKE,96,0.48,3.90,64.58
Shray Andra,CONTRACT,EV BIKE,87,0.45,4.02,64.37
Vedika Barad,CONTRACT,BIKE,84,0.42,3.99,66.67
Amani Manda,FULL-TIME,BIKE,113,0.33,4.18,73.45
Amani Raju,FULL-TIME,VAN,106,0.40,4.04,66.98
Kavya Bath,CONTRACT,EV BIKE,93,0.53,3.91,61.29
Raghav Shah,CONTRACT,EV BIKE,136,0.50,3.92,61.03
Reyansh Agrawal,CONTRACT,EV BIKE,101,0.41,4.12,66.34
Heer Tiwari,FULL-TIME,SCOOTER,93,0.40,4.03,66.67
Miraan Edwin,FULL-TIME,VAN,105,0.45,3.98,67.62
Ishaan Venkatesh,CONTRACT,VAN,115,0.61,3.88,52.17
Zaina Konda,CONTRACT,BIKE,92,0.51,3.93,57.61
Amira Lall,FULL-TIME,VAN,109,0.50,3.93,62.39
Jhanvi Khanna,FULL-TIME,SCOOTER,111,0.46,3.99,63.06
Sana Borra,FULL-TIME,BIKE,86,0.49,4.03,61.63
Kavya Chauhan,FULL-TIME,EV BIKE,117,0.44,3.95,65.81
Sumer Brar,FULL-TIME,VAN,102,0.44,3.98,62.75
Taimur Desai,CONTRACT,VAN,99,0.55,3.88,57.58
Vedika Kota,FULL-TIME,BIKE,125,0.46,4.03,63.20
Jhanvi Dhingra,FULL-TIME,EV BIKE,108,0.42,4.00,64.81
Hansh Shukla,CONTRACT,BIKE,98,0.64,3.74,52.04
Tanya Mallick,CONTRACT,VAN,99,0.53,3.90,59.60
Kaira Wable,FULL-TIME,EV BIKE,104,0.48,3.96,63.46
Shayak Lala,CONTRACT,SCOOTER,120,0.53,3.95,58.33
Kismat Mani,CONTRACT,SCOOTER,107,0.41,4.10,68.22
Arhaan Bora,CONTRACT,EV BIKE,111,0.43,4.04,65.77
Dhanuk Swamy,CONTRACT,EV BIKE,103,0.44,3.95,67.96
Bhamini Krish,CONTRACT,VAN,81,0.47,4.00,66.67
Aniruddh Mann,CONTRACT,VAN,102,0.50,3.99,64.71
Kavya Saxena,CONTRACT,SCOOTER,103,0.44,3.98,66.02
Tejas Devan,FULL-TIME,SCOOTER,99,0.43,3.99,69.70
Mehul Cheema,CONTRACT,SCOOTER,92,0.62,3.91,52.17
Navya D’alia,CONTRACT,EV BIKE,69,0.36,4.11,69.57
Zeeshan Doshi,FULL-TIME,SCOOTER,113,0.45,3.97,62.83
Jayan Buch,FULL-TIME,EV BIKE,86,0.52,3.91,63.95
Nirvaan Dhar,FULL-TIME,BIKE,103,0.54,3.94,57.28
Nirvaan Bhargava,CONTRACT,VAN,94,0.40,4.08,65.96
Yakshit Dhillon,FULL-TIME,BIKE,93,0.46,4.01,66.67
Nitya Srinivasan,FULL-TIME,SCOOTER,101,0.48,3.99,61.39
Tanya Gupta,CONTRACT,VAN,101,0.50,3.93,61.39
Amani Bal,FULL-TIME,BIKE,107,0.43,3.94,65.42
Amani Sachar,FULL-TIME,EV BIKE,106,0.41,4.05,67.92
Indrans Bora,FULL-TIME,EV BIKE,98,0.47,3.91,65.31
Neysa Manda,FULL-TIME,VAN,113,0.47,3.99,61.95
Hiran Kota,CONTRACT,EV BIKE,98,0.47,3.95,65.31
Ritvik Tella,CONTRACT,BIKE,99,0.55,3.93,58.59
Ranbir Kala,CONTRACT,SCOOTER,92,0.54,3.92,59.78
Adah Sur,CONTRACT,BIKE,112,0.44,3.92,66.07
Lakshit Rajan,CONTRACT,VAN,167,0.50,3.92,62.87
Kavya Datta,CONTRACT,BIKE,80,0.48,4.00,61.25
Nirvi Date,FULL-TIME,SCOOTER,124,0.51,3.88,60.48
Aaryahi Wable,CONTRACT,VAN,134,0.46,4.01,62.69
Ritvik Kumer,FULL-TIME,VAN,111,0.49,4.00,60.36
Mishti Kakar,FULL-TIME,EV BIKE,107,0.52,3.91,60.75
Rati Dugar,CONTRACT,BIKE,90,0.44,3.98,62.22
Shamik Sachdev,CONTRACT,SCOOTER,126,0.48,4.01,60.32
Hazel Bhakta,FULL-TIME,BIKE,94,0.51,3.91,63.83
Dhruv Gulati,FULL-TIME,SCOOTER,118,0.57,3.83,58.47
Vritika Chadha,CONTRACT,BIKE,81,0.46,4.01,62.96
Anvi Arya,CONTRACT,SCOOTER,99,0.47,3.94,62.63
Raunak Kakar,FULL-TIME,EV BIKE,113,0.42,3.96,68.14
Tara Chakraborty,FULL-TIME,BIKE,109,0.41,4.04,68.81
Kanav Chanda,CONTRACT,SCOOTER,98,0.38,4.05,73.47
Vivaan Arya,CONTRACT,SCOOTER,90,0.44,3.99,66.67
Samarth Solanki,FULL-TIME,EV BIKE,125,0.49,4.05,61.60
Ranbir Soman,FULL-TIME,EV BIKE,106,0.37,4.08,69.81
Jayant Ratti,CONTRACT,BIKE,90,0.47,3.94,61.11
Taimur Som,FULL-TIME,SCOOTER,112,0.52,3.89,60.71
Kartik Chanda,FULL-TIME,BIKE,130,0.45,3.95,66.92
Sana Goda,CONTRACT,SCOOTER,64,0.44,3.99,65.63
Azad Agate,CONTRACT,BIKE,82,0.52,3.90,60.98
Kimaya Mane,CONTRACT,VAN,94,0.40,4.08,70.21
Shlok Zachariah,CONTRACT,SCOOTER,83,0.40,4.06,66.27
Advika Solanki,CONTRACT,SCOOTER,94,0.39,4.12,68.09
Taimur Gara,FULL-TIME,EV BIKE,105,0.37,4.09,71.43
Shray Ahluwalia,FULL-TIME,VAN,103,0.42,4.05,68.93
Ishaan Chander,CONTRACT,BIKE,101,0.41,4.12,66.34
Rhea Banik,FULL-TIME,EV BIKE,93,0.35,4.14,72.04
Zain Divan,FULL-TIME,SCOOTER,113,0.45,4.04,64.60
Neelofar Warrior,FULL-TIME,EV BIKE,101,0.48,3.94,65.35
Devansh Trivedi,FULL-TIME,VAN,112,0.36,4.08,69.64
Zaina Chada,CONTRACT,VAN,142,0.46,3.95,65.49
Raghav Sunder,FULL-TIME,VAN,152,0.40,4.07,67.76
Madhup Krishnan,CONTRACT,VAN,116,0.47,4.00,63.79
Manjari Dave,FULL-TIME,BIKE,95,0.49,3.94,62.11
Pihu Garg,FULL-TIME,BIKE,118,0.34,4.19,67.80
Ritvik Konda,FULL-TIME,EV BIKE,125,0.48,3.96,64.80
Sumer Ahuja,CONTRACT,VAN,95,0.43,4.02,65.26
Ela Kannan,FULL-TIME,VAN,134,0.43,4.01,67.91
Ojas Bhatnagar,FULL-TIME,SCOOTER,145,0.34,4.10,71.72
Rohan Ghosh,CONTRACT,BIKE,139,0.47,3.98,65.47
Riya Kamdar,CONTRACT,VAN,108,0.45,3.96,63.89
Riaan Sharaf,FULL-TIME,EV BIKE,100,0.36,4.09,73.00
Khushi Dora,FULL-TIME,SCOOTER,122,0.50,3.89,62.30
Aayush Bahl,CONTRACT,BIKE,104,0.47,3.97,63.46
Dharmajan Varghese,CONTRACT,SCOOTER,104,0.40,4.09,65.38
Miraan Sankaran,FULL-TIME,BIKE,109,0.51,3.90,64.22
Renee Thaman,CONTRACT,EV BIKE,93,0.39,4.04,72.04
Siya Bahl,FULL-TIME,SCOOTER,126,0.48,3.96,63.49
Vidur Ray,CONTRACT,SCOOTER,92,0.62,3.81,54.35
Hazel Choudhry,CONTRACT,VAN,89,0.44,3.97,66.29
Ranbir Kaul,FULL-TIME,VAN,84,0.52,3.88,60.71
Kiara Kala,FULL-TIME,SCOOTER,112,0.50,3.99,59.82
Oorja Edwin,FULL-TIME,VAN,96,0.41,4.03,66.67
Aarna Datta,CONTRACT,EV BIKE,96,0.43,3.96,68.75
Divyansh Devan,CONTRACT,EV BIKE,123,0.42,4.01,66.67
Nishith Chaudhary,CONTRACT,EV BIKE,115,0.51,3.94,62.61
Saksham Bava,CONTRACT,VAN,120,0.40,4.07,65.83
Kartik Khare,FULL-TIME,VAN,90,0.39,4.11,66.67
Advik Hayre,CONTRACT,SCOOTER,78,0.60,3.77,53.85
Rasha Aggarwal,FULL-TIME,VAN,97,0.34,4.14,71.13
Aaryahi Krishnan,CONTRACT,SCOOTER,124,0.39,4.08,67.74
Ishita Keer,FULL-TIME,SCOOTER,90,0.36,4.17,68.89
Samaira Babu,CONTRACT,BIKE,105,0.37,4.00,74.29
Shalv Jaggi,FULL-TIME,VAN,104,0.42,4.06,68.27
Saira Soman,CONTRACT,BIKE,129,0.52,3.89,58.91
Dharmajan Ramanathan,CONTRACT,VAN,89,0.62,3.80,52.81
Shayak Balay,CONTRACT,VAN,85,0.48,3.99,65.88
Bhavin Lala,FULL-TIME,EV BIKE,72,0.36,4.11,70.83
Shayak Choudhury,CONTRACT,VAN,97,0.60,3.76,53.61
Lakshit Dyal,CONTRACT,EV BIKE,74,0.53,3.90,55.41
Mohanlal Khatri,CONTRACT,EV BIKE,116,0.46,3.99,64.66
Tushar Tata,FULL-TIME,EV BIKE,74,0.42,3.96,68.92
Advik Kapur,FULL-TIME,BIKE,111,0.55,3.97,58.56
Vivaan Krish,FULL-TIME,EV BIKE,89,0.57,3.84,58.43
Sara Warrior,CONTRACT,EV BIKE,88,0.48,3.99,63.64
Aaryahi Sandhu,FULL-TIME,VAN,103,0.46,3.94,66.02
Arnav Bora,CONTRACT,VAN,111,0.41,4.10,66.67
Jivin Reddy,FULL-TIME,BIKE,83,0.31,4.22,74.70
Ishita Chaudhari,CONTRACT,VAN,78,0.55,3.93,56.41
Eva Dora,CONTRACT,EV BIKE,99,0.48,3.98,63.64
Sara Dada,CONTRACT,VAN,104,0.46,3.97,64.42
Jiya Savant,FULL-TIME,SCOOTER,95,0.46,3.95,64.21
Adah Sama,FULL-TIME,SCOOTER,77,0.47,3.88,66.23
Mannat Boase,FULL-TIME,SCOOTER,97,0.40,4.05,69.07
Anahi Iyer,CONTRACT,SCOOTER,119,0.54,3.91,58.82
Yasmin Sandhu,CONTRACT,EV BIKE,91,0.34,4.16,70.33
Miraya Chaudhry,FULL-TIME,SCOOTER,115,0.46,4.00,62.61
Chirag Dugal,FULL-TIME,SCOOTER,129,0.34,4.09,73.64
Prerak Anne,FULL-TIME,BIKE,89,0.48,4.04,64.04
Shanaya Goda,CONTRACT,EV BIKE,132,0.44,4.03,66.67
Shalv Vala,CONTRACT,VAN,123,0.41,4.09,69.11
Prisha Ramanathan,FULL-TIME,VAN,92,0.36,4.02,72.83
Riya Som,FULL-TIME,SCOOTER,99,0.55,3.92,57.58
Nayantara Dube,FULL-TIME,BIKE,103,0.52,3.93,61.17
Amira Behl,CONTRACT,VAN,99,0.39,4.03,67.68
Rania Mangat,FULL-TIME,BIKE,141,0.42,4.03,66.67
Jayesh Kalla,FULL-TIME,BIKE,93,0.42,4.07,63.44
Fateh Datta,FULL-TIME,EV BIKE,109,0.61,3.75,55.96
Yuvaan Ramakrishnan,CONTRACT,VAN,107,0.42,3.98,68.22
Hazel Atwal,CONTRACT,EV BIKE,144,0.47,3.97,63.19
Stuvan Das,FULL-TIME,VAN,73,0.49,4.00,63.01
Ela Loke,FULL-TIME,BIKE,87,0.39,4.10,68.97
Pranay Dugar,FULL-TIME,VAN,96,0.46,4.03,64.58
Aarav Baria,CONTRACT,VAN,90,0.33,4.05,72.22
Rohan Tank,FULL-TIME,EV BIKE,105,0.50,4.00,60.00
Shlok Dutt,CONTRACT,SCOOTER,133,0.53,3.91,59.40
Alia Dhar,FULL-TIME,BIKE,98,0.52,3.83,61.22
Hridaan Sharaf,FULL-TIME,SCOOTER,88,0.38,4.08,70.45
Ela Wali,FULL-TIME,VAN,120,0.44,4.00,65.83
Urvi Mander,CONTRACT,SCOOTER,101,0.39,4.08,72.28
Kismat Roy,FULL-TIME,VAN,104,0.34,4.11,73.08
Aaina Butala,CONTRACT,VAN,76,0.43,4.09,65.79
Charvi Bhardwaj,CONTRACT,SCOOTER,125,0.43,3.99,66.40
Gokul Kumar,CONTRACT,VAN,95,0.47,3.90,66.32
Nitya Majumdar,FULL-TIME,VAN,80,0.59,3.95,60.00
Jivika Mangat,FULL-TIME,BIKE,100,0.44,4.00,63.00
Nehmat Seshadri,FULL-TIME,VAN,98,0.53,3.91,62.24
Yasmin Varma,FULL-TIME,BIKE,75,0.63,3.82,57.33
Adira Chandran,FULL-TIME,VAN,107,0.50,3.95,64.49
Ayesha Chaudhari,FULL-TIME,EV BIKE,107,0.45,4.00,65.42
Zain Kade,FULL-TIME,VAN,115,0.39,4.00,69.57
Manikya Warrior,CONTRACT,SCOOTER,112,0.57,3.88,58.93
Inaaya  Sodhi,CONTRACT,BIKE,80,0.43,4.03,65.00
Arhaan Devi,FULL-TIME,EV BIKE,83,0.40,4.08,69.88
Aaryahi Gopal,FULL-TIME,BIKE,82,0.38,4.09,68.29
Kismat Char,CONTRACT,EV BIKE,92,0.53,3.91,58.70
Yasmin Jaggi,CONTRACT,BIKE,153,0.50,3.95,62.09
Alisha Shere,CONTRACT,SCOOTER,110,0.49,3.90,61.82
Anahi Mani,FULL-TIME,SCOOTER,92,0.38,4.07,71.74
Renee De,CONTRACT,VAN,114,0.52,3.89,61.40
Ranbir Shan,CONTRACT,SCOOTER,103,0.40,4.13,66.02
Mahika Butala,FULL-TIME,VAN,83,0.47,3.99,61.45
Rasha Sampath,CONTRACT,SCOOTER,134,0.35,4.10,73.88
Anay Dave,CONTRACT,SCOOTER,103,0.53,3.97,60.19
Ryan Raj,FULL-TIME,BIKE,107,0.39,4.12,66.36
Gatik Sachdeva,FULL-TIME,BIKE,95,0.53,3.86,60.00
Yashvi Goel,CONTRACT,EV BIKE,116,0.55,3.88,58.62
Nayantara Soman,CONTRACT,EV BIKE,96,0.48,4.07,62.50
Anahita Sanghvi,FULL-TIME,VAN,116,0.50,3.90,62.07
Advik Tank,FULL-TIME,EV BIKE,100,0.58,3.80,57.00
Sumer Vig,CONTRACT,EV BIKE,138,0.49,3.97,60.14
Nishith Dash,CONTRACT,BIKE,99,0.29,4.18,72.73
Ahana  Kadakia,FULL-TIME,VAN,92,0.36,4.11,67.39
Shayak Cherian,FULL-TIME,SCOOTER,87,0.52,3.97,58.62
Heer Mani,FULL-TIME,SCOOTER,136,0.43,4.05,66.91
Parinaaz Lall,CONTRACT,BIKE,113,0.47,3.95,65.49
Advik Goswami,CONTRACT,BIKE,97,0.43,4.02,68.04
Eva Atwal,FULL-TIME,BIKE,100,0.56,3.89,56.00
Vritika Tandon,FULL-TIME,VAN,134,0.51,3.91,62.69
Zeeshan Shah,CONTRACT,SCOOTER,116,0.34,4.04,70.69
Tarini Amble,FULL-TIME,SCOOTER,100,0.51,3.90,64.00
Aarush Soni,FULL-TIME,VAN,77,0.53,3.84,61.04
Farhan Sarna,FULL-TIME,VAN,107,0.40,4.12,69.16
Mahika Bhatia,FULL-TIME,EV BIKE,104,0.42,4.04,62.50
Ehsaan Maharaj,CONTRACT,SCOOTER,146,0.45,3.98,66.44
Rati Dyal,CONTRACT,BIKE,104,0.39,4.09,64.42
Himmat Bhat,CONTRACT,VAN,125,0.38,4.07,68.00
Tiya Kala,CONTRACT,EV BIKE,107,0.40,3.98,70.09
Emir Korpal,FULL-TIME,VAN,110,0.37,4.04,70.91
Kanav Barman,FULL-TIME,EV BIKE,91,0.55,3.90,57.14
Jivin Chanda,CONTRACT,SCOOTER,129,0.37,4.08,70.54
Nirvaan Konda,FULL-TIME,VAN,95,0.59,3.84,55.79
Indranil Taneja,FULL-TIME,EV BIKE,134,0.46,4.00,64.93
Emir Ganesan,CONTRACT,SCOOTER,127,0.51,3.96,60.63
Uthkarsh Tandon,FULL-TIME,EV BIKE,124,0.46,4.01,62.90
Tanya Krishnamurthy,CONTRACT,BIKE,96,0.45,4.15,68.75
Suhana Saha,CONTRACT,BIKE,92,0.49,3.98,63.04
Arnav Hari,CONTRACT,BIKE,132,0.39,4.07,68.94
Uthkarsh Dua,FULL-TIME,SCOOTER,93,0.46,4.00,66.67
Samar Kakar,FULL-TIME,BIKE,109,0.49,3.91,65.14
Vivaan Devan,CONTRACT,BIKE,111,0.40,4.05,67.57
Vihaan Bhattacharyya,CONTRACT,EV BIKE,106,0.38,4.09,73.58
Badal Ramachandran,FULL-TIME,EV BIKE,118,0.50,3.93,63.56
Jayesh Mani,FULL-TIME,EV BIKE,104,0.40,4.08,67.31
Armaan Ratti,CONTRACT,VAN,98,0.34,4.13,74.49
Kaira Wagle,CONTRACT,BIKE,87,0.43,4.05,65.52
Manjari Krishnan,CONTRACT,EV BIKE,86,0.44,4.08,66.28
Aradhya Ganesh,FULL-TIME,EV BIKE,105,0.41,4.04,69.52
Pranay Tak,CONTRACT,VAN,92,0.47,3.99,61.96
Neysa Balay,FULL-TIME,VAN,92,0.51,3.94,61.96
Jayant Borde,CONTRACT,EV BIKE,126,0.37,4.12,68.25
Anahita Shankar,CONTRACT,VAN,95,0.56,3.86,56.84
Lakshit Bahl,CONTRACT,EV BIKE,123,0.45,4.03,63.41
Dhanush Biswas,FULL-TIME,EV BIKE,92,0.28,4.20,76.09
Samarth Grover,CONTRACT,SCOOTER,118,0.46,4.02,66.10
Dharmajan Banik,FULL-TIME,EV BIKE,136,0.46,3.99,62.50
Seher Gala,CONTRACT,BIKE,102,0.44,4.02,65.69
Yuvraj  Rajagopalan,CONTRACT,VAN,106,0.43,3.97,66.04
Shanaya Sarraf,CONTRACT,BIKE,115,0.40,4.03,68.70
Biju Bhat,CONTRACT,BIKE,92,0.51,3.93,58.70
Madhav Ramaswamy,CONTRACT,VAN,103,0.51,3.96,59.22
Samiha Contractor,FULL-TIME,EV BIKE,87,0.44,4.00,67.82
Romil Vasa,CONTRACT,EV BIKE,118,0.38,4.11,70.34
Chirag Chopra,FULL-TIME,SCOOTER,71,0.31,4.07,76.06
Lakshit Gara,FULL-TIME,VAN,148,0.47,3.99,59.46
Miraan Wagle,CONTRACT,SCOOTER,118,0.49,3.90,63.56
Pari Subramaniam,CONTRACT,EV BIKE,94,0.56,3.87,57.45
Rasha Madan,FULL-TIME,BIKE,112,0.49,3.93,61.61
Raunak Dalal,CONTRACT,SCOOTER,122,0.45,4.06,63.93
Indranil Dugar,FULL-TIME,EV BIKE,108,0.60,3.81,58.33
Dishani Madan,CONTRACT,SCOOTER,104,0.53,3.87,62.50
Kiara Gokhale,CONTRACT,EV BIKE,75,0.37,4.08,70.67
Kavya Bassi,CONTRACT,BIKE,137,0.45,3.97,64.23
Ayesha Doshi,FULL-TIME,VAN,105,0.51,3.91,59.05
Yasmin Kari,CONTRACT,VAN,99,0.41,4.05,68.69
Samaira Dhaliwal,CONTRACT,SCOOTER,88,0.40,4.06,67.05
Kiaan Jayaraman,FULL-TIME,EV BIKE,121,0.41,4.01,66.94
Trisha Chadha,FULL-TIME,VAN,123,0.30,4.20,75.61
Kavya Saraf,FULL-TIME,BIKE,85,0.58,3.73,57.65
Zoya Hari,CONTRACT,EV BIKE,89,0.44,3.99,67.42
Dishani Kurian,CONTRACT,EV BIKE,121,0.42,4.02,68.60
Anay Sule,FULL-TIME,SCOOTER,128,0.51,3.92,59.38
Mahika Seth,FULL-TIME,SCOOTER,114,0.38,4.09,69.30
Zeeshan Vaidya,CONTRACT,VAN,152,0.42,4.04,66.45
Mamooty Tripathi,FULL-TIME,EV BIKE,121,0.40,4.02,66.94
Urvi Behl,FULL-TIME,SCOOTER,134,0.49,3.88,62.69
Farhan Dua,CONTRACT,SCOOTER,97,0.41,4.08,63.92
Mahika Balan,CONTRACT,VAN,87,0.43,3.99,62.07
Hrishita Sankar,CONTRACT,BIKE,88,0.41,4.06,69.32
Tara Dhingra,CONTRACT,EV BIKE,110,0.46,3.99,70.00
Prerak Ahluwalia,CONTRACT,SCOOTER,89,0.47,4.03,61.80
Zara Bora,CONTRACT,VAN,119,0.52,3.88,63.87
Darshit Devi,CONTRACT,EV BIKE,88,0.42,4.04,63.64
Advik Shan,CONTRACT,BIKE,91,0.38,4.05,70.33
Mishti Gaba,FULL-TIME,EV BIKE,118,0.48,3.98,65.25
Ishita Bera,CONTRACT,SCOOTER,126,0.45,4.00,66.67
Manjari Cheema,FULL-TIME,EV BIKE,109,0.52,3.88,60.55
Ayesha Kalita,FULL-TIME,BIKE,91,0.52,3.91,58.24
Saira Thakkar,FULL-TIME,BIKE,85,0.35,4.19,70.59
Vedika Sankaran,FULL-TIME,EV BIKE,85,0.47,4.02,62.35
Lavanya Brahmbhatt,CONTRACT,EV BIKE,102,0.43,4.04,64.71
Shalv Gour,CONTRACT,BIKE,100,0.41,4.08,70.00
Lagan Ghose,FULL-TIME,BIKE,114,0.47,4.03,62.28
Zaina Bahl,FULL-TIME,VAN,110,0.44,4.03,69.09
Shaan Behl,CONTRACT,SCOOTER,118,0.53,3.83,59.32
Miraya Doctor,FULL-TIME,VAN,95,0.43,4.03,66.32
Armaan Kunda,CONTRACT,EV BIKE,125,0.46,3.99,64.00
Hunar Korpal,FULL-TIME,VAN,95,0.40,4.07,70.53
Renee Mammen,CONTRACT,SCOOTER,112,0.38,4.16,70.54
Charvi Dixit,FULL-TIME,EV BIKE,96,0.51,3.93,63.54
Oorja Johal,FULL-TIME,BIKE,123,0.50,3.95,58.54
Mamooty Vala,FULL-TIME,BIKE,87,0.48,3.91,67.82
Aarush Shankar,CONTRACT,SCOOTER,90,0.48,4.05,61.11
Bhamini Soni,FULL-TIME,VAN,137,0.47,3.99,62.77
Romil Chauhan,FULL-TIME,BIKE,103,0.41,4.01,66.99
Mamooty Gulati,FULL-TIME,BIKE,97,0.46,3.89,63.92
Bhamini Balan,FULL-TIME,BIKE,143,0.42,4.04,65.73
Uthkarsh Mandal,FULL-TIME,EV BIKE,103,0.50,4.01,61.17
Mohanlal Bedi,CONTRACT,VAN,116,0.39,4.11,69.83
Alisha Salvi,CONTRACT,SCOOTER,99,0.47,3.93,66.67
Aaina Wagle,CONTRACT,SCOOTER,112,0.49,4.00,60.71
Yuvaan Ramakrishnan,FULL-TIME,VAN,105,0.39,4.07,68.57
Nehmat Bose,FULL-TIME,BIKE,103,0.50,3.84,64.08
Yasmin Lalla,CONTRACT,SCOOTER,106,0.30,4.16,75.47
Yuvaan Shenoy,FULL-TIME,SCOOTER,130,0.54,3.92,59.23
Dharmajan Ramesh,FULL-TIME,EV BIKE,91,0.44,3.93,64.84
Aradhya Tandon,FULL-TIME,SCOOTER,104,0.48,4.00,62.50
Nishith Magar,FULL-TIME,BIKE,118,0.40,4.05,66.95
Amira Chadha,FULL-TIME,SCOOTER,100,0.44,4.03,69.00
Kaira Mallick,CONTRACT,VAN,131,0.46,3.99,64.89
Divij Agate,CONTRACT,VAN,127,0.43,4.05,65.35
Shray Hegde,FULL-TIME,BIKE,107,0.45,4.04,66.36
Anika Sinha,FULL-TIME,VAN,101,0.48,3.97,64.36
Madhav Dora,CONTRACT,VAN,86,0.41,4.08,67.44
Yakshit Chaudhary,CONTRACT,EV BIKE,94,0.56,3.83,56.38
Tara Vala,FULL-TIME,SCOOTER,94,0.52,4.00,56.38
Indrajit Shanker,CONTRACT,VAN,91,0.48,3.95,60.44
Indrans Jhaveri,FULL-TIME,VAN,134,0.41,4.00,67.91
Zain Dhar,CONTRACT,EV BIKE,103,0.52,3.94,60.19
Vritika Vohra,FULL-TIME,VAN,153,0.43,4.03,65.36
Amira Bawa,FULL-TIME,EV BIKE,96,0.52,3.88,61.46
Shayak Ray,CONTRACT,VAN,77,0.42,4.01,66.23
Rhea Kumar,CONTRACT,SCOOTER,117,0.38,4.11,69.23
Sana Deo,CONTRACT,BIKE,136,0.43,4.01,66.18
Hrishita Karpe,FULL-TIME,EV BIKE,98,0.52,3.91,59.18
Divij Chokshi,CONTRACT,VAN,118,0.41,4.03,69.49
Anahi Gole,FULL-TIME,SCOOTER,99,0.48,4.02,61.62
Riaan Sunder,CONTRACT,BIKE,91,0.38,4.07,68.13
Sara Virk,CONTRACT,EV BIKE,89,0.52,3.94,60.67
Jayan Kapur,FULL-TIME,BIKE,96,0.49,3.96,64.58
Dhanush Madan,CONTRACT,VAN,143,0.48,3.94,60.84
Ivan Roy,FULL-TIME,SCOOTER,104,0.50,3.92,64.42
Darshit Dhar,FULL-TIME,BIKE,106,0.46,3.98,66.04
Miraya Kurian,CONTRACT,VAN,110,0.49,3.98,61.82
Mishti Gopal,CONTRACT,SCOOTER,112,0.40,4.07,67.86
Ritvik Ramakrishnan,FULL-TIME,EV BIKE,119,0.39,4.06,67.23
Chirag Batta,CONTRACT,VAN,104,0.52,3.92,60.58
Riaan Raman,CONTRACT,VAN,133,0.47,3.95,62.41
Badal Suri,CONTRACT,VAN,105,0.38,4.05,69.52
Rania Jaggi,CONTRACT,BIKE,94,0.54,3.92,55.32
Dhruv Grewal,CONTRACT,BIKE,84,0.44,4.02,64.29
Trisha Rau,FULL-TIME,BIKE,91,0.34,4.15,72.53
Anay Shetty,CONTRACT,EV BIKE,97,0.49,4.01,65.98
Vihaan Cheema,FULL-TIME,VAN,112,0.35,4.12,72.32
Siya Thaman,CONTRACT,BIKE,107,0.40,4.02,69.16
Eva Srinivasan,CONTRACT,SCOOTER,97,0.34,4.12,74.23
Yakshit Raja,FULL-TIME,EV BIKE,87,0.38,4.12,72.41
Zaina Datta,CONTRACT,SCOOTER,116,0.52,3.95,62.07
Tarini Sachar,CONTRACT,EV BIKE,126,0.49,3.98,64.29
Nishith Sehgal,FULL-TIME,SCOOTER,103,0.39,4.03,69.90
Anika Vohra,FULL-TIME,VAN,95,0.38,4.10,68.42
Taimur Sethi,CONTRACT,BIKE,96,0.36,4.11,71.88
Yuvraj  Apte,FULL-TIME,BIKE,89,0.53,3.92,58.43
Mahika Bhagat,CONTRACT,SCOOTER,115,0.56,3.87,57.39
Tejas Bhagat,FULL-TIME,EV BIKE,103,0.44,4.00,68.93
Dishani Divan,CONTRACT,VAN,101,0.42,4.04,66.34
Krish Kala,FULL-TIME,SCOOTER,87,0.45,4.05,66.67
Aarush Sagar,CONTRACT,VAN,92,0.48,4.02,58.70
Ishita Sahni,CONTRACT,EV BIKE,80,0.45,4.01,60.00
Kismat Chauhan,FULL-TIME,BIKE,106,0.38,4.03,69.81
Oorja Kala,FULL-TIME,VAN,110,0.45,4.02,68.18
Gatik Dugal,CONTRACT,VAN,89,0.53,3.99,58.43
Pranay Doshi,CONTRACT,VAN,140,0.41,4.06,67.86
Akarsh Batra,FULL-TIME,BIKE,91,0.41,4.04,68.13
Jayan Dugar,FULL-TIME,EV BIKE,95,0.37,4.05,72.63
Emir Bala,FULL-TIME,EV BIKE,91,0.41,4.12,65.93
Tanya Dass,FULL-TIME,BIKE,92,0.45,4.03,65.22
Shamik Majumdar,CONTRACT,SCOOTER,89,0.34,4.11,73.03
Sumer Ravi,CONTRACT,VAN,115,0.50,3.93,63.48
Shaan Boase,CONTRACT,VAN,100,0.42,4.02,67.00
Nitya Viswanathan,FULL-TIME,EV BIKE,83,0.40,4.06,67.47
Anika Luthra,CONTRACT,EV BIKE,107,0.45,4.04,63.55
Dhanush Dayal,FULL-TIME,BIKE,95,0.43,4.01,66.32
Ehsaan Sandal,FULL-TIME,BIKE,118,0.49,3.92,61.86
Ojas Vyas,CONTRACT,SCOOTER,120,0.43,4.01,68.33
Shamik Srinivas,FULL-TIME,EV BIKE,115,0.38,4.03,72.17
Kimaya Issac,FULL-TIME,SCOOTER,88,0.45,4.02,64.77
Trisha Saraf,FULL-TIME,EV BIKE,100,0.51,3.98,57.00
Kiaan Chhabra,FULL-TIME,VAN,102,0.46,3.97,63.73
Ojas Madan,FULL-TIME,BIKE,109,0.38,4.13,68.81
Indrajit Chopra,CONTRACT,VAN,119,0.44,4.03,64.71
Neelofar Choudhary,CONTRACT,EV BIKE,177,0.49,4.01,63.84
Shamik Gour,CONTRACT,EV BIKE,115,0.50,3.88,63.48
Yakshit Atwal,FULL-TIME,BIKE,100,0.52,3.88,62.00
Dharmajan Bora,CONTRACT,EV BIKE,92,0.38,4.10,70.65
Riya Majumdar,FULL-TIME,EV BIKE,126,0.38,4.09,69.05
Manikya Kalla,CONTRACT,VAN,125,0.41,4.10,69.60
Navya Gade,FULL-TIME,SCOOTER,112,0.29,4.22,75.00
Kabir Keer,CONTRACT,BIKE,115,0.45,3.95,66.96
Anvi Wable,FULL-TIME,VAN,79,0.43,3.89,69.62
Mehul Goyal,CONTRACT,BIKE,87,0.34,4.01,70.11
Jayesh Hayer,FULL-TIME,EV BIKE,94,0.48,3.99,60.64
Devansh Banik,FULL-TIME,VAN,187,0.40,4.06,66.84
Kavya Sodhi,CONTRACT,VAN,99,0.40,4.02,67.68
Vritika Sodhi,CONTRACT,SCOOTER,92,0.49,4.00,59.78
Zoya Atwal,CONTRACT,BIKE,101,0.50,3.95,61.39
Heer Issac,FULL-TIME,VAN,96,0.40,4.09,70.83
Sahil Suri,FULL-TIME,EV BIKE,153,0.42,4.03,66.01
Faiyaz Rege,FULL-TIME,BIKE,76,0.55,3.84,57.89
Sara Gara,CONTRACT,VAN,119,0.43,4.02,67.23
Dhanuk Gole,FULL-TIME,BIKE,101,0.44,3.90,65.35
Ryan Gour,FULL-TIME,BIKE,93,0.48,3.90,66.67
Armaan Kota,CONTRACT,SCOOTER,111,0.47,3.92,68.47
Anahi Kapoor,CONTRACT,BIKE,124,0.49,3.93,62.10
Tarini Saxena,FULL-TIME,SCOOTER,125,0.33,4.14,73.60
Vihaan Chacko,CONTRACT,EV BIKE,110,0.40,4.04,67.27
Damini Mann,FULL-TIME,BIKE,120,0.41,4.00,68.33
Divij Magar,CONTRACT,BIKE,91,0.34,4.17,69.23
Arhaan Manda,CONTRACT,SCOOTER,140,0.44,3.98,62.86
Ivana Edwin,FULL-TIME,VAN,109,0.47,4.00,64.22
Dhruv Gopal,CONTRACT,SCOOTER,95,0.56,3.83,58.95
Kanav Suresh,FULL-TIME,EV BIKE,110,0.52,3.95,61.82
Ranbir Tella,CONTRACT,EV BIKE,88,0.40,4.02,68.18
Ela Khatri,CONTRACT,BIKE,111,0.47,3.93,62.16
Madhav Singhal,CONTRACT,SCOOTER,103,0.44,4.04,67.96
Vihaan Reddy,CONTRACT,VAN,130,0.52,3.93,59.23
Ivan Hari,CONTRACT,VAN,131,0.48,3.96,63.36
Madhav Bhandari,CONTRACT,BIKE,227,0.49,3.96,59.91
Dhanush Handa,FULL-TIME,BIKE,96,0.45,4.02,65.63
Zara Sani,CONTRACT,SCOOTER,108,0.40,4.01,66.67
Siya Choudhury,FULL-TIME,SCOOTER,118,0.47,3.95,62.71
Kiaan Shankar,CONTRACT,BIKE,91,0.49,3.94,60.44
Lagan Mani,CONTRACT,VAN,111,0.49,3.97,62.16
Ela Seth,FULL-TIME,BIKE,110,0.46,3.95,64.55
Adira Swamy,FULL-TIME,VAN,96,0.45,3.98,64.58
Shray Som,FULL-TIME,VAN,112,0.46,3.99,65.18
Hunar Sachdev,FULL-TIME,SCOOTER,96,0.51,3.89,60.42
Emir Swaminathan,FULL-TIME,VAN,123,0.33,4.15,71.54
Damini Yohannan,FULL-TIME,EV BIKE,108,0.47,4.01,63.89
Zeeshan Kapadia,CONTRACT,VAN,129,0.43,4.01,66.67
Tiya Acharya,FULL-TIME,VAN,100,0.41,4.12,63.00
Purab Chadha,CONTRACT,EV BIKE,91,0.59,3.82,51.65
Zeeshan Sehgal,CONTRACT,SCOOTER,84,0.44,4.07,63.10
Jiya Mani,FULL-TIME,SCOOTER,94,0.47,4.02,69.15
Anahi Sem,CONTRACT,BIKE,122,0.44,4.07,65.57
Sara Golla,FULL-TIME,SCOOTER,87,0.44,4.00,65.52
Purab Varkey,FULL-TIME,VAN,98,0.50,3.96,62.24
Jiya Chana,FULL-TIME,BIKE,130,0.46,4.03,63.08
Raunak Mahajan,FULL-TIME,EV BIKE,91,0.51,3.96,62.64
Jayant Butala,FULL-TIME,BIKE,98,0.52,3.90,60.20
Renee Chada,CONTRACT,SCOOTER,103,0.45,4.06,66.02
Vardaniya Rattan,FULL-TIME,SCOOTER,128,0.37,4.05,70.31
Manjari Bajaj,FULL-TIME,VAN,91,0.32,4.11,76.92
Bhamini Setty,CONTRACT,EV BIKE,118,0.38,4.10,68.64
Navya Bhatt,FULL-TIME,EV BIKE,98,0.52,3.94,65.31
Keya Hegde,CONTRACT,EV BIKE,213,0.38,4.07,69.48
Manikya Baral,CONTRACT,EV BIKE,123,0.40,4.05,71.54
Aniruddh Agate,CONTRACT,BIKE,110,0.40,4.07,72.73
Tanya Tiwari,CONTRACT,BIKE,91,0.47,3.97,63.74
Anahi Thakkar,FULL-TIME,BIKE,136,0.63,3.81,52.94
Alisha Kala,CONTRACT,VAN,120,0.33,4.07,74.17
Zeeshan Lad,CONTRACT,SCOOTER,110,0.47,3.99,64.55
Raunak Madan,CONTRACT,SCOOTER,95,0.45,4.02,64.21
Misha Sura,FULL-TIME,EV BIKE,103,0.42,4.00,64.08
Nirvaan Srinivasan,FULL-TIME,EV BIKE,95,0.55,3.96,58.95
Sara Kamdar,FULL-TIME,BIKE,124,0.52,3.97,62.10
Hazel Dash,FULL-TIME,BIKE,106,0.43,3.97,66.98
Kiara Goda,CONTRACT,VAN,139,0.43,3.99,66.19
Miraya Balasubramanian,CONTRACT,EV BIKE,98,0.48,3.98,62.24
Trisha Chaudry,CONTRACT,EV BIKE,90,0.50,3.94,64.44
Lagan Shenoy,CONTRACT,VAN,139,0.35,4.16,74.82
Neysa Sule,FULL-TIME,VAN,127,0.52,3.97,59.06
Gokul Dara,CONTRACT,EV BIKE,113,0.46,3.98,64.60
Diya Manne,FULL-TIME,SCOOTER,121,0.32,4.11,73.55
Samar Saini,FULL-TIME,VAN,97,0.46,3.97,64.95
Pihu Sridhar,CONTRACT,VAN,101,0.30,4.11,79.21
Vedika Madan,CONTRACT,SCOOTER,128,0.46,3.99,66.41
Purab Sibal,FULL-TIME,BIKE,104,0.42,4.00,67.31
Mishti Keer,FULL-TIME,SCOOTER,91,0.48,3.97,63.74
Shaan Sekhon,FULL-TIME,BIKE,116,0.57,3.86,55.17
Lakshay Kara,CONTRACT,EV BIKE,108,0.36,4.12,72.22
Kaira Chhabra,FULL-TIME,EV BIKE,88,0.44,4.06,62.50
Nishith Din,CONTRACT,BIKE,100,0.37,4.09,73.00
Sara Desai,FULL-TIME,EV BIKE,93,0.53,3.90,59.14
Siya Sem,FULL-TIME,BIKE,109,0.43,3.97,67.89
Lakshit Trivedi,CONTRACT,EV BIKE,121,0.52,3.92,58.68
Hridaan Hans,FULL-TIME,EV BIKE,87,0.56,3.90,57.47
Kismat Sarin,FULL-TIME,BIKE,145,0.28,4.21,79.31
Kashvi Goel,FULL-TIME,EV BIKE,103,0.58,3.85,52.43
Tushar Agrawal,CONTRACT,BIKE,97,0.49,3.99,60.82
Mishti Sethi,CONTRACT,EV BIKE,136,0.51,3.95,61.03
Rania Bera,FULL-TIME,SCOOTER,130,0.37,4.07,70.77
Kiaan Grover,CONTRACT,EV BIKE,87,0.51,3.88,60.92
Zoya Sahni,FULL-TIME,BIKE,222,0.44,4.03,65.77
Himmat Rastogi,CONTRACT,SCOOTER,125,0.48,3.91,64.80
Jivika Chopra,FULL-TIME,BIKE,95,0.54,3.92,60.00
Faiyaz Varughese,CONTRACT,SCOOTER,109,0.39,4.03,68.81
Vedika Dua,FULL-TIME,BIKE,153,0.39,4.06,71.24
Neelofar Balay,CONTRACT,SCOOTER,130,0.48,4.02,64.62
Kabir Cherian,CONTRACT,VAN,90,0.61,3.85,55.56
Jhanvi Gade,FULL-TIME,VAN,90,0.48,3.93,66.67
Neysa Bains,FULL-TIME,EV BIKE,134,0.37,4.08,67.16
Vivaan Sachdev,CONTRACT,SCOOTER,86,0.35,4.13,70.93
Jiya Bora,CONTRACT,SCOOTER,93,0.48,3.92,61.29
Badal Halder,FULL-TIME,VAN,79,0.39,4.08,68.35
Adah Dutt,CONTRACT,BIKE,102,0.41,4.08,67.65
Ela Johal,CONTRACT,EV BIKE,129,0.42,4.08,63.57
Sumer Kumer,FULL-TIME,SCOOTER,90,0.38,4.13,66.67
Yuvraj  Deshpande,FULL-TIME,EV BIKE,105,0.53,3.83,58.10
Saira Choudhary,FULL-TIME,VAN,88,0.51,3.97,61.36
Nishith Shere,FULL-TIME,SCOOTER,132,0.51,3.96,60.61
Drishya Bhat,FULL-TIME,EV BIKE,95,0.35,4.07,70.53
Zaina Kale,FULL-TIME,EV BIKE,103,0.41,4.01,69.90
Uthkarsh Bedi,CONTRACT,SCOOTER,110,0.36,4.11,70.91
Madhav Bains,CONTRACT,BIKE,114,0.52,3.90,60.53
Dharmajan Goswami,CONTRACT,EV BIKE,99,0.35,4.12,72.73
Nitara Krishna,FULL-TIME,VAN,103,0.39,4.08,69.90
Chirag Viswanathan,FULL-TIME,SCOOTER,146,0.46,3.96,65.75
Kiaan Barman,FULL-TIME,EV BIKE,101,0.65,3.73,51.49
Ivan Chad,CONTRACT,BIKE,134,0.47,3.98,61.94
Yasmin Chand,FULL-TIME,BIKE,111,0.43,4.01,66.67
Adira Dass,FULL-TIME,BIKE,111,0.41,4.08,65.77
Sumer Rastogi,CONTRACT,EV BIKE,151,0.46,3.95,66.23
Inaaya  Subramaniam,FULL-TIME,SCOOTER,138,0.41,4.07,68.84
Nitya Dara,CONTRACT,EV BIKE,114,0.32,4.10,72.81
Anvi Dhaliwal,CONTRACT,EV BIKE,122,0.56,3.91,54.10
Aarush Yogi,CONTRACT,EV BIKE,89,0.38,4.05,67.42
Anya Boase,CONTRACT,BIKE,100,0.37,4.11,68.00
Farhan Deo,CONTRACT,VAN,108,0.43,3.98,68.52
Vritika Apte,CONTRACT,SCOOTER,140,0.45,3.94,65.71
Yasmin Ramakrishnan,FULL-TIME,SCOOTER,113,0.45,3.98,65.49
Romil Balakrishnan,CONTRACT,EV BIKE,110,0.44,3.96,64.55
Prerak Choudhary,FULL-TIME,BIKE,101,0.45,3.99,64.36
Suhana Sangha,CONTRACT,VAN,150,0.45,3.97,64.67
Lakshay Dubey,FULL-TIME,VAN,80,0.35,4.08,72.50
Mishti Dalal,CONTRACT,BIKE,110,0.35,4.18,74.55
Mannat Madan,CONTRACT,VAN,88,0.45,4.01,62.50
Darshit Saini,FULL-TIME,VAN,93,0.51,3.98,60.22
Elakshi Mandal,CONTRACT,SCOOTER,109,0.55,3.85,61.47
Sana Behl,FULL-TIME,VAN,107,0.45,3.99,65.42
Riya Dhingra,CONTRACT,VAN,88,0.58,3.92,57.95
Abram Lall,FULL-TIME,BIKE,131,0.44,3.96,64.89
Tarini Sane,CONTRACT,EV BIKE,118,0.47,3.94,66.10
Ranbir Venkataraman,FULL-TIME,SCOOTER,87,0.36,4.13,71.26
Sumer Chadha,CONTRACT,VAN,110,0.41,4.02,69.09
Gatik Sarraf,FULL-TIME,SCOOTER,111,0.47,3.97,63.96
Indrans Mane,CONTRACT,VAN,91,0.44,4.06,63.74
Jayant Bumb,FULL-TIME,VAN,98,0.39,4.08,67.35
Renee Lala,CONTRACT,BIKE,111,0.60,3.84,53.15
Misha Chaudhuri,CONTRACT,EV BIKE,118,0.45,3.99,64.41
Piya Chada,FULL-TIME,BIKE,69,0.42,3.89,66.67
Uthkarsh Khatri,FULL-TIME,VAN,108,0.58,3.86,55.56
Shray Sarma,CONTRACT,EV BIKE,107,0.41,4.11,65.42
Umang Cheema,FULL-TIME,SCOOTER,107,0.41,4.01,68.22
Vardaniya Venkatesh,CONTRACT,EV BIKE,112,0.52,3.94,58.04
Prerak Bhavsar,FULL-TIME,SCOOTER,129,0.36,4.11,68.22
Aarav Suri,CONTRACT,BIKE,109,0.47,4.01,60.55
Piya Goda,FULL-TIME,BIKE,108,0.38,4.08,74.07
Manikya Maharaj,CONTRACT,EV BIKE,103,0.52,3.97,60.19
Nitya Goyal,CONTRACT,BIKE,92,0.46,3.98,65.22
Kiara Tandon,CONTRACT,EV BIKE,108,0.39,4.08,66.67
Onkar Rege,CONTRACT,SCOOTER,103,0.52,3.97,61.17
Aarav Manda,CONTRACT,BIKE,118,0.45,3.97,67.80
Arnav Devi,CONTRACT,VAN,102,0.45,4.01,63.73
Rania Sehgal,FULL-TIME,VAN,187,0.43,4.04,65.78
Manjari Kumer,FULL-TIME,SCOOTER,119,0.45,3.94,63.87
Veer Chaudry,CONTRACT,EV BIKE,83,0.43,4.04,66.27
Saksham Goda,CONTRACT,BIKE,90,0.42,4.03,68.89
Kashvi Solanki,CONTRACT,EV BIKE,109,0.48,3.94,63.30
Anvi Suri,FULL-TIME,SCOOTER,135,0.38,4.06,69.63
Adah Roy,CONTRACT,VAN,109,0.36,4.12,70.64
Kabir Chaudhari,FULL-TIME,EV BIKE,99,0.41,3.99,68.69
Alia Sachar,FULL-TIME,SCOOTER,97,0.45,3.99,62.89
Vaibhav Kant,FULL-TIME,BIKE,111,0.41,4.02,64.86
Ayesha Kibe,FULL-TIME,BIKE,98,0.38,4.00,71.43
Aarav Ghose,CONTRACT,EV BIKE,128,0.53,3.92,60.16
Eshani Basak,CONTRACT,VAN,133,0.32,4.15,72.93
Jayant Loyal,FULL-TIME,EV BIKE,152,0.46,4.00,63.82
Samaira Butala,CONTRACT,BIKE,115,0.36,4.06,71.30
Aayush Hegde,FULL-TIME,BIKE,132,0.48,3.97,63.64
Tarini Hayer,CONTRACT,BIKE,113,0.50,3.96,60.18
Nirvi Korpal,CONTRACT,EV BIKE,115,0.50,4.01,62.61
Madhup Ben,CONTRACT,BIKE,77,0.49,3.96,63.64
Ryan Handa,CONTRACT,BIKE,83,0.49,3.97,66.27
Nishith Shere,FULL-TIME,EV BIKE,112,0.42,4.09,65.18
Darshit Khatri,FULL-TIME,EV BIKE,124,0.40,4.05,66.94
Urvi Ramakrishnan,FULL-TIME,SCOOTER,95,0.44,4.01,66.32
Aaina Dave,FULL-TIME,SCOOTER,129,0.43,4.06,66.67
Dishani Sinha,FULL-TIME,VAN,123,0.44,4.01,64.23
Jhanvi Kaul,FULL-TIME,VAN,112,0.52,3.92,57.14
Keya Kalita,CONTRACT,SCOOTER,100,0.42,4.02,64.00
Ryan Anand,CONTRACT,VAN,117,0.34,4.17,70.94
Hrishita Lad,CONTRACT,SCOOTER,115,0.40,4.05,70.43
Eva Chanda,FULL-TIME,BIKE,84,0.46,3.98,63.10
Ishaan Sethi,FULL-TIME,VAN,131,0.40,4.10,67.94
Vanya Raman,FULL-TIME,EV BIKE,114,0.52,3.96,59.65
Farhan Mani,FULL-TIME,SCOOTER,118,0.42,4.06,67.80
Rhea Kapadia,CONTRACT,VAN,102,0.45,4.01,61.76
Piya Ray,CONTRACT,VAN,100,0.46,3.98,63.00
Taimur Dhar,FULL-TIME,VAN,103,0.44,4.01,67.96
Krish Koshy,FULL-TIME,VAN,106,0.48,3.89,62.26
Hunar Barman,CONTRACT,VAN,93,0.55,3.89,56.99
Riaan Sule,CONTRACT,SCOOTER,104,0.41,4.00,67.31
Samar Hora,FULL-TIME,EV BIKE,202,0.42,4.01,66.83
Kiaan Sem,CONTRACT,BIKE,112,0.53,3.94,58.04
Khushi Kumer,CONTRACT,VAN,120,0.57,3.85,55.83
Zara Sarin,CONTRACT,BIKE,134,0.43,4.03,64.93
Siya Chada,FULL-TIME,BIKE,92,0.52,3.96,59.78
Jivin Sekhon,CONTRACT,EV BIKE,109,0.45,3.96,66.06
Kartik Hegde,CONTRACT,EV BIKE,94,0.49,3.91,64.89
Anya Bava,FULL-TIME,EV BIKE,81,0.52,3.96,60.49
Parinaaz Taneja,CONTRACT,SCOOTER,108,0.38,4.06,71.30
Trisha Ramaswamy,CONTRACT,BIKE,106,0.51,3.97,63.21
Taran Kumar,CONTRACT,SCOOTER,130,0.50,3.91,61.54
Saira Iyengar,FULL-TIME,SCOOTER,129,0.48,4.00,62.79
Akarsh Dixit,FULL-TIME,EV BIKE,99,0.52,3.90,58.59
Hrishita Choudhary,FULL-TIME,SCOOTER,101,0.67,3.76,49.50
Gatik Jha,FULL-TIME,VAN,124,0.52,3.84,59.68
Samarth Choudhary,FULL-TIME,VAN,102,0.43,4.04,66.67
Kavya Soman,CONTRACT,EV BIKE,92,0.50,3.99,63.04
Inaaya  Bhatt,FULL-TIME,VAN,118,0.42,4.07,64.41
Raghav Lalla,FULL-TIME,EV BIKE,79,0.49,3.86,63.29
Rhea Swamy,FULL-TIME,BIKE,131,0.44,4.02,67.18
Chirag Brar,CONTRACT,SCOOTER,104,0.52,3.96,60.58
Sahil Viswanathan,FULL-TIME,BIKE,108,0.40,4.03,66.67
Manjari Chana,FULL-TIME,VAN,116,0.39,4.07,69.83
Kismat Bava,FULL-TIME,SCOOTER,77,0.38,4.08,70.13
Zara Sampath,FULL-TIME,BIKE,151,0.40,4.05,68.21
Urvi Bajaj,FULL-TIME,EV BIKE,83,0.46,3.96,63.86
Pari Dey,FULL-TIME,EV BIKE,107,0.34,4.13,71.96
Reyansh Chakraborty,FULL-TIME,EV BIKE,131,0.38,4.09,68.70
Armaan Maharaj,FULL-TIME,BIKE,83,0.41,4.03,69.88
Samiha Kamdar,CONTRACT,EV BIKE,106,0.47,3.97,61.32
Aarush Bali,FULL-TIME,VAN,101,0.39,4.05,71.29
Divyansh Contractor,FULL-TIME,EV BIKE,110,0.54,3.95,59.09
Emir Verma,FULL-TIME,EV BIKE,129,0.47,4.01,63.57
Parinaaz Kota,FULL-TIME,EV BIKE,146,0.40,4.04,67.12
Divij Bassi,CONTRACT,BIKE,90,0.48,3.94,58.89
Oorja Bandi,CONTRACT,EV BIKE,63,0.46,4.06,61.90
Adira Doshi,FULL-TIME,VAN,97,0.52,3.91,61.86
Vardaniya Dixit,CONTRACT,VAN,85,0.35,4.09,72.94
Aarav Deshpande,CONTRACT,EV BIKE,141,0.44,4.03,63.83
Hunar Randhawa,FULL-TIME,SCOOTER,125,0.58,3.83,58.40
Kanav Chada,CONTRACT,BIKE,88,0.59,3.82,56.82
Sana Mander,FULL-TIME,EV BIKE,121,0.45,3.98,62.81
Mishti Bhardwaj,CONTRACT,EV BIKE,131,0.51,4.02,58.78
Nirvaan Borra,FULL-TIME,EV BIKE,84,0.52,3.93,57.14
Bhavin Sane,FULL-TIME,VAN,106,0.38,4.08,75.47
Zara Dube,CONTRACT,BIKE,75,0.48,3.97,64.00
Hazel Khosla,FULL-TIME,BIKE,100,0.44,3.98,66.00
Nirvi Chacko,FULL-TIME,EV BIKE,94,0.38,4.09,69.15
Sahil Char,FULL-TIME,EV BIKE,98,0.41,4.04,66.33
Faiyaz Wali,FULL-TIME,BIKE,153,0.48,3.98,64.71
Emir Chanda,FULL-TIME,SCOOTER,94,0.46,3.97,60.64
Divit Taneja,CONTRACT,EV BIKE,113,0.50,3.92,60.18
Jayan Iyer,FULL-TIME,EV BIKE,94,0.47,3.98,64.89
Aayush Wagle,FULL-TIME,SCOOTER,95,0.43,4.02,69.47
Dhanuk Hari,FULL-TIME,EV BIKE,136,0.56,3.82,60.29
Madhup Sandhu,FULL-TIME,EV BIKE,87,0.47,3.96,64.37
Aarna Vasa,CONTRACT,SCOOTER,105,0.38,4.03,69.52
Vidur Chakrabarti,FULL-TIME,EV BIKE,113,0.35,4.03,73.45
Tarini Goyal,CONTRACT,EV BIKE,120,0.38,4.02,71.67
Navya Jha,CONTRACT,EV BIKE,97,0.44,4.05,64.95
Ehsaan Devan,CONTRACT,BIKE,84,0.44,3.99,64.29
Advik Goyal,CONTRACT,VAN,108,0.30,4.13,75.00
Adah Sridhar,CONTRACT,VAN,83,0.45,3.97,62.65
Akarsh Sarma,FULL-TIME,EV BIKE,92,0.40,4.02,67.39
Tanya Sangha,CONTRACT,VAN,99,0.45,4.05,63.64
Aayush Khare,CONTRACT,VAN,129,0.45,4.04,66.67
Bhavin Chand,FULL-TIME,SCOOTER,125,0.46,3.97,62.40
Manikya Srinivas,CONTRACT,BIKE,96,0.41,4.00,67.71
Anaya Ghose,FULL-TIME,VAN,128,0.49,3.99,58.59
Vivaan Borra,FULL-TIME,BIKE,88,0.42,4.02,65.91
Saksham Bakshi,FULL-TIME,SCOOTER,108,0.47,4.00,65.74
Nitara Kadakia,CONTRACT,VAN,124,0.37,4.07,70.16
Nitara Choudhry,FULL-TIME,BIKE,91,0.51,3.93,59.34
Kimaya Tandon,CONTRACT,VAN,93,0.54,3.91,58.06
Kabir Shah,FULL-TIME,VAN,101,0.48,3.96,65.35
Sana Banerjee,CONTRACT,EV BIKE,92,0.41,4.08,69.57
Darshit Cheema,CONTRACT,VAN,94,0.45,4.04,60.64
Misha Bhatnagar,CONTRACT,EV BIKE,76,0.54,3.96,60.53
Vaibhav Lal,FULL-TIME,BIKE,103,0.51,3.97,58.25
Akarsh Tiwari,CONTRACT,EV BIKE,96,0.34,4.13,71.88
Prerak Lall,CONTRACT,BIKE,114,0.34,4.15,71.05
Advika Dass,CONTRACT,BIKE,103,0.40,4.07,66.02
Pranay Shukla,FULL-TIME,BIKE,101,0.38,4.20,66.34
Riaan Bhandari,FULL-TIME,VAN,144,0.44,4.02,63.19
Rhea Cherian,FULL-TIME,EV BIKE,83,0.39,4.06,66.27
Tiya Thaker,FULL-TIME,BIKE,93,0.46,3.91,61.29
Yuvraj  Devi,CONTRACT,SCOOTER,91,0.44,4.01,65.93
Biju Shanker,FULL-TIME,VAN,118,0.44,4.05,64.41
Eshani Seshadri,FULL-TIME,EV BIKE,97,0.44,3.92,64.95
Ahana  Seshadri,FULL-TIME,SCOOTER,130,0.55,3.82,56.15
Lakshay Kapadia,CONTRACT,SCOOTER,112,0.43,4.10,66.07
Arnav Lad,CONTRACT,EV BIKE,68,0.46,3.92,64.71
Eva Bawa,FULL-TIME,EV BIKE,93,0.52,3.93,62.37
Raghav Dubey,CONTRACT,EV BIKE,109,0.50,3.97,64.22
Alia Ramaswamy,FULL-TIME,SCOOTER,101,0.44,3.97,63.37
Seher Kalla,FULL-TIME,SCOOTER,89,0.37,4.07,73.03
Sana Ganguly,CONTRACT,VAN,103,0.56,3.86,59.22
Ira Ratti,FULL-TIME,EV BIKE,117,0.47,3.95,64.10
Sana Basak,FULL-TIME,SCOOTER,121,0.39,4.06,69.42
Lagan Bobal,FULL-TIME,BIKE,99,0.41,4.11,66.67
Khushi Rao,CONTRACT,SCOOTER,156,0.57,3.92,57.69
Jiya Grewal,CONTRACT,BIKE,86,0.49,4.06,62.79
Ivana Mann,CONTRACT,VAN,108,0.43,4.07,63.89
Alia Sarraf,CONTRACT,VAN,85,0.48,3.93,60.00
Anika Balay,FULL-TIME,EV BIKE,126,0.44,4.02,65.08
Arhaan Sheth,CONTRACT,EV BIKE,108,0.46,4.00,63.89
Shlok Chauhan,CONTRACT,VAN,91,0.47,3.94,63.74
Manjari Sarin,CONTRACT,EV BIKE,116,0.41,4.03,69.83
Myra Dada,FULL-TIME,VAN,120,0.43,4.00,65.83
Ranbir Hari,CONTRACT,VAN,133,0.35,4.11,73.68
Zara Sankar,CONTRACT,EV BIKE,118,0.47,3.96,61.86
Mannat Kapoor,CONTRACT,VAN,105,0.43,4.04,64.76
Vardaniya Gera,FULL-TIME,VAN,94,0.40,4.08,67.02
Dharmajan Balay,FULL-TIME,EV BIKE,116,0.39,4.08,69.83
Kaira Gour,CONTRACT,BIKE,123,0.55,3.81,58.54
Pranay Mander,FULL-TIME,EV BIKE,103,0.44,4.00,70.87
Jivin Dar,FULL-TIME,VAN,143,0.38,4.12,71.33
Anahi Bhattacharyya,FULL-TIME,SCOOTER,102,0.35,4.10,71.57
Advik Shankar,CONTRACT,BIKE,142,0.36,4.07,73.24
Indranil Grewal,CONTRACT,SCOOTER,123,0.35,4.14,72.36
Dhanush Bali,FULL-TIME,BIKE,110,0.54,3.91,56.36
Vanya Luthra,FULL-TIME,BIKE,105,0.48,4.00,62.86
Vihaan Keer,CONTRACT,SCOOTER,107,0.44,3.98,68.22
Vardaniya Basu,CONTRACT,EV BIKE,117,0.38,4.10,67.52
Umang Sheth,CONTRACT,SCOOTER,101,0.47,3.97,61.39
Ishita Gulati,FULL-TIME,BIKE,112,0.49,3.98,60.71
Rohan Madan,FULL-TIME,SCOOTER,100,0.51,3.85,61.00
Anahita Venkatesh,CONTRACT,SCOOTER,130,0.42,3.99,66.92
Amira Dani,CONTRACT,BIKE,97,0.44,4.00,68.04
Kartik Sama,FULL-TIME,BIKE,83,0.46,4.13,60.24
Arnav Kibe,FULL-TIME,EV BIKE,82,0.57,3.87,53.66
Vritika Chada,FULL-TIME,BIKE,112,0.46,3.98,61.61
Ehsaan Dass,FULL-TIME,EV BIKE,116,0.56,3.91,55.17
Anika Rau,FULL-TIME,EV BIKE,104,0.38,4.10,65.38
Priyansh Sarin,CONTRACT,VAN,87,0.47,3.92,64.37
Yuvraj  Suresh,FULL-TIME,SCOOTER,143,0.48,4.02,61.54
Nitara Mahal,CONTRACT,BIKE,128,0.43,4.03,64.06
Pihu Mann,FULL-TIME,SCOOTER,103,0.47,3.95,65.05
Ayesha Venkataraman,CONTRACT,BIKE,111,0.52,3.91,59.46
Yakshit Kibe,FULL-TIME,VAN,118,0.48,3.95,62.71
Romil Sen,CONTRACT,BIKE,96,0.35,4.13,70.83
Jayesh Lala,FULL-TIME,BIKE,101,0.42,4.01,68.32
Divyansh Khalsa,FULL-TIME,BIKE,155,0.52,3.88,61.94
Charvi Ramanathan,FULL-TIME,BIKE,103,0.48,3.96,64.08
Adah Chatterjee,CONTRACT,BIKE,79,0.46,3.99,67.09
Nayantara Mangal,CONTRACT,VAN,118,0.55,3.85,60.17
Samaira Seshadri,CONTRACT,SCOOTER,124,0.43,4.03,66.13
Uthkarsh Bal,FULL-TIME,BIKE,108,0.48,4.02,62.04
Arhaan Dar,FULL-TIME,BIKE,120,0.44,3.97,67.50
Anya Dube,FULL-TIME,BIKE,122,0.52,3.96,60.66
Charvi Sundaram,FULL-TIME,SCOOTER,134,0.47,4.02,64.18
Kimaya Kapadia,FULL-TIME,SCOOTER,120,0.48,4.01,61.67
Aarav Desai,FULL-TIME,EV BIKE,105,0.43,4.04,65.71
Vardaniya Saini,FULL-TIME,BIKE,108,0.31,4.18,73.15
Parinaaz Hora,FULL-TIME,SCOOTER,105,0.48,3.95,64.76
Tanya Khatri,CONTRACT,VAN,108,0.52,3.91,61.11
Nishith Ram,FULL-TIME,VAN,108,0.35,4.12,69.44
Aniruddh Sengupta,FULL-TIME,BIKE,117,0.38,4.06,67.52
Prerak Madan,FULL-TIME,SCOOTER,102,0.55,3.95,56.86
Nitara Bajaj,FULL-TIME,EV BIKE,87,0.52,3.96,54.02
Divit Sengupta,CONTRACT,EV BIKE,121,0.50,3.91,61.98
Rania Mangal,CONTRACT,BIKE,134,0.43,4.03,65.67
Kismat Walia,CONTRACT,EV BIKE,83,0.46,4.04,63.86
Prisha Kashyap,FULL-TIME,EV BIKE,91,0.48,3.96,62.64
Zeeshan Tripathi,CONTRACT,SCOOTER,103,0.38,4.10,69.90
Samaira Dalal,FULL-TIME,SCOOTER,161,0.46,3.98,65.22
Divij Manne,CONTRACT,SCOOTER,119,0.46,3.93,63.87
Onkar Chaudhary,FULL-TIME,VAN,97,0.40,4.11,65.98
Aaina Ray,CONTRACT,VAN,103,0.52,3.87,59.22
Devansh Garg,FULL-TIME,SCOOTER,110,0.46,4.00,63.64
Sana Rau,CONTRACT,SCOOTER,88,0.64,3.76,54.55
Indranil Tripathi,FULL-TIME,EV BIKE,102,0.41,4.01,66.67
Adah Atwal,CONTRACT,EV BIKE,119,0.44,4.03,66.39
Manjari Kibe,FULL-TIME,VAN,93,0.48,3.92,60.22
Jayan Saxena,CONTRACT,EV BIKE,88,0.40,4.08,69.32
Hiran Shanker,CONTRACT,EV BIKE,111,0.45,4.02,67.57
Rohan Sekhon,CONTRACT,SCOOTER,122,0.49,3.91,60.66
Aaryahi Upadhyay,CONTRACT,SCOOTER,110,0.50,3.93,61.82
Vanya Shan,CONTRACT,EV BIKE,133,0.41,4.01,67.67
Vihaan Kari,FULL-TIME,VAN,74,0.41,4.12,66.22
Jayant Vala,CONTRACT,VAN,124,0.44,4.02,67.74
Heer Sant,CONTRACT,SCOOTER,95,0.53,3.88,61.05
Riaan Barad,FULL-TIME,SCOOTER,87,0.45,3.98,63.22
Yuvraj  Bhatia,FULL-TIME,BIKE,153,0.39,4.10,68.63
Fateh Chander,CONTRACT,SCOOTER,82,0.40,4.00,68.29
Ishita Arora,FULL-TIME,EV BIKE,98,0.36,4.11,71.43
Riaan Mani,FULL-TIME,SCOOTER,94,0.63,3.77,53.19
Anahi Bali,FULL-TIME,SCOOTER,111,0.45,4.05,63.06
Urvi Venkataraman,CONTRACT,VAN,111,0.44,3.95,68.47
Suhana Gola,FULL-TIME,EV BIKE,102,0.36,4.09,71.57
Romil Sarma,FULL-TIME,BIKE,109,0.43,4.01,62.39
Piya Dugal,FULL-TIME,VAN,96,0.29,4.20,76.04
Gatik Andra,CONTRACT,BIKE,104,0.47,4.00,63.46
Zara Gulati,FULL-TIME,VAN,93,0.52,3.94,61.29
Sahil Walla,FULL-TIME,VAN,118,0.49,3.95,60.17
Dhanush Suresh,FULL-TIME,VAN,132,0.40,4.05,69.70
Vivaan Sani,CONTRACT,EV BIKE,92,0.42,4.01,66.30
Damini Bhargava,CONTRACT,VAN,109,0.41,4.02,66.97
Keya Sankaran,FULL-TIME,EV BIKE,108,0.45,3.95,63.89
Aradhya Sekhon,FULL-TIME,EV BIKE,100,0.38,4.07,67.00
Inaaya  Mani,CONTRACT,SCOOTER,99,0.55,3.88,58.59
Keya Sidhu,CONTRACT,SCOOTER,103,0.45,3.97,67.96
Himmat Sani,CONTRACT,VAN,91,0.51,3.95,63.74
Nitara Hayre,FULL-TIME,SCOOTER,84,0.45,4.02,64.29
Biju Dyal,FULL-TIME,BIKE,108,0.53,3.88,56.48
Indranil Kunda,CONTRACT,EV BIKE,131,0.51,3.90,58.02
Samar Gaba,CONTRACT,VAN,90,0.42,4.02,65.56
Sumer Ravi,FULL-TIME,EV BIKE,104,0.61,3.84,54.81
Mehul Mane,FULL-TIME,VAN,100,0.30,4.19,76.00
Madhav Warrior,CONTRACT,BIKE,105,0.50,3.91,64.76
Damini Sidhu,CONTRACT,BIKE,126,0.48,3.97,62.70
Trisha Singhal,CONTRACT,BIKE,100,0.48,3.92,64.00
Samaira Kapoor,FULL-TIME,BIKE,111,0.44,3.99,67.57
Abram Jain,CONTRACT,VAN,93,0.55,3.90,54.84
Anika Yohannan,FULL-TIME,VAN,144,0.43,4.07,70.14
Ayesha Mani,FULL-TIME,VAN,94,0.40,4.03,68.09
Anahita Suri,FULL-TIME,VAN,95,0.52,3.85,62.11
Oorja Bassi,CONTRACT,EV BIKE,97,0.43,4.05,64.95
Ehsaan Chauhan,CONTRACT,EV BIKE,122,0.46,3.96,62.30
Elakshi Barad,FULL-TIME,BIKE,127,0.38,4.07,67.72
Amani Yogi,CONTRACT,EV BIKE,129,0.39,4.11,71.32
Shamik Brahmbhatt,CONTRACT,BIKE,104,0.42,4.01,68.27
Kismat Boase,FULL-TIME,VAN,68,0.38,4.11,69.12
Nehmat Dewan,CONTRACT,BIKE,119,0.47,4.01,62.18
Dishani Varty,CONTRACT,SCOOTER,94,0.48,3.93,60.64
Lavanya Mall,CONTRACT,SCOOTER,118,0.45,3.98,65.25
Rati Raj,FULL-TIME,SCOOTER,98,0.38,4.09,69.39
Drishya Uppal,FULL-TIME,SCOOTER,116,0.45,3.99,65.52
Jivin Sarraf,FULL-TIME,VAN,117,0.44,4.05,64.10
Kimaya Atwal,CONTRACT,BIKE,132,0.47,4.02,64.39
Kimaya Bhatnagar,CONTRACT,EV BIKE,90,0.42,4.01,66.67
Yuvaan Wable,CONTRACT,BIKE,109,0.59,3.73,55.96
Zeeshan Trivedi,FULL-TIME,VAN,92,0.43,3.98,66.30
Aniruddh Seshadri,CONTRACT,BIKE,98,0.47,4.01,60.20
Saira Dixit,FULL-TIME,BIKE,91,0.42,4.04,64.84
Veer Rege,FULL-TIME,BIKE,123,0.52,3.92,61.79
Biju Dass,CONTRACT,BIKE,102,0.51,3.98,60.78
Aaina Thaman,CONTRACT,SCOOTER,102,0.54,3.88,57.84
Jivin Sane,CONTRACT,SCOOTER,117,0.32,4.13,74.36
Raunak Bhakta,CONTRACT,EV BIKE,85,0.38,4.02,71.76
Aayush Bhatia,CONTRACT,VAN,96,0.46,4.04,61.46
Anahi Garg,CONTRACT,SCOOTER,110,0.45,3.93,64.55
Zoya Gera,CONTRACT,SCOOTER,121,0.34,4.14,70.25
Kabir Trivedi,FULL-TIME,EV BIKE,147,0.31,4.17,74.83
Seher Gill,CONTRACT,VAN,110,0.61,3.85,51.82
Riya Sami,FULL-TIME,BIKE,116,0.50,3.96,62.93
Urvi Kulkarni,CONTRACT,BIKE,72,0.53,3.93,63.89
Shlok Lall,FULL-TIME,EV BIKE,94,0.43,4.10,65.96
Vaibhav Borde,FULL-TIME,VAN,141,0.41,3.97,70.92
Raghav Din,CONTRACT,BIKE,95,0.44,4.01,67.37
Zara Bhardwaj,CONTRACT,VAN,83,0.42,4.07,65.06
Heer Sarraf,CONTRACT,BIKE,73,0.51,3.93,63.01
Zaina Soni,FULL-TIME,SCOOTER,107,0.55,3.91,61.68
Rasha Loyal,CONTRACT,VAN,111,0.59,3.84,54.95
Gokul Saraf,FULL-TIME,BIKE,100,0.42,4.02,70.00
Eva Sankar,CONTRACT,BIKE,111,0.46,3.94,65.77
Vivaan Wali,FULL-TIME,VAN,108,0.43,4.05,70.37
Saksham Deo,FULL-TIME,SCOOTER,108,0.47,3.95,63.89
Farhan Bhandari,CONTRACT,VAN,87,0.33,4.14,73.56
Stuvan Bhat,FULL-TIME,EV BIKE,119,0.38,4.04,68.07
Prerak Cherian,FULL-TIME,VAN,126,0.58,3.84,57.94
Kartik Sachdeva,CONTRACT,SCOOTER,109,0.54,3.86,59.63
Samiha Kapadia,FULL-TIME,VAN,85,0.46,3.99,68.24
Kashvi Ravel,FULL-TIME,EV BIKE,95,0.42,4.09,67.37
Zoya Korpal,CONTRACT,SCOOTER,82,0.48,3.94,64.63
Hiran Rajagopal,FULL-TIME,EV BIKE,91,0.43,3.99,67.03
Riya Din,CONTRACT,SCOOTER,80,0.54,3.90,57.50
Bhamini Bhasin,FULL-TIME,EV BIKE,97,0.39,4.13,67.01
Kaira Solanki,CONTRACT,BIKE,75,0.41,4.03,66.67
Farhan Chadha,CONTRACT,EV BIKE,99,0.54,3.91,59.60
Tiya Kaur,CONTRACT,EV BIKE,119,0.46,3.92,63.03
Ishaan Agate,CONTRACT,BIKE,92,0.36,4.08,69.57
Kiaan Bhargava,FULL-TIME,EV BIKE,88,0.41,4.02,69.32
Kabir Ram,CONTRACT,EV BIKE,108,0.32,4.14,74.07
Advik Chandra,CONTRACT,BIKE,125,0.39,4.10,68.80
Darshit Arya,FULL-TIME,VAN,115,0.36,4.11,71.30
Saanvi Dora,FULL-TIME,VAN,115,0.41,4.03,66.96
Indranil Yadav,FULL-TIME,VAN,99,0.42,4.02,65.66
Raghav Chaudhuri,CONTRACT,VAN,131,0.51,3.99,60.31
Neelofar Sastry,FULL-TIME,BIKE,90,0.38,4.11,72.22
Urvi Acharya,CONTRACT,SCOOTER,114,0.37,4.08,70.18
Tiya Sundaram,CONTRACT,BIKE,95,0.45,4.01,67.37
Zaina Bhasin,CONTRACT,EV BIKE,78,0.51,3.89,61.54
Jiya Devi,CONTRACT,SCOOTER,110,0.47,3.99,63.64
Nayantara Datta,FULL-TIME,VAN,119,0.40,4.12,68.07
Nehmat Hari,FULL-TIME,SCOOTER,74,0.43,3.99,66.22
Eva Contractor,FULL-TIME,BIKE,110,0.48,3.92,65.45
Shaan Edwin,FULL-TIME,VAN,101,0.42,3.97,70.30
Kabir Bhatia,FULL-TIME,BIKE,84,0.60,3.73,58.33
Vidur Bhalla,FULL-TIME,SCOOTER,101,0.42,4.08,65.35
Yasmin Bhasin,CONTRACT,SCOOTER,102,0.46,3.94,66.67
Rasha Dutt,CONTRACT,EV BIKE,111,0.60,3.85,57.66
Kanav Mallick,CONTRACT,VAN,94,0.47,3.98,67.02
Rania Bahl,CONTRACT,BIKE,124,0.62,3.79,54.03
Lakshit Cherian,FULL-TIME,BIKE,98,0.47,4.02,63.27
Kiara Dube,CONTRACT,BIKE,93,0.46,4.02,62.37
Ishaan Sathe,CONTRACT,BIKE,125,0.47,4.02,60.80
Mehul Kara,FULL-TIME,BIKE,121,0.43,4.00,65.29
Anahi Reddy,CONTRACT,EV BIKE,79,0.35,4.09,70.89
Gatik De,CONTRACT,SCOOTER,82,0.44,3.99,65.85
Kiaan Sami,CONTRACT,SCOOTER,102,0.46,3.96,60.78
Farhan Biswas,CONTRACT,EV BIKE,118,0.36,4.16,69.49
Advika Acharya,FULL-TIME,VAN,107,0.51,3.97,59.81
Sumer Shroff,FULL-TIME,EV BIKE,86,0.58,3.90,59.30
Vihaan Bobal,CONTRACT,VAN,127,0.49,3.94,62.99
Advika Sastry,CONTRACT,VAN,91,0.46,3.95,63.74
Nitya Vala,FULL-TIME,EV BIKE,84,0.51,3.89,60.71
Anvi Chatterjee,CONTRACT,EV BIKE,91,0.51,4.00,62.64
Aaina Khalsa,FULL-TIME,VAN,108,0.46,4.00,62.96
Aarush Khosla,CONTRACT,BIKE,94,0.50,3.96,65.96
Manjari Hegde,CONTRACT,EV BIKE,68,0.37,4.10,69.12
Yuvraj  Hegde,CONTRACT,EV BIKE,74,0.47,3.98,64.86
Eva Bose,FULL-TIME,VAN,106,0.41,4.06,67.92
Rati Deshpande,FULL-TIME,EV BIKE,109,0.44,4.01,66.06
Prisha Cheema,CONTRACT,BIKE,131,0.46,4.11,59.54
Nirvi Balasubramanian,FULL-TIME,VAN,106,0.53,3.84,62.26
Aniruddh Kumar,FULL-TIME,BIKE,92,0.51,3.85,61.96
Yuvraj  Shah,FULL-TIME,BIKE,108,0.44,3.95,64.81
Neelofar Chandra,FULL-TIME,SCOOTER,113,0.35,4.12,70.80
Azad Shroff,FULL-TIME,EV BIKE,92,0.47,4.04,61.96
Neelofar Dalal,FULL-TIME,VAN,96,0.51,3.94,61.46
Lavanya Bail,CONTRACT,EV BIKE,105,0.33,4.15,72.38
Vardaniya Edwin,CONTRACT,EV BIKE,110,0.45,3.91,64.55
Damini Sathe,CONTRACT,BIKE,98,0.52,3.94,58.16
Tanya Bains,CONTRACT,VAN,88,0.49,3.92,63.64
Advika Samra,CONTRACT,SCOOTER,90,0.43,4.05,65.56
Yasmin Sha,FULL-TIME,SCOOTER,100,0.45,3.98,68.00
Aarav Dugar,CONTRACT,VAN,106,0.47,3.99,62.26
Arhaan Cheema,CONTRACT,VAN,104,0.44,4.02,66.35
Manikya Manda,FULL-TIME,SCOOTER,99,0.43,4.01,64.65
Myra Rajagopal,CONTRACT,VAN,100,0.44,4.00,63.00
Yakshit Balasubramanian,CONTRACT,VAN,72,0.43,3.97,68.06
Advik Mahajan,CONTRACT,VAN,117,0.48,3.96,64.10
Reyansh Khosla,FULL-TIME,SCOOTER,108,0.33,4.23,75.00
Vaibhav Kalita,FULL-TIME,BIKE,98,0.44,3.99,66.33
Mamooty Kamdar,CONTRACT,SCOOTER,112,0.44,4.04,66.96
Zoya Bail,FULL-TIME,VAN,113,0.45,3.97,63.72
Anahita Dada,CONTRACT,BIKE,111,0.44,3.94,68.47
Tejas Banerjee,FULL-TIME,EV BIKE,86,0.44,4.02,65.12
Madhav Vala,CONTRACT,SCOOTER,108,0.48,3.94,63.89
Neelofar Swamy,FULL-TIME,VAN,89,0.49,3.92,66.29
Abram Talwar,FULL-TIME,EV BIKE,120,0.45,4.02,65.00
Faiyaz Kadakia,CONTRACT,SCOOTER,88,0.49,4.00,62.50
Ayesha Bahl,CONTRACT,SCOOTER,122,0.42,4.06,66.39
Jivin Deshmukh,FULL-TIME,EV BIKE,108,0.42,4.09,69.44
Advika Dyal,FULL-TIME,BIKE,105,0.38,4.10,71.43
Darshit Tak,FULL-TIME,BIKE,93,0.41,4.04,65.59
Ela Batta,FULL-TIME,EV BIKE,79,0.42,3.99,67.09
Krish Shukla,FULL-TIME,SCOOTER,102,0.51,3.88,60.78
Nitya Bhatnagar,FULL-TIME,EV BIKE,105,0.46,3.94,66.67
Sahil Bali,CONTRACT,BIKE,91,0.44,3.96,68.13
Gatik Batra,CONTRACT,BIKE,109,0.47,3.99,62.39
Kartik Kurian,FULL-TIME,VAN,126,0.37,4.12,69.05
Yuvaan Vaidya,FULL-TIME,SCOOTER,107,0.54,3.89,58.88
Samaira Raja,FULL-TIME,SCOOTER,84,0.42,4.06,67.86
Mishti Iyengar,CONTRACT,VAN,124,0.52,3.92,60.48
Divij Mall,FULL-TIME,BIKE,87,0.48,4.04,63.22
Badal Bobal,CONTRACT,EV BIKE,86,0.56,3.83,60.47
Divij Bhagat,CONTRACT,VAN,88,0.47,3.99,63.64
Anya Zacharia,FULL-TIME,VAN,89,0.51,3.93,61.80
Khushi Borah,CONTRACT,VAN,110,0.39,4.05,70.00
Sahil Chacko,CONTRACT,BIKE,93,0.55,3.94,59.14
Rasha Ben,CONTRACT,EV BIKE,111,0.38,4.07,70.27
Ranbir Barman,CONTRACT,BIKE,106,0.36,4.08,73.58
Gokul Bumb,CONTRACT,BIKE,139,0.49,3.94,64.03
Azad Bala,CONTRACT,VAN,104,0.61,3.87,53.85
Shlok Venkataraman,CONTRACT,VAN,122,0.43,3.99,65.57
Kavya Mand,FULL-TIME,EV BIKE,75,0.37,4.10,70.67
Ira Comar,CONTRACT,VAN,103,0.42,4.04,68.93
Keya Verma,CONTRACT,VAN,103,0.47,3.88,65.05
Vivaan Khosla,CONTRACT,SCOOTER,89,0.55,3.87,61.80
Suhana Rana,FULL-TIME,SCOOTER,117,0.39,4.05,69.23
Vanya Dass,FULL-TIME,EV BIKE,77,0.32,4.13,71.43
Akarsh Gara,FULL-TIME,EV BIKE,87,0.45,4.02,66.67
Urvi Virk,FULL-TIME,SCOOTER,95,0.51,3.95,58.95
Manjari Sachdev,FULL-TIME,SCOOTER,124,0.52,3.92,62.10
Ahana  Bajaj,FULL-TIME,BIKE,108,0.50,4.02,58.33
Mishti Bala,CONTRACT,SCOOTER,130,0.48,4.01,62.31
Saira Apte,CONTRACT,BIKE,95,0.60,3.80,56.84
Emir Sha,FULL-TIME,EV BIKE,114,0.42,4.04,64.91
Myra Dhingra,FULL-TIME,EV BIKE,96,0.35,4.03,73.96
Advika Luthra,FULL-TIME,SCOOTER,87,0.47,4.04,65.52
Kanav Sampath,FULL-TIME,VAN,109,0.38,4.12,68.81
Taran Baria,CONTRACT,BIKE,97,0.34,4.13,72.16
Sara Bala,FULL-TIME,SCOOTER,104,0.52,3.96,59.62
Eva Lala,FULL-TIME,BIKE,117,0.42,4.03,65.81
Pranay Bandi,CONTRACT,BIKE,111,0.52,3.94,57.66
Oorja Venkataraman,CONTRACT,VAN,107,0.47,3.94,64.49
Aradhya Sridhar,CONTRACT,BIKE,104,0.43,4.04,66.35
Madhup Basu,CONTRACT,SCOOTER,104,0.48,3.95,59.62
Anay Sekhon,FULL-TIME,BIKE,101,0.55,3.84,59.41
Shamik Agrawal,CONTRACT,VAN,111,0.41,4.01,67.57
Jayesh Saraf,CONTRACT,VAN,114,0.51,3.93,62.28
Nitya Gokhale,FULL-TIME,SCOOTER,131,0.47,3.99,63.36
Nitya Badami,FULL-TIME,SCOOTER,100,0.56,3.93,56.00
Mohanlal Khanna,CONTRACT,VAN,102,0.56,3.91,58.82
Lavanya Loyal,FULL-TIME,BIKE,81,0.46,3.97,64.20
Ojas Hayre,CONTRACT,VAN,90,0.32,4.14,70.00
Trisha Sachar,FULL-TIME,BIKE,90,0.46,3.98,64.44
Rhea Suri,FULL-TIME,VAN,102,0.45,4.04,62.75
Mamooty Behl,FULL-TIME,VAN,114,0.38,4.07,71.05
Advik Joshi,FULL-TIME,VAN,97,0.34,4.16,70.10
Nirvi Shroff,FULL-TIME,EV BIKE,105,0.40,4.12,67.62
Rhea Khosla,FULL-TIME,BIKE,106,0.50,3.93,64.15
Bhavin Goyal,FULL-TIME,SCOOTER,84,0.44,4.02,66.67
Prerak Kata,CONTRACT,VAN,142,0.41,4.04,66.20
Saanvi Kar,FULL-TIME,EV BIKE,81,0.31,4.14,75.31
Riya Chana,FULL-TIME,SCOOTER,91,0.42,4.10,62.64
Samarth Deep,FULL-TIME,BIKE,100,0.45,4.01,63.00
Dhruv Ben,CONTRACT,SCOOTER,93,0.62,3.80,53.76
Renee Sani,FULL-TIME,BIKE,107,0.41,4.07,68.22
Shaan Chacko,CONTRACT,BIKE,99,0.45,3.96,63.64
Ivana Dugar,FULL-TIME,BIKE,110,0.49,3.94,60.91
Siya Sule,CONTRACT,VAN,83,0.42,4.05,67.47
Anahi Sarna,FULL-TIME,EV BIKE,150,0.45,4.00,65.33
Madhup Sodhi,FULL-TIME,EV BIKE,90,0.54,3.93,55.56
Lavanya Rao,FULL-TIME,BIKE,140,0.37,4.07,70.00
Ojas Lall,FULL-TIME,SCOOTER,89,0.43,4.09,64.04
Drishya Joshi,CONTRACT,VAN,101,0.62,3.81,51.49
Keya Krish,FULL-TIME,SCOOTER,91,0.42,4.01,64.84
Kiara Sawhney,CONTRACT,VAN,106,0.50,3.95,61.32
Khushi Chawla,CONTRACT,VAN,101,0.42,4.09,64.36
Tara Saxena,CONTRACT,BIKE,100,0.49,3.88,63.00
Manikya Sangha,CONTRACT,SCOOTER,107,0.48,4.04,64.49
Dhanush Randhawa,FULL-TIME,SCOOTER,118,0.47,3.96,63.56
Indrajit Dalal,FULL-TIME,SCOOTER,104,0.56,3.93,58.65
Yakshit Subramaniam,CONTRACT,VAN,151,0.61,3.85,54.97
Elakshi Raval,CONTRACT,VAN,102,0.51,4.02,60.78
Dishani Acharya,CONTRACT,EV BIKE,105,0.39,4.09,70.48
Aniruddh Shankar,FULL-TIME,SCOOTER,87,0.37,4.16,68.97
Anahi Hayre,FULL-TIME,EV BIKE,102,0.57,3.83,55.88
Miraan Sheth,FULL-TIME,EV BIKE,104,0.41,4.08,69.23
Riaan Barad,FULL-TIME,EV BIKE,107,0.46,3.89,60.75
Reyansh Khatri,CONTRACT,SCOOTER,101,0.47,3.90,61.39
Amani Varughese,CONTRACT,EV BIKE,104,0.46,3.91,66.35
Raunak Apte,FULL-TIME,BIKE,130,0.55,3.98,57.69
Anvi Keer,FULL-TIME,VAN,97,0.41,4.00,69.07
Anaya Jhaveri,CONTRACT,VAN,110,0.45,4.04,66.36
Abram Randhawa,CONTRACT,BIKE,118,0.41,4.02,68.64
Jayant Sani,CONTRACT,VAN,90,0.39,4.04,70.00
Samarth Hegde,CONTRACT,VAN,104,0.36,4.11,71.15
Nayantara Rattan,CONTRACT,EV BIKE,97,0.47,3.96,61.86
Khushi Ratti,CONTRACT,VAN,107,0.51,3.98,61.68
Jayan Sani,CONTRACT,BIKE,137,0.35,4.16,72.26
Anahita Shan,FULL-TIME,BIKE,103,0.46,3.97,67.96
Indrans Sangha,CONTRACT,BIKE,114,0.52,3.95,64.04
Kaira Vohra,FULL-TIME,VAN,95,0.54,3.93,58.95
Tiya Keer,CONTRACT,EV BIKE,89,0.42,4.10,67.42
Divit Bhardwaj,CONTRACT,VAN,61,0.48,3.91,67.21
Bhavin Bhagat,CONTRACT,EV BIKE,70,0.53,3.90,61.43
Aarna Chaudhary,FULL-TIME,SCOOTER,79,0.57,3.87,59.49
Rasha Raval,CONTRACT,SCOOTER,114,0.59,3.85,54.39
Shaan Batta,FULL-TIME,SCOOTER,112,0.42,4.02,66.96
Ritvik Sane,CONTRACT,EV BIKE,124,0.48,3.98,61.29
Piya Toor,FULL-TIME,SCOOTER,89,0.48,3.92,64.04
Saanvi Gandhi,FULL-TIME,BIKE,82,0.52,3.87,62.20
Pihu Sandhu,FULL-TIME,EV BIKE,127,0.54,3.96,59.84
Bhamini Rana,FULL-TIME,EV BIKE,122,0.46,3.95,63.93
Sahil Deshpande,CONTRACT,VAN,77,0.40,4.07,67.53
Rohan Chaudhuri,FULL-TIME,BIKE,98,0.52,3.99,62.24
Shalv Chandra,CONTRACT,BIKE,131,0.50,3.92,64.12
Ranbir Rastogi,FULL-TIME,VAN,86,0.52,3.87,58.14
Lakshay Soni,CONTRACT,EV BIKE,128,0.46,4.01,64.06
Nitara Cheema,CONTRACT,EV BIKE,118,0.45,4.03,66.10
Nitya Shere,CONTRACT,SCOOTER,110,0.46,3.98,63.64
Sumer Kapadia,FULL-TIME,EV BIKE,82,0.32,4.13,70.73
Saksham Ratti,FULL-TIME,VAN,80,0.35,4.22,72.50
Raunak Singhal,CONTRACT,SCOOTER,86,0.55,3.89,56.98
Uthkarsh Date,CONTRACT,EV BIKE,113,0.53,3.90,58.41
Mishti Badal,FULL-TIME,EV BIKE,106,0.37,4.06,75.47
Divyansh Shroff,FULL-TIME,BIKE,87,0.45,4.01,65.52
Alia Seth,CONTRACT,BIKE,107,0.46,4.07,60.75
Aaina Chaudry,FULL-TIME,BIKE,89,0.36,4.15,69.66
Nayantara Bhavsar,FULL-TIME,BIKE,90,0.46,4.07,62.22
Farhan Deep,CONTRACT,BIKE,106,0.34,4.11,71.70
Damini Mandal,CONTRACT,BIKE,85,0.40,4.08,67.06
Jiya Tiwari,CONTRACT,EV BIKE,74,0.58,3.84,55.41
Pari Varma,FULL-TIME,SCOOTER,90,0.42,4.08,67.78
Hridaan Choudhury,FULL-TIME,EV BIKE,108,0.29,4.14,77.78
Dishani Madan,CONTRACT,VAN,86,0.47,4.05,62.79
Khushi Goyal,FULL-TIME,VAN,99,0.38,4.01,67.68
Onkar Arora,CONTRACT,SCOOTER,95,0.47,3.99,64.21
Damini Gola,FULL-TIME,SCOOTER,122,0.49,4.02,63.93
Oorja Tiwari,CONTRACT,BIKE,113,0.48,3.95,65.49
Zoya Dara,CONTRACT,BIKE,125,0.46,4.02,62.40
Anika Din,CONTRACT,BIKE,93,0.44,4.05,67.74
Purab Kadakia,CONTRACT,SCOOTER,85,0.38,4.11,70.59
Siya Kapadia,FULL-TIME,BIKE,90,0.37,4.12,72.22
Purab Kala,FULL-TIME,BIKE,85,0.52,3.94,62.35
Eshani Raman,FULL-TIME,BIKE,108,0.44,3.99,63.89
Arhaan Tak,CONTRACT,BIKE,88,0.38,4.08,70.45
Veer Jain,CONTRACT,SCOOTER,98,0.47,3.95,62.24
Adah Chahal,CONTRACT,EV BIKE,97,0.40,4.08,65.98
Shaan Tara,FULL-TIME,EV BIKE,102,0.36,4.07,71.57
Keya Trivedi,FULL-TIME,BIKE,112,0.38,4.10,67.86
Anaya Srinivasan,FULL-TIME,BIKE,110,0.50,4.03,60.91
Umang Ranganathan,FULL-TIME,VAN,106,0.48,3.96,61.32
Sahil Ray,CONTRACT,VAN,94,0.49,4.01,61.70
Eva Golla,FULL-TIME,BIKE,81,0.42,4.08,64.20
Amira Bajwa,CONTRACT,BIKE,143,0.42,4.07,64.34
Zaina Thakkar,CONTRACT,VAN,116,0.51,3.90,60.34
Misha Kulkarni,CONTRACT,EV BIKE,96,0.46,4.05,62.50
Samarth Krishnan,FULL-TIME,SCOOTER,104,0.48,3.95,61.54
Manjari Kaur,FULL-TIME,EV BIKE,111,0.48,3.98,61.26
Ehsaan Dass,FULL-TIME,SCOOTER,97,0.47,3.94,67.01
Arhaan Gaba,CONTRACT,BIKE,93,0.63,3.80,50.54
Myra Wali,FULL-TIME,VAN,142,0.42,4.06,65.49
Tushar Anne,FULL-TIME,BIKE,76,0.45,4.00,63.16
Pranay Swamy,FULL-TIME,BIKE,85,0.52,3.94,58.82
Shlok Bhatt,FULL-TIME,SCOOTER,100,0.49,3.99,61.00
Jiya Malhotra,CONTRACT,BIKE,128,0.42,4.04,65.63
Hansh Venkataraman,FULL-TIME,VAN,99,0.52,3.92,64.65
Hunar Krishna,CONTRACT,SCOOTER,112,0.50,3.89,61.61
Eva Kaur,FULL-TIME,VAN,141,0.57,3.92,56.03
Aradhya De,CONTRACT,SCOOTER,102,0.63,3.83,52.94
Saira Madan,CONTRACT,BIKE,114,0.39,4.06,67.54
Amira Raju,FULL-TIME,BIKE,108,0.53,3.89,62.04
Parinaaz Jani,FULL-TIME,VAN,104,0.40,3.97,69.23
Zara Randhawa,FULL-TIME,VAN,118,0.35,4.11,70.34
Rhea Dhar,CONTRACT,BIKE,91,0.45,4.03,62.64
Siya Chawla,CONTRACT,SCOOTER,100,0.39,4.10,67.00
Neelofar Comar,FULL-TIME,EV BIKE,114,0.51,3.93,58.77
Zaina Bala,CONTRACT,VAN,96,0.38,4.07,69.79
Aayush Wadhwa,FULL-TIME,EV BIKE,135,0.42,4.12,66.67
Riya Rout,CONTRACT,SCOOTER,111,0.35,4.07,72.97
Aarna Buch,CONTRACT,BIKE,120,0.46,4.03,63.33
Sumer Kulkarni,FULL-TIME,BIKE,114,0.49,3.98,64.91
Saanvi Sengupta,FULL-TIME,VAN,103,0.42,4.01,67.96
Saksham Chaudhary,FULL-TIME,VAN,100,0.53,3.85,57.00
Yuvaan Jayaraman,FULL-TIME,VAN,108,0.51,3.89,62.96
Shamik Sidhu,CONTRACT,EV BIKE,117,0.51,3.89,60.68
Bhavin Sem,CONTRACT,EV BIKE,112,0.46,3.94,61.61
Oorja Walla,CONTRACT,VAN,123,0.42,3.97,65.85
Urvi Gole,FULL-TIME,EV BIKE,93,0.40,3.99,68.82
Tarini Contractor,FULL-TIME,EV BIKE,108,0.42,4.01,68.52
Chirag Dubey,CONTRACT,VAN,141,0.43,3.99,68.09
Divij Chadha,CONTRACT,EV BIKE,112,0.50,3.92,64.29
Taran Ahuja,FULL-TIME,SCOOTER,146,0.46,4.02,64.38
Dharmajan Chokshi,FULL-TIME,VAN,137,0.42,4.08,65.69
Vaibhav Bhalla,CONTRACT,SCOOTER,128,0.43,4.02,66.41
Anay Jaggi,FULL-TIME,SCOOTER,114,0.43,3.99,70.18
Taimur Lad,FULL-TIME,BIKE,95,0.54,3.86,62.11
Tiya Jha,CONTRACT,BIKE,83,0.43,3.96,66.27
Rhea Bakshi,FULL-TIME,SCOOTER,135,0.39,4.04,71.11
Zeeshan Krishnan,FULL-TIME,BIKE,98,0.41,4.05,66.33
Advik Rege,FULL-TIME,BIKE,103,0.44,3.99,66.99
Hunar Kaur,FULL-TIME,SCOOTER,95,0.39,4.04,69.47
Urvi Shan,FULL-TIME,EV BIKE,83,0.42,4.03,63.86
Jayant Bansal,FULL-TIME,SCOOTER,102,0.52,3.89,59.80
Eshani Majumdar,FULL-TIME,SCOOTER,150,0.43,4.06,67.33
Dhruv Ravi,FULL-TIME,BIKE,109,0.57,3.84,60.55
Nirvi Ray,CONTRACT,VAN,93,0.55,3.84,54.84
Oorja Biswas,CONTRACT,EV BIKE,70,0.43,3.96,65.71
Shray Ratta,FULL-TIME,VAN,75,0.40,4.07,69.33
Zara Sachdeva,FULL-TIME,BIKE,119,0.34,4.15,76.47
Charvi Anne,FULL-TIME,SCOOTER,125,0.36,4.13,72.00
Jayant Devi,FULL-TIME,SCOOTER,217,0.48,3.95,62.21
Mohanlal Bal,FULL-TIME,BIKE,84,0.51,3.96,61.90
Neysa Barad,CONTRACT,EV BIKE,113,0.41,4.09,66.37
Madhav Sani,FULL-TIME,VAN,107,0.39,4.12,68.22
Myra Suresh,CONTRACT,SCOOTER,141,0.41,4.07,66.67
Romil Kaul,FULL-TIME,VAN,103,0.52,3.92,61.17
Samaira Bakshi,FULL-TIME,BIKE,128,0.49,3.91,62.50
Aayush Barad,FULL-TIME,EV BIKE,103,0.34,4.17,74.76
Yakshit Kibe,CONTRACT,EV BIKE,93,0.38,4.00,68.82
Ayesha Ramesh,FULL-TIME,VAN,112,0.36,4.10,71.43
Tejas Kaur,CONTRACT,BIKE,159,0.46,3.90,62.89
Kashvi Keer,FULL-TIME,EV BIKE,159,0.57,3.86,55.97
Riaan Chokshi,CONTRACT,BIKE,133,0.46,3.96,64.66
Samarth Gopal,FULL-TIME,VAN,110,0.53,3.93,59.09
Anaya Sahni,CONTRACT,SCOOTER,105,0.41,4.12,63.81
Nirvi Vala,FULL-TIME,VAN,101,0.42,4.03,67.33
Nitara Mani,FULL-TIME,EV BIKE,105,0.45,4.01,66.67
Lagan Varty,FULL-TIME,EV BIKE,97,0.44,4.01,67.01
Shamik Gopal,CONTRACT,VAN,119,0.50,3.97,62.18
Bhavin Sarna,CONTRACT,VAN,93,0.34,4.12,74.19
Ojas Mall,FULL-TIME,BIKE,74,0.43,3.92,66.22
Neelofar Wason,FULL-TIME,SCOOTER,111,0.41,4.00,69.37
Jayan Balay,CONTRACT,SCOOTER,78,0.47,3.99,62.82
Hansh Bali,FULL-TIME,BIKE,103,0.44,3.99,66.02
Arnav Hans,CONTRACT,EV BIKE,204,0.41,4.06,68.63
Zeeshan Doshi,CONTRACT,SCOOTER,127,0.43,4.02,67.72
Advika Kumer,FULL-TIME,EV BIKE,74,0.39,4.04,71.62
Faiyaz Sangha,FULL-TIME,VAN,85,0.34,4.10,72.94
Myra Kothari,CONTRACT,VAN,122,0.49,3.98,60.66
Hazel Sule,CONTRACT,EV BIKE,84,0.26,4.20,77.38
Akarsh Sami,FULL-TIME,SCOOTER,140,0.61,3.80,52.14
Tejas Ray,FULL-TIME,SCOOTER,115,0.48,4.00,63.48
Urvi Dua,CONTRACT,VAN,98,0.45,4.04,65.31
Nayantara Biswas,FULL-TIME,SCOOTER,124,0.44,3.97,64.52
Tushar Dhawan,FULL-TIME,EV BIKE,160,0.40,4.04,68.13
Heer Kohli,FULL-TIME,EV BIKE,118,0.49,3.95,58.47
Darshit Sachdev,CONTRACT,SCOOTER,128,0.35,4.10,72.66
Aniruddh Rastogi,FULL-TIME,VAN,81,0.43,3.98,65.43
Kaira Kulkarni,FULL-TIME,EV BIKE,109,0.50,3.94,61.47
Azad Venkatesh,FULL-TIME,VAN,99,0.43,4.04,61.62
Bhavin Comar,FULL-TIME,VAN,94,0.43,4.05,64.89
Vritika Dugar,FULL-TIME,EV BIKE,99,0.53,3.95,57.58
Kaira Dugar,CONTRACT,EV BIKE,149,0.43,4.02,67.79
Jayan Chopra,CONTRACT,EV BIKE,109,0.54,3.91,60.55
Miraya Cheema,FULL-TIME,VAN,137,0.49,3.99,59.12
Uthkarsh Banerjee,FULL-TIME,SCOOTER,104,0.44,3.93,66.35
Gokul Chand,CONTRACT,SCOOTER,108,0.33,4.16,72.22
Shalv Shankar,CONTRACT,SCOOTER,108,0.50,3.95,61.11
Hiran Ganesan,FULL-TIME,SCOOTER,153,0.52,3.91,61.44
Vaibhav Trivedi,FULL-TIME,EV BIKE,120,0.42,3.99,68.33
Alisha Saraf,FULL-TIME,VAN,88,0.41,3.98,68.18
Sumer Biswas,FULL-TIME,SCOOTER,84,0.50,3.94,64.29
Vivaan Din,FULL-TIME,VAN,116,0.37,4.10,65.52
Madhup Soman,FULL-TIME,VAN,115,0.47,4.04,60.87
Hridaan Ramaswamy,FULL-TIME,VAN,86,0.47,4.00,66.28
Tushar Setty,FULL-TIME,BIKE,92,0.51,3.95,63.04
Ishaan Buch,CONTRACT,SCOOTER,98,0.31,4.26,75.51
Advik Varghese,CONTRACT,EV BIKE,101,0.53,3.90,57.43
Aaryahi Gole,CONTRACT,SCOOTER,111,0.47,3.95,63.96
Hunar Kibe,CONTRACT,SCOOTER,112,0.47,3.95,61.61
Uthkarsh Cheema,CONTRACT,SCOOTER,91,0.46,4.09,61.54
Ritvik Sabharwal,CONTRACT,VAN,127,0.35,4.11,70.08
Devansh Tripathi,FULL-TIME,BIKE,128,0.47,3.95,63.28
Jivika Rastogi,FULL-TIME,BIKE,118,0.52,3.95,61.02
Biju Yogi,FULL-TIME,SCOOTER,112,0.48,3.96,66.96
Azad Kumer,CONTRACT,VAN,94,0.43,4.00,62.77
Reyansh Gokhale,CONTRACT,BIKE,95,0.46,4.01,64.21
Charvi Raj,FULL-TIME,SCOOTER,110,0.49,3.93,62.73
Madhup Shan,FULL-TIME,SCOOTER,111,0.50,3.95,61.26
Zaina Rastogi,FULL-TIME,VAN,84,0.58,3.81,58.33
Shamik Sem,FULL-TIME,EV BIKE,95,0.49,3.89,61.05
Gatik Agarwal,FULL-TIME,BIKE,142,0.50,4.00,64.08
Kiaan Gara,FULL-TIME,EV BIKE,124,0.43,4.06,62.90
Faiyaz Dube,FULL-TIME,VAN,112,0.48,3.90,64.29
Taran Uppal,FULL-TIME,SCOOTER,100,0.54,3.88,64.00
Anahita Saxena,FULL-TIME,EV BIKE,108,0.44,3.97,64.81
Arnav Ravi,CONTRACT,VAN,110,0.35,4.05,71.82
Hazel Choudhary,FULL-TIME,SCOOTER,94,0.46,4.03,64.89
Mehul Sastry,CONTRACT,BIKE,186,0.45,4.02,64.52
Priyansh Magar,FULL-TIME,VAN,114,0.54,3.88,59.65
Renee Chaudhari,CONTRACT,VAN,139,0.49,3.94,64.03
Dhanuk Bail,CONTRACT,EV BIKE,130,0.48,3.99,63.85
Alia Tripathi,CONTRACT,VAN,115,0.49,3.94,61.74
Baiju Kaul,CONTRACT,EV BIKE,135,0.39,4.14,68.89
Dharmajan Sathe,CONTRACT,SCOOTER,113,0.35,4.08,73.45
Mohanlal Sundaram,CONTRACT,EV BIKE,97,0.24,4.23,79.38
Anay Dash,FULL-TIME,VAN,103,0.41,4.09,69.90
Lagan Varghese,CONTRACT,VAN,149,0.50,3.94,61.74
Shlok Sarna,CONTRACT,EV BIKE,129,0.43,4.02,63.57
Renee Varughese,FULL-TIME,BIKE,112,0.45,4.08,62.50
Prerak Hayer,FULL-TIME,EV BIKE,104,0.46,4.02,60.58
Zara Shan,FULL-TIME,EV BIKE,106,0.43,3.99,66.98
Tarini Joshi,CONTRACT,VAN,101,0.53,3.91,58.42
Tushar Lalla,FULL-TIME,BIKE,105,0.45,4.02,66.67
Shayak Chaudry,CONTRACT,VAN,90,0.41,4.05,67.78
Aaina Mall,FULL-TIME,BIKE,122,0.45,3.98,64.75
Bhavin Agarwal,FULL-TIME,VAN,124,0.40,4.09,67.74
Hazel Dara,CONTRACT,SCOOTER,108,0.39,4.06,68.52
Diya Tailor,FULL-TIME,BIKE,118,0.52,3.89,58.47
Farhan Sastry,CONTRACT,EV BIKE,112,0.35,4.15,72.32
Divit Dubey,CONTRACT,SCOOTER,138,0.41,4.05,68.84
Hridaan Sastry,CONTRACT,VAN,127,0.49,3.99,59.84
Aarna Sampath,CONTRACT,SCOOTER,127,0.46,3.99,62.99
Shray Khare,FULL-TIME,EV BIKE,86,0.35,4.17,72.09
Siya Raja,FULL-TIME,VAN,82,0.33,4.20,73.17
Emir Krishnamurthy,FULL-TIME,VAN,121,0.53,3.94,61.16
Saksham Gala,CONTRACT,VAN,104,0.51,3.93,62.50
Advika Dar,CONTRACT,EV BIKE,108,0.47,3.92,64.81
Zain Magar,CONTRACT,VAN,110,0.49,3.94,60.91
Manjari Raj,FULL-TIME,EV BIKE,112,0.47,3.91,66.07
Hazel Walia,CONTRACT,SCOOTER,104,0.45,4.02,64.42
Urvi Sibal,FULL-TIME,VAN,144,0.49,3.96,63.89
Sumer Chatterjee,CONTRACT,BIKE,92,0.32,4.12,77.17
Yuvaan Thakur,FULL-TIME,EV BIKE,110,0.41,4.09,67.27
Vidur Sastry,FULL-TIME,BIKE,106,0.59,3.79,54.72
Amani Tripathi,CONTRACT,VAN,104,0.47,3.97,62.50
Aarav Issac,FULL-TIME,SCOOTER,96,0.43,4.03,62.50
Neysa Chandran,CONTRACT,EV BIKE,96,0.49,4.00,61.46
Siya Sura,FULL-TIME,SCOOTER,133,0.37,4.08,72.18
Anika Batra,CONTRACT,EV BIKE,120,0.40,4.03,69.17
Jivika Tandon,CONTRACT,VAN,97,0.44,4.00,68.04
Ishaan Seshadri,FULL-TIME,VAN,93,0.41,4.01,63.44
Adah Sandal,CONTRACT,BIKE,120,0.48,3.94,65.00
Zaina Chand,CONTRACT,BIKE,107,0.66,3.82,51.40
Inaaya  Sheth,FULL-TIME,EV BIKE,133,0.44,4.02,66.92
Pihu Lalla,CONTRACT,BIKE,106,0.39,4.10,67.92
Tushar Dubey,FULL-TIME,SCOOTER,92,0.62,3.72,53.26
Hunar Iyengar,FULL-TIME,SCOOTER,105,0.44,4.08,63.81
Aarna Keer,FULL-TIME,VAN,112,0.43,4.08,63.39
Amani Rout,FULL-TIME,VAN,107,0.52,3.88,64.49
Nishith Ghosh,CONTRACT,EV BIKE,106,0.42,4.03,66.98
Siya Lanka,FULL-TIME,VAN,128,0.43,4.05,64.06
Aaryahi Bath,FULL-TIME,VAN,104,0.39,4.06,67.31
Manikya Desai,CONTRACT,SCOOTER,89,0.38,4.20,68.54
Yuvaan Basak,CONTRACT,VAN,108,0.51,3.93,61.11
Sahil Golla,FULL-TIME,BIKE,87,0.46,3.97,64.37
Biju Rout,FULL-TIME,EV BIKE,80,0.51,3.94,61.25
Zeeshan Kalita,FULL-TIME,BIKE,126,0.51,3.99,62.70
Shlok Cheema,CONTRACT,EV BIKE,123,0.47,3.91,65.04
Sana Lal,FULL-TIME,EV BIKE,90,0.42,4.08,67.78
Nirvaan Buch,CONTRACT,SCOOTER,100,0.51,3.93,58.00
Khushi Chander,CONTRACT,VAN,96,0.46,3.97,67.71
Vedika Talwar,CONTRACT,VAN,132,0.41,4.06,65.15
Divyansh Chaudhari,CONTRACT,VAN,82,0.44,4.01,65.85
Ryan Sagar,CONTRACT,BIKE,109,0.30,4.15,75.23
Farhan Jani,FULL-TIME,SCOOTER,125,0.46,3.99,64.00
Kabir Gour,CONTRACT,SCOOTER,119,0.45,4.03,65.55
Zara Yogi,FULL-TIME,SCOOTER,105,0.51,3.89,60.95
Anvi Chandran,FULL-TIME,EV BIKE,224,0.45,4.00,64.73
Yuvraj  Chand,FULL-TIME,VAN,207,0.44,4.05,66.67
Armaan Mander,FULL-TIME,BIKE,156,0.51,3.90,58.97
Ela Keer,FULL-TIME,SCOOTER,95,0.43,3.99,66.32
Damini Madan,CONTRACT,VAN,122,0.43,4.04,67.21
Divyansh Chaudhuri,CONTRACT,EV BIKE,103,0.57,4.00,57.28
Dhanush Amble,CONTRACT,BIKE,111,0.43,4.06,69.37
Himmat Singhal,CONTRACT,BIKE,106,0.44,4.03,65.09
Lagan Rama,FULL-TIME,BIKE,125,0.46,3.94,64.00
Shlok Chanda,CONTRACT,SCOOTER,135,0.51,3.92,59.26
Anika Rattan,FULL-TIME,SCOOTER,108,0.55,3.90,54.63
Mamooty Kanda,FULL-TIME,BIKE,93,0.43,3.99,68.82
Vivaan Datta,CONTRACT,VAN,103,0.52,3.95,58.25
Kabir Sharaf,FULL-TIME,VAN,116,0.46,4.06,62.07
Armaan Dhar,FULL-TIME,EV BIKE,83,0.45,4.00,63.86
Adah Chopra,CONTRACT,VAN,118,0.40,4.01,70.34
Kavya Dhar,FULL-TIME,BIKE,86,0.56,3.96,56.98
Jayant Krishnamurthy,CONTRACT,VAN,101,0.35,4.14,72.28
Hrishita Tripathi,CONTRACT,EV BIKE,123,0.51,3.93,56.91
Hansh Garde,CONTRACT,EV BIKE,126,0.55,3.84,57.94
Gatik Bedi,CONTRACT,EV BIKE,114,0.48,4.00,63.16
Aniruddh Kata,FULL-TIME,VAN,121,0.49,3.92,62.81
Ryan Madan,FULL-TIME,BIKE,88,0.42,4.04,64.77
Shalv Rajagopal,FULL-TIME,VAN,95,0.45,4.02,63.16
Pranay Gopal,CONTRACT,SCOOTER,105,0.50,3.95,63.81
Kiaan Ravel,FULL-TIME,SCOOTER,118,0.38,4.04,69.49
Dishani Sheth,FULL-TIME,VAN,82,0.43,3.99,67.07
Madhup Sarna,CONTRACT,BIKE,113,0.39,4.01,71.68
Mamooty Rajan,CONTRACT,SCOOTER,109,0.53,3.86,61.47
Taran Kalla,CONTRACT,EV BIKE,98,0.45,3.96,64.29
Hrishita Sandal,CONTRACT,BIKE,125,0.42,4.03,65.60
Kiara Iyer,CONTRACT,VAN,97,0.36,4.12,71.13
Sara Thaman,FULL-TIME,EV BIKE,89,0.60,3.77,55.06
Aradhya Khalsa,FULL-TIME,EV BIKE,96,0.52,3.87,62.50
Nitya Deep,FULL-TIME,EV BIKE,103,0.42,4.04,66.99
Kiaan Butala,FULL-TIME,EV BIKE,101,0.49,3.94,62.38
Saanvi Kalla,FULL-TIME,EV BIKE,125,0.36,4.11,72.00
Jayesh Shah,CONTRACT,EV BIKE,83,0.42,3.92,66.27
Samaira Gola,FULL-TIME,BIKE,100,0.38,4.07,70.00
Lakshay Soman,FULL-TIME,SCOOTER,90,0.47,3.99,58.89
Tara Khurana,CONTRACT,BIKE,114,0.36,4.12,71.93
Anay Bansal,CONTRACT,SCOOTER,96,0.36,4.16,70.83
Saksham Deo,CONTRACT,EV BIKE,90,0.42,4.02,67.78
Indranil Borde,FULL-TIME,EV BIKE,132,0.55,3.86,58.33
Azad Yogi,FULL-TIME,VAN,77,0.36,4.10,71.43
Samiha Chokshi,CONTRACT,SCOOTER,94,0.51,3.90,60.64
Azad Salvi,FULL-TIME,EV BIKE,100,0.29,4.12,78.00
Trisha Bala,CONTRACT,VAN,122,0.48,3.99,61.48
Lagan Mangal,FULL-TIME,SCOOTER,126,0.58,3.90,53.97
Seher Zacharia,CONTRACT,EV BIKE,103,0.40,4.13,66.99
Chirag Din,CONTRACT,VAN,93,0.48,3.95,64.52
Parinaaz Vasa,CONTRACT,BIKE,73,0.44,4.03,64.38
Stuvan Tandon,CONTRACT,EV BIKE,117,0.56,3.81,55.56
Nirvaan Ahuja,FULL-TIME,SCOOTER,107,0.42,4.06,65.42
Inaaya  Wadhwa,FULL-TIME,VAN,102,0.42,4.00,69.61
Nitara Banerjee,FULL-TIME,BIKE,110,0.45,3.96,65.45
Hiran Ramaswamy,CONTRACT,VAN,101,0.46,3.99,66.34
Ranbir Sanghvi,CONTRACT,EV BIKE,89,0.47,4.00,62.92
Nayantara Sood,CONTRACT,EV BIKE,106,0.42,3.97,67.92
Lagan Kaur,FULL-TIME,VAN,114,0.59,3.80,59.65
Shanaya Gulati,CONTRACT,EV BIKE,92,0.46,4.03,65.22
Kiaan Bawa,FULL-TIME,VAN,96,0.44,3.97,63.54
Aaina Raju,FULL-TIME,SCOOTER,109,0.51,3.94,58.72
Ritvik Mannan,FULL-TIME,EV BIKE,103,0.50,3.93,62.14
Nayantara Kalita,CONTRACT,VAN,124,0.47,3.96,64.52
Advik Sunder,CONTRACT,SCOOTER,128,0.40,4.08,69.53
Nakul Bandi,FULL-TIME,EV BIKE,129,0.42,3.96,65.89
Neysa Ramaswamy,CONTRACT,BIKE,151,0.42,4.04,67.55
Prerak Kumer,CONTRACT,BIKE,101,0.47,4.00,59.41
Prisha Sahota,FULL-TIME,EV BIKE,98,0.42,3.99,62.24
Miraya Bhandari,FULL-TIME,SCOOTER,124,0.49,4.01,64.52
Anya Basu,FULL-TIME,VAN,101,0.42,4.07,67.33
Indrajit Shukla,FULL-TIME,VAN,123,0.55,3.88,57.72
Ryan Rajan,CONTRACT,BIKE,117,0.50,3.93,62.39
Rati Sahni,CONTRACT,BIKE,93,0.43,4.00,64.52
Ela Raju,FULL-TIME,EV BIKE,92,0.45,3.99,64.13
Zaina Kunda,FULL-TIME,BIKE,147,0.37,4.13,71.43
Charvi Kakar,CONTRACT,SCOOTER,95,0.61,3.77,56.84
Jivika Ram,CONTRACT,SCOOTER,120,0.28,4.20,76.67
Ivana Sridhar,FULL-TIME,VAN,113,0.48,3.99,64.60
Jhanvi Zachariah,FULL-TIME,VAN,126,0.38,4.12,69.84
Rhea Mandal,FULL-TIME,VAN,102,0.55,3.90,59.80
Anaya Ravi,FULL-TIME,SCOOTER,94,0.38,4.07,68.09
Ehsaan Divan,CONTRACT,EV BIKE,89,0.54,3.89,56.18
Renee Ranganathan,CONTRACT,EV BIKE,116,0.45,4.03,65.52
Tanya Chauhan,CONTRACT,SCOOTER,96,0.44,4.04,64.58
Vedika Tripathi,CONTRACT,EV BIKE,104,0.38,4.11,69.23
Sana Saraf,CONTRACT,BIKE,78,0.46,4.02,64.10
Aayush Bumb,FULL-TIME,BIKE,94,0.44,4.02,63.83
Yuvaan Chaudhari,FULL-TIME,VAN,100,0.57,3.88,56.00
Uthkarsh Kala,FULL-TIME,VAN,77,0.42,4.00,70.13
Kabir Dugar,FULL-TIME,VAN,122,0.36,4.11,69.67
Purab Shanker,CONTRACT,VAN,99,0.53,3.91,55.56
Vaibhav Kade,FULL-TIME,EV BIKE,80,0.38,4.14,72.50
Advika Halder,FULL-TIME,BIKE,102,0.47,3.91,61.76
Pari Johal,CONTRACT,VAN,90,0.47,3.88,67.78
Umang Vyas,FULL-TIME,SCOOTER,92,0.33,4.08,71.74
Faiyaz Gaba,CONTRACT,SCOOTER,104,0.39,4.09,68.27
Miraya Baria,CONTRACT,BIKE,96,0.42,4.01,66.67
Samaira Uppal,CONTRACT,SCOOTER,118,0.63,3.85,55.08
Adah Borde,CONTRACT,SCOOTER,124,0.48,4.03,62.90
Mohanlal Sant,FULL-TIME,VAN,118,0.41,4.03,65.25
Gokul Mall,CONTRACT,VAN,78,0.50,3.92,62.82
Baiju Thaker,CONTRACT,VAN,87,0.41,4.04,66.67
Divyansh Kade,CONTRACT,EV BIKE,112,0.54,3.87,58.04
Samaira Saha,FULL-TIME,BIKE,85,0.48,3.94,63.53
Ahana  Tata,CONTRACT,SCOOTER,124,0.43,4.04,69.35
Hazel Venkatesh,CONTRACT,EV BIKE,138,0.43,3.94,65.22
Zain Kuruvilla,CONTRACT,VAN,114,0.50,3.95,57.89
Trisha Bhattacharyya,CONTRACT,BIKE,133,0.40,4.01,69.17
Tara Bhatt,FULL-TIME,EV BIKE,120,0.41,4.02,67.50
Aaina Shenoy,FULL-TIME,EV BIKE,127,0.36,4.14,68.50
Azad Bose,FULL-TIME,BIKE,82,0.38,4.12,65.85
Ivana Kant,CONTRACT,BIKE,150,0.39,4.07,68.00
Piya Handa,CONTRACT,VAN,83,0.39,4.09,66.27
Sahil Talwar,CONTRACT,BIKE,121,0.37,4.13,71.90
Piya Deep,CONTRACT,BIKE,99,0.39,4.04,67.68
Purab Devi,CONTRACT,SCOOTER,71,0.63,3.80,53.52
Nitara Anand,FULL-TIME,SCOOTER,114,0.42,4.07,63.16
Tara Sankar,CONTRACT,SCOOTER,129,0.40,4.02,68.99
Samar Gala,CONTRACT,VAN,106,0.39,4.11,68.87
Lakshit Mangal,CONTRACT,BIKE,103,0.47,3.99,65.05
Nakul Master,FULL-TIME,SCOOTER,104,0.42,3.98,70.19
Shayak Din,CONTRACT,VAN,106,0.42,4.06,65.09
Inaaya  Vaidya,CONTRACT,EV BIKE,116,0.31,4.10,73.28
Misha Bora,FULL-TIME,BIKE,230,0.42,4.09,65.65
Urvi Thaker,CONTRACT,BIKE,114,0.39,4.04,67.54
Tushar Andra,CONTRACT,BIKE,101,0.45,3.95,68.32
Prerak Chandra,CONTRACT,EV BIKE,113,0.41,4.09,70.80
Tejas Hora,FULL-TIME,EV BIKE,99,0.45,3.97,66.67
Madhup Suri,FULL-TIME,SCOOTER,129,0.36,4.13,68.99
Neysa Jani,FULL-TIME,BIKE,84,0.49,3.98,64.29
Rohan De,FULL-TIME,EV BIKE,126,0.43,3.98,64.29
Saanvi Ganguly,FULL-TIME,VAN,129,0.41,4.03,64.34
Rati Guha,FULL-TIME,SCOOTER,106,0.52,3.83,62.26
Diya Wable,CONTRACT,BIKE,92,0.54,3.87,58.70
Aarna Dhar,FULL-TIME,BIKE,114,0.41,4.09,65.79
Nishith Sridhar,FULL-TIME,EV BIKE,107,0.46,4.02,66.36
Eshani Kota,FULL-TIME,EV BIKE,107,0.41,4.05,65.42
Aarush Bal,CONTRACT,EV BIKE,91,0.46,3.98,64.84
Myra Srinivasan,CONTRACT,BIKE,79,0.58,3.79,55.70
Himmat Grover,FULL-TIME,BIKE,118,0.40,4.06,66.10
Mahika Baral,FULL-TIME,BIKE,106,0.37,4.12,73.58
Nitara Rama,CONTRACT,EV BIKE,74,0.46,4.01,62.16
Purab Aggarwal,CONTRACT,EV BIKE,131,0.44,4.00,64.89
Ritvik Mand,FULL-TIME,EV BIKE,127,0.47,3.96,62.20
Adira Verma,CONTRACT,SCOOTER,95,0.52,3.97,63.16
Amira Manne,FULL-TIME,VAN,87,0.36,4.13,72.41
Lakshay Brahmbhatt,CONTRACT,EV BIKE,126,0.44,4.05,65.08
Aarav Kalla,FULL-TIME,EV BIKE,102,0.44,4.02,69.61
Manjari Gandhi,FULL-TIME,BIKE,82,0.39,4.07,65.85
Riya Malhotra,FULL-TIME,VAN,123,0.48,3.91,63.41
Samarth Shan,CONTRACT,BIKE,108,0.37,4.06,68.52
Shray Balay,FULL-TIME,EV BIKE,159,0.49,4.02,62.89
Rati Wable,CONTRACT,SCOOTER,76,0.32,4.16,78.95
Shayak Deshpande,CONTRACT,VAN,122,0.45,3.99,62.30
Manjari Sura,CONTRACT,SCOOTER,129,0.45,3.95,67.44
Hiran Chokshi,CONTRACT,SCOOTER,113,0.45,3.98,65.49
Miraya Zachariah,CONTRACT,BIKE,115,0.58,3.81,54.78
Aaryahi Atwal,FULL-TIME,EV BIKE,101,0.41,4.06,66.34
Aaina Bhatti,FULL-TIME,VAN,137,0.55,3.87,59.12
Shlok Cherian,CONTRACT,SCOOTER,99,0.44,4.05,62.63
Ayesha Loyal,FULL-TIME,BIKE,101,0.42,4.00,66.34
Alisha Solanki,CONTRACT,EV BIKE,140,0.46,3.99,65.00
Shlok Rege,CONTRACT,BIKE,91,0.51,3.87,59.34
Vaibhav Shere,FULL-TIME,SCOOTER,85,0.39,4.06,70.59
Baiju Arora,CONTRACT,VAN,112,0.42,4.09,66.07
Kabir Dara,FULL-TIME,VAN,102,0.39,4.08,66.67
Anika Bajaj,FULL-TIME,EV BIKE,111,0.46,4.04,64.86
Mehul Kalita,CONTRACT,BIKE,127,0.35,4.18,70.87
Anika Tailor,CONTRACT,SCOOTER,117,0.44,4.01,66.67
Anaya Chacko,CONTRACT,VAN,102,0.47,4.00,65.69
Nayantara Apte,FULL-TIME,BIKE,111,0.51,3.87,59.46
Aarav Sachdeva,CONTRACT,SCOOTER,91,0.32,4.16,74.73
Misha Kar,FULL-TIME,SCOOTER,105,0.30,4.13,77.14
Adah Varkey,FULL-TIME,VAN,140,0.47,3.99,65.00
Kabir Dhar,FULL-TIME,EV BIKE,96,0.47,3.96,63.54
Mohanlal Bhardwaj,FULL-TIME,SCOOTER,149,0.46,3.98,62.42
Mohanlal Baria,CONTRACT,SCOOTER,91,0.41,4.05,70.33
Faiyaz Suresh,CONTRACT,EV BIKE,107,0.42,3.96,67.29
Akarsh Gaba,CONTRACT,VAN,94,0.39,4.14,67.02
Darshit Goda,FULL-TIME,SCOOTER,99,0.36,4.16,70.71
Ira Boase,FULL-TIME,VAN,107,0.39,4.10,69.16
Purab Sastry,CONTRACT,SCOOTER,143,0.39,4.08,66.43
Aniruddh Banerjee,CONTRACT,BIKE,101,0.38,4.04,72.28
Abram Kar,FULL-TIME,EV BIKE,106,0.46,3.94,63.21
Farhan Yadav,CONTRACT,BIKE,133,0.39,4.01,69.17
Uthkarsh Rajagopal,CONTRACT,VAN,128,0.40,4.11,70.31
Pranay Dhaliwal,CONTRACT,BIKE,89,0.49,4.00,61.80
Jivin Singhal,CONTRACT,BIKE,140,0.36,4.08,72.14
Mannat Keer,FULL-TIME,BIKE,101,0.38,4.08,69.31
Aradhya Ahuja,FULL-TIME,BIKE,125,0.44,4.04,68.00
Hazel Dass,CONTRACT,EV BIKE,118,0.50,3.94,60.17
Aarush Maharaj,CONTRACT,VAN,89,0.51,3.98,61.80
Kaira Rajan,CONTRACT,SCOOTER,113,0.54,3.81,61.06
Biju Ghose,CONTRACT,VAN,103,0.44,4.01,68.93
Zaina Sekhon,CONTRACT,SCOOTER,86,0.38,4.02,68.60
Ela Savant,CONTRACT,EV BIKE,97,0.56,3.86,58.76
Yashvi Ramanathan,FULL-TIME,BIKE,89,0.53,3.92,61.80
Bhamini De,CONTRACT,BIKE,107,0.54,3.96,55.14
Fateh Gour,FULL-TIME,SCOOTER,119,0.46,3.97,58.82
Rohan Sani,FULL-TIME,EV BIKE,91,0.45,4.06,62.64
Abram Gopal,FULL-TIME,EV BIKE,100,0.38,4.04,71.00
Indrajit Khalsa,CONTRACT,SCOOTER,103,0.47,3.91,66.99
Shamik Mand,FULL-TIME,VAN,135,0.40,4.09,65.93
Aarav Sagar,FULL-TIME,SCOOTER,109,0.41,4.10,67.89
Nirvaan Ray,FULL-TIME,SCOOTER,112,0.48,3.91,61.61
Nitya Bains,FULL-TIME,SCOOTER,94,0.50,3.95,60.64
Eva Bir,FULL-TIME,SCOOTER,122,0.45,4.06,65.57
Riaan Khalsa,CONTRACT,VAN,113,0.47,3.98,60.18
Riya Yadav,FULL-TIME,BIKE,132,0.42,3.99,68.18
Tiya Golla,FULL-TIME,EV BIKE,115,0.37,4.12,70.43
Tarini Singhal,CONTRACT,VAN,112,0.21,4.25,83.04
Lakshay Comar,FULL-TIME,VAN,109,0.48,4.03,64.22
Divit Bedi,CONTRACT,EV BIKE,101,0.47,4.04,66.34
Vihaan Raja,CONTRACT,SCOOTER,129,0.53,3.91,57.36
Badal Som,FULL-TIME,SCOOTER,115,0.56,3.87,61.74
Neelofar Koshy,FULL-TIME,VAN,136,0.54,3.91,56.62
Vedika Buch,FULL-TIME,VAN,81,0.43,4.00,62.96
Saira Warrior,CONTRACT,SCOOTER,112,0.51,3.91,59.82
Farhan Chana,CONTRACT,EV BIKE,129,0.51,3.87,62.79
Abram Korpal,CONTRACT,EV BIKE,103,0.51,3.89,62.14
Adah Kar,FULL-TIME,BIKE,104,0.49,3.94,61.54
Inaaya  Issac,FULL-TIME,VAN,141,0.49,3.95,63.12
Gatik Sandal,CONTRACT,BIKE,128,0.40,4.03,68.75
Hunar Bava,CONTRACT,VAN,104,0.46,3.97,65.38
Miraan Madan,CONTRACT,SCOOTER,105,0.37,4.14,69.52
Madhav Hegde,CONTRACT,BIKE,116,0.43,4.04,64.66
Ranbir Dara,CONTRACT,EV BIKE,104,0.64,3.82,49.04
Amira Boase,FULL-TIME,VAN,117,0.46,4.04,63.25
Anahita Ganesh,FULL-TIME,EV BIKE,135,0.50,3.90,63.70
Shray Hegde,CONTRACT,SCOOTER,110,0.44,4.00,67.27
Vanya Kumar,FULL-TIME,BIKE,101,0.50,3.92,62.38
Rati Date,CONTRACT,VAN,149,0.44,3.99,64.43
Vihaan Sani,FULL-TIME,SCOOTER,109,0.48,4.03,62.39
Hiran Shanker,CONTRACT,BIKE,131,0.41,4.08,67.94
Piya Borah,FULL-TIME,BIKE,114,0.52,3.88,63.16
Romil Dhar,FULL-TIME,VAN,86,0.38,3.99,68.60
Kashvi Sankar,FULL-TIME,SCOOTER,106,0.56,3.91,54.72
Darshit Bahri,FULL-TIME,VAN,114,0.36,4.13,72.81
Bhamini Gupta,FULL-TIME,BIKE,99,0.58,3.83,57.58
Oorja Hayre,FULL-TIME,SCOOTER,136,0.46,3.99,63.97
Madhup Gill,CONTRACT,BIKE,129,0.43,3.99,68.99
Eva Dhar,FULL-TIME,VAN,112,0.50,3.90,63.39
Veer Dani,CONTRACT,BIKE,115,0.53,3.84,60.00
Kiara Iyer,FULL-TIME,EV BIKE,131,0.46,3.97,64.89
Shamik Buch,CONTRACT,VAN,90,0.41,4.00,64.44
Azad Bhat,FULL-TIME,BIKE,128,0.48,3.94,62.50
Nirvaan Barad,FULL-TIME,BIKE,130,0.44,4.04,66.92
Rasha Dash,CONTRACT,SCOOTER,149,0.41,4.02,67.11
Diya Sen,FULL-TIME,EV BIKE,108,0.44,3.98,66.67
Aarush Dey,CONTRACT,BIKE,137,0.48,3.99,62.04
Uthkarsh Borra,CONTRACT,SCOOTER,106,0.41,4.11,67.92
Eva Cherian,FULL-TIME,VAN,118,0.51,3.91,62.71
Kabir Bedi,CONTRACT,EV BIKE,112,0.43,4.00,64.29
Mohanlal Rau,CONTRACT,VAN,94,0.59,3.84,55.32
Jhanvi Ramachandran,CONTRACT,VAN,113,0.58,3.85,61.06
Piya Goel,FULL-TIME,BIKE,90,0.34,4.13,71.11
Trisha Bera,CONTRACT,SCOOTER,122,0.49,3.95,61.48
Romil Lata,FULL-TIME,SCOOTER,94,0.43,4.06,64.89
Divyansh Kalla,FULL-TIME,EV BIKE,97,0.46,3.94,64.95
Vardaniya Bassi,FULL-TIME,SCOOTER,114,0.48,4.02,65.79
Ritvik Gera,FULL-TIME,VAN,96,0.36,4.09,71.88
Hunar Soman,CONTRACT,BIKE,139,0.37,4.08,71.94
Tarini Dalal,FULL-TIME,BIKE,120,0.48,3.98,63.33
Parinaaz Rao,CONTRACT,BIKE,114,0.43,4.06,64.04
Eva Bala,CONTRACT,SCOOTER,106,0.45,3.98,63.21
Yuvaan Dugar,CONTRACT,BIKE,113,0.46,4.01,67.26
Stuvan Kashyap,CONTRACT,BIKE,93,0.57,3.90,56.99
Mehul Bera,CONTRACT,BIKE,90,0.38,4.16,68.89
Neelofar Mander,FULL-TIME,BIKE,84,0.21,4.27,79.76
Zain Sarin,FULL-TIME,EV BIKE,100,0.38,4.12,67.00
Rohan Sarma,FULL-TIME,EV BIKE,145,0.61,3.84,53.79
Ehsaan Maharaj,FULL-TIME,VAN,106,0.37,4.06,69.81
Hridaan Kapur,CONTRACT,BIKE,116,0.41,4.04,69.83
Inaaya  Kapadia,FULL-TIME,SCOOTER,91,0.38,4.00,72.53
Ivan Sem,CONTRACT,VAN,119,0.44,4.02,64.71
Kanav Krish,CONTRACT,BIKE,105,0.54,3.90,61.90
Jivin Korpal,FULL-TIME,VAN,141,0.45,3.98,65.25
Damini Chandra,CONTRACT,VAN,87,0.38,4.13,67.82
Devansh Roy,CONTRACT,SCOOTER,128,0.51,3.92,61.72
Armaan Gera,CONTRACT,BIKE,109,0.42,4.06,67.89
Vardaniya Mangat,FULL-TIME,BIKE,105,0.53,3.86,58.10
Pihu Tripathi,CONTRACT,EV BIKE,92,0.51,3.96,60.87
Baiju Ravel,FULL-TIME,BIKE,109,0.37,4.11,70.64
Urvi Ratti,FULL-TIME,SCOOTER,104,0.54,3.87,63.46
Zain Mannan,CONTRACT,SCOOTER,118,0.51,3.96,62.71
Advika Yohannan,FULL-TIME,VAN,90,0.50,3.88,60.00
Kaira Singh,CONTRACT,EV BIKE,102,0.41,3.99,67.65
Adah Mane,FULL-TIME,VAN,106,0.40,4.12,68.87
Azad Viswanathan,FULL-TIME,VAN,101,0.30,4.22,76.24
Trisha Shetty,FULL-TIME,VAN,58,0.43,4.04,60.34
Baiju Bhagat,CONTRACT,EV BIKE,81,0.47,4.02,60.49
Biju Ganesan,CONTRACT,SCOOTER,77,0.42,4.03,63.64
Jayan Tailor,FULL-TIME,SCOOTER,105,0.45,3.92,65.71
Adira Saini,CONTRACT,VAN,119,0.46,4.02,63.03
Elakshi Ramaswamy,CONTRACT,EV BIKE,109,0.51,3.94,62.39
Tanya Kale,FULL-TIME,EV BIKE,90,0.54,3.88,58.89
Lakshay Krish,CONTRACT,VAN,125,0.50,3.98,62.40
Baiju Lad,FULL-TIME,EV BIKE,98,0.42,3.99,70.41
Madhup Gole,CONTRACT,EV BIKE,142,0.54,3.91,57.75
Ryan Kata,FULL-TIME,EV BIKE,92,0.57,3.92,58.70
Adira Bhagat,FULL-TIME,EV BIKE,119,0.52,3.91,61.34
Purab Bhandari,FULL-TIME,BIKE,84,0.42,4.01,66.67
Samar Korpal,FULL-TIME,BIKE,81,0.57,3.85,54.32
Ayesha Magar,CONTRACT,EV BIKE,81,0.46,4.06,60.49
Farhan Gaba,CONTRACT,SCOOTER,109,0.42,4.05,65.14
Raunak Bhatt,CONTRACT,SCOOTER,108,0.42,4.06,65.74
Krish Sani,FULL-TIME,EV BIKE,88,0.34,4.06,73.86
Advik Kumer,FULL-TIME,BIKE,90,0.44,3.98,63.33
Hazel Gade,FULL-TIME,SCOOTER,106,0.43,3.99,67.92
Charvi Sangha,FULL-TIME,EV BIKE,110,0.42,4.04,65.45
Riya Barad,CONTRACT,SCOOTER,115,0.43,3.98,66.09
Hunar Dhaliwal,CONTRACT,VAN,128,0.58,3.89,57.03
Shanaya Varty,FULL-TIME,EV BIKE,86,0.38,4.11,68.60
Purab Gala,CONTRACT,EV BIKE,78,0.31,4.20,78.21
Alisha Gade,CONTRACT,VAN,96,0.51,3.92,57.29
Tejas Sama,CONTRACT,VAN,80,0.49,3.97,62.50
Kartik Roy,FULL-TIME,EV BIKE,98,0.46,3.95,61.22
Amani Bobal,FULL-TIME,BIKE,141,0.49,3.94,61.70
Madhup Handa,FULL-TIME,VAN,111,0.38,4.13,68.47
Misha Chad,CONTRACT,SCOOTER,218,0.49,3.93,61.93
Fateh Barad,FULL-TIME,VAN,119,0.41,4.03,67.23
Parinaaz Gala,CONTRACT,VAN,97,0.47,3.93,62.89
Nehmat Sharma,CONTRACT,EV BIKE,116,0.39,4.15,65.52
Kimaya Chadha,FULL-TIME,SCOOTER,92,0.40,4.05,70.65
Lakshit Bala,CONTRACT,SCOOTER,100,0.51,3.88,61.00
Tushar Bhatnagar,FULL-TIME,BIKE,106,0.54,3.88,61.32
Yakshit Upadhyay,CONTRACT,SCOOTER,86,0.50,3.84,60.47
Anay Kade,FULL-TIME,BIKE,119,0.45,4.06,68.07
Shanaya Raju,FULL-TIME,VAN,112,0.50,3.97,62.50
Jiya Sawhney,FULL-TIME,BIKE,118,0.47,3.99,61.86
Krish Gara,FULL-TIME,BIKE,96,0.32,4.11,73.96
Kashvi Sekhon,CONTRACT,BIKE,77,0.35,4.16,72.73
Rhea Rege,FULL-TIME,SCOOTER,117,0.49,3.90,64.96
Miraan Seshadri,FULL-TIME,EV BIKE,102,0.44,3.95,65.69
Hansh Kapadia,CONTRACT,SCOOTER,90,0.58,3.83,54.44
Diya Lad,FULL-TIME,SCOOTER,99,0.37,4.14,72.73
Ehsaan Anand,CONTRACT,EV BIKE,121,0.49,3.94,62.81
Devansh Chopra,CONTRACT,SCOOTER,92,0.47,4.00,61.96
Badal Lad,FULL-TIME,SCOOTER,120,0.32,4.17,73.33
Vihaan Dhingra,CONTRACT,SCOOTER,94,0.45,3.98,67.02
Adira Bakshi,CONTRACT,SCOOTER,133,0.36,4.09,71.43
Mishti Tara,CONTRACT,SCOOTER,102,0.35,4.16,71.57
Krish Shanker,CONTRACT,VAN,82,0.37,4.04,70.73
Adira Chand,FULL-TIME,BIKE,124,0.47,3.98,62.90
Farhan Hans,FULL-TIME,BIKE,118,0.47,3.99,63.56
Jayan Badami,FULL-TIME,EV BIKE,121,0.45,3.89,67.77
Khushi Bhattacharyya,CONTRACT,SCOOTER,108,0.48,3.99,62.04
Hiran Rana,FULL-TIME,SCOOTER,73,0.42,4.05,71.23
Divij Raval,FULL-TIME,VAN,148,0.49,3.94,62.84
Seher Khurana,CONTRACT,VAN,221,0.42,4.08,67.87
Nakul Krishna,CONTRACT,SCOOTER,98,0.42,3.99,66.33
Ivan Deshpande,FULL-TIME,VAN,118,0.45,4.07,62.71
Ivan Sagar,FULL-TIME,EV BIKE,92,0.40,4.07,68.48
Kashvi Sarkar,FULL-TIME,BIKE,127,0.44,4.04,66.14
Ahana  Chauhan,CONTRACT,SCOOTER,123,0.47,4.03,64.23
Ryan Banerjee,FULL-TIME,EV BIKE,107,0.50,3.97,60.75
Shray Chaudhry,CONTRACT,BIKE,114,0.41,4.12,69.30
Yakshit Wason,FULL-TIME,EV BIKE,112,0.47,4.01,59.82
Aarush Tank,FULL-TIME,EV BIKE,93,0.31,4.21,69.89
Pranay Bhatti,FULL-TIME,BIKE,100,0.44,4.04,68.00
Amira Kunda,CONTRACT,BIKE,86,0.52,3.96,62.79
Akarsh Tella,FULL-TIME,EV BIKE,103,0.50,3.91,60.19
Mohanlal Choudhary,CONTRACT,BIKE,68,0.47,3.89,63.24
Abram Sastry,CONTRACT,BIKE,87,0.39,4.11,70.11
Neelofar Sinha,CONTRACT,BIKE,98,0.42,3.99,66.33
Divit Bahri,CONTRACT,BIKE,104,0.45,3.90,60.58
Trisha Borah,CONTRACT,BIKE,103,0.62,3.74,54.37
Myra Amble,CONTRACT,VAN,102,0.55,3.91,60.78
Nirvi Balasubramanian,FULL-TIME,SCOOTER,118,0.38,4.08,67.80
Divij Buch,FULL-TIME,VAN,107,0.31,4.17,71.03
Kaira Chana,FULL-TIME,VAN,108,0.32,4.13,73.15
Kismat Sama,CONTRACT,VAN,79,0.37,4.10,68.35
Vaibhav Bobal,CONTRACT,SCOOTER,105,0.49,3.92,67.62
Eshani Kannan,CONTRACT,BIKE,115,0.52,4.01,57.39
Kismat Dada,FULL-TIME,BIKE,94,0.48,3.98,63.83
Lagan Venkataraman,CONTRACT,VAN,94,0.37,4.14,67.02
Uthkarsh Sunder,FULL-TIME,BIKE,93,0.34,4.04,73.12
Samar Bal,CONTRACT,EV BIKE,98,0.47,4.08,63.27
Chirag Krishna,FULL-TIME,EV BIKE,84,0.40,4.06,67.86
Amani Dada,CONTRACT,EV BIKE,102,0.45,3.99,64.71
Chirag Jaggi,FULL-TIME,EV BIKE,93,0.38,4.07,67.74
Dhruv Brahmbhatt,FULL-TIME,SCOOTER,81,0.42,3.97,70.37
Yasmin Grover,FULL-TIME,VAN,118,0.33,4.19,71.19
Mohanlal Sawhney,FULL-TIME,BIKE,101,0.44,4.01,67.33
Miraya Chakrabarti,CONTRACT,BIKE,125,0.46,3.99,67.20
Manikya Kurian,FULL-TIME,EV BIKE,104,0.57,3.83,57.69
Tara Dhingra,FULL-TIME,BIKE,88,0.35,4.09,72.73
Elakshi Kibe,FULL-TIME,EV BIKE,110,0.54,3.90,61.82
Jayan Chahal,CONTRACT,VAN,113,0.61,3.87,55.75
Siya Chaudhry,CONTRACT,EV BIKE,111,0.46,3.99,66.67
Mishti Kapadia,CONTRACT,VAN,103,0.33,4.07,75.73
Miraya Sastry,FULL-TIME,VAN,86,0.47,3.97,62.79
Manikya Mandal,CONTRACT,BIKE,120,0.42,4.02,64.17
Zeeshan Varma,FULL-TIME,BIKE,118,0.44,3.97,65.25
Kiara Yogi,FULL-TIME,SCOOTER,64,0.45,4.04,68.75
Anahi Luthra,FULL-TIME,VAN,93,0.51,3.88,62.37
Shaan Gade,CONTRACT,VAN,103,0.51,3.89,64.08
Dhruv Behl,FULL-TIME,EV BIKE,113,0.50,3.91,61.06
Faiyaz Ravel,FULL-TIME,BIKE,101,0.51,3.90,60.40
Priyansh Chauhan,FULL-TIME,VAN,115,0.60,3.83,52.17
Jivin Khalsa,FULL-TIME,BIKE,122,0.44,3.97,63.93
Mahika Dhaliwal,CONTRACT,SCOOTER,84,0.45,4.00,66.67
Shanaya Zachariah,FULL-TIME,EV BIKE,85,0.62,3.74,57.65
Lagan Ramesh,FULL-TIME,VAN,65,0.42,4.06,67.69
Tanya Chatterjee,FULL-TIME,SCOOTER,104,0.54,3.94,57.69
Vidur Tailor,FULL-TIME,EV BIKE,86,0.55,3.95,54.65
Ahana  Sangha,CONTRACT,SCOOTER,88,0.45,3.98,60.23
Dharmajan Dada,FULL-TIME,SCOOTER,87,0.45,3.98,67.82
Faiyaz Sem,FULL-TIME,VAN,123,0.55,3.83,60.16
Tanya Bora,CONTRACT,VAN,117,0.37,4.10,70.94
Lakshit Kar,CONTRACT,EV BIKE,61,0.41,4.00,70.49
Hridaan Sodhi,CONTRACT,SCOOTER,95,0.47,3.95,64.21
Diya Doctor,FULL-TIME,SCOOTER,142,0.50,3.97,61.27
Ehsaan Bhatnagar,FULL-TIME,SCOOTER,81,0.48,3.93,64.20
Dhruv Shetty,FULL-TIME,EV BIKE,90,0.38,4.07,68.89
Raunak Anne,FULL-TIME,SCOOTER,143,0.45,4.01,62.24
Shanaya Bhagat,FULL-TIME,BIKE,86,0.40,4.06,69.77
Trisha Rama,FULL-TIME,BIKE,109,0.51,3.92,61.47
Prisha Gala,FULL-TIME,EV BIKE,111,0.41,4.07,68.47
Navya Yogi,CONTRACT,VAN,94,0.36,4.18,69.15
Mahika Mammen,CONTRACT,VAN,108,0.51,4.00,60.19
Mahika Chanda,CONTRACT,VAN,65,0.55,3.95,56.92
Prisha Khanna,FULL-TIME,VAN,105,0.36,4.08,70.48
Adira Kumer,FULL-TIME,EV BIKE,134,0.40,4.10,66.42
Uthkarsh Dutta,CONTRACT,EV BIKE,141,0.45,4.01,66.67
Raghav Vala,FULL-TIME,VAN,78,0.37,4.12,67.95
Zaina Sant,FULL-TIME,SCOOTER,102,0.32,4.15,73.53
Myra Joshi,FULL-TIME,BIKE,95,0.47,3.97,66.32
Gatik Karpe,CONTRACT,VAN,102,0.48,3.97,61.76
Alisha Konda,CONTRACT,EV BIKE,84,0.44,3.95,67.86
Vivaan Rastogi,CONTRACT,VAN,125,0.54,3.86,60.80
Ishita Loke,CONTRACT,SCOOTER,110,0.49,3.99,64.55
Aarush Kari,FULL-TIME,VAN,89,0.47,3.97,65.17
Samarth Sood,CONTRACT,SCOOTER,99,0.42,4.00,68.69
Aaryahi Amble,FULL-TIME,BIKE,89,0.44,3.93,67.42
Suhana Karnik,CONTRACT,BIKE,96,0.47,3.95,64.58
Kabir Srinivasan,CONTRACT,EV BIKE,95,0.46,4.03,64.21
Kaira Gopal,CONTRACT,EV BIKE,75,0.43,3.93,68.00
Anvi Chatterjee,FULL-TIME,BIKE,115,0.52,3.86,63.48
Khushi Batra,FULL-TIME,BIKE,118,0.50,3.89,60.17
Manikya Dara,FULL-TIME,BIKE,83,0.46,4.00,65.06
Kimaya Dube,CONTRACT,SCOOTER,93,0.43,4.00,65.59
Tejas Bhakta,CONTRACT,EV BIKE,110,0.46,4.03,62.73
Uthkarsh Kaul,CONTRACT,EV BIKE,109,0.55,3.85,57.80
Mohanlal Desai,FULL-TIME,EV BIKE,117,0.47,4.06,60.68
Neelofar Trivedi,FULL-TIME,SCOOTER,83,0.43,3.92,66.27
Dhanush Gupta,CONTRACT,SCOOTER,103,0.39,4.03,70.87
Tushar Sahota,CONTRACT,SCOOTER,120,0.43,4.01,63.33
Azad Baral,CONTRACT,BIKE,116,0.52,3.92,56.03
Ritvik Srivastava,FULL-TIME,SCOOTER,126,0.57,3.87,57.14
Arhaan Sahni,CONTRACT,EV BIKE,99,0.39,4.05,66.67
Yashvi Kunda,FULL-TIME,SCOOTER,89,0.46,3.94,64.04
Aaina Grover,FULL-TIME,EV BIKE,103,0.38,4.02,67.96
Samarth Divan,FULL-TIME,SCOOTER,132,0.39,4.06,68.94
Kaira Badal,CONTRACT,EV BIKE,95,0.37,4.15,71.58
Mamooty Sankaran,FULL-TIME,SCOOTER,105,0.48,3.91,63.81
Himmat Golla,FULL-TIME,BIKE,118,0.43,4.00,66.10
Ahana  Master,CONTRACT,SCOOTER,86,0.45,3.94,61.63
Anya Raj,CONTRACT,VAN,154,0.49,3.97,62.99
Shray Sanghvi,FULL-TIME,VAN,105,0.44,4.06,66.67
Uthkarsh Mahajan,FULL-TIME,VAN,123,0.40,4.06,67.48
Uthkarsh Tella,CONTRACT,SCOOTER,127,0.39,4.10,67.72
Yuvraj  Bedi,FULL-TIME,EV BIKE,88,0.41,4.00,65.91
Renee Khosla,CONTRACT,EV BIKE,117,0.56,3.89,56.41
Tiya De,CONTRACT,SCOOTER,157,0.41,4.06,68.15
Lakshit Mangat,CONTRACT,BIKE,93,0.38,4.11,67.74
Tejas Kaul,FULL-TIME,SCOOTER,99,0.38,4.08,70.71
Gokul Mammen,CONTRACT,SCOOTER,128,0.41,4.05,66.41
Umang Bhatt,FULL-TIME,SCOOTER,100,0.39,4.11,69.00
Yakshit Bhatnagar,CONTRACT,SCOOTER,105,0.45,3.96,66.67
Vedika Sangha,CONTRACT,VAN,100,0.41,4.02,68.00
Ojas Kala,CONTRACT,VAN,119,0.49,4.00,60.50
Devansh Lal,FULL-TIME,BIKE,119,0.41,4.04,69.75
Elakshi Kaur,FULL-TIME,VAN,100,0.49,3.95,64.00
Mahika Talwar,CONTRACT,VAN,82,0.51,3.91,57.32
Badal Borra,FULL-TIME,VAN,92,0.52,3.96,55.43
Khushi Venkataraman,CONTRACT,VAN,86,0.50,3.93,61.63
Parinaaz Chokshi,FULL-TIME,SCOOTER,116,0.40,4.10,65.52
Kimaya Buch,CONTRACT,SCOOTER,131,0.39,4.06,67.18
Ehsaan Kalita,CONTRACT,SCOOTER,122,0.52,3.86,59.84
Rasha Brar,FULL-TIME,EV BIKE,90,0.47,3.93,65.56
Jivika Rajan,FULL-TIME,EV BIKE,150,0.38,4.13,70.00
Vardaniya Konda,CONTRACT,EV BIKE,93,0.54,3.91,58.06
Indranil Jhaveri,CONTRACT,EV BIKE,102,0.44,3.96,64.71
Prisha Mangal,FULL-TIME,SCOOTER,83,0.42,3.94,68.67
Kashvi Date,FULL-TIME,BIKE,116,0.42,3.98,67.24
Indrajit Sodhi,FULL-TIME,VAN,98,0.42,4.06,67.35
Priyansh Reddy,CONTRACT,VAN,104,0.44,4.02,66.35
Rhea Mand,CONTRACT,EV BIKE,141,0.47,4.03,63.83
Yuvaan Dubey,CONTRACT,SCOOTER,96,0.34,4.10,70.83
Mehul Chander,CONTRACT,VAN,119,0.46,3.99,66.39
Romil Som,CONTRACT,BIKE,109,0.36,4.10,74.31
Suhana Taneja,CONTRACT,SCOOTER,126,0.32,4.14,76.19
Heer Mammen,CONTRACT,VAN,106,0.50,4.00,62.26
Lakshay Varty,CONTRACT,SCOOTER,129,0.39,4.05,70.54
Divij Garg,CONTRACT,VAN,144,0.51,3.95,58.33
Krish Chana,CONTRACT,EV BIKE,104,0.47,3.98,63.46
Anay Gulati,CONTRACT,BIKE,107,0.42,3.98,67.29
Kabir Bhagat,FULL-TIME,BIKE,143,0.52,3.89,62.94
Samar Sekhon,CONTRACT,BIKE,87,0.37,4.13,71.26
Vivaan Warrior,FULL-TIME,EV BIKE,134,0.46,4.01,62.69
Nitara Butala,CONTRACT,BIKE,101,0.45,4.02,64.36
Keya Thakkar,CONTRACT,EV BIKE,92,0.54,3.81,53.26
Yashvi Dyal,FULL-TIME,SCOOTER,96,0.53,3.85,57.29
Ira Bobal,CONTRACT,SCOOTER,122,0.39,4.07,71.31
Rohan Suresh,CONTRACT,VAN,86,0.41,4.00,63.95
Damini Vohra,CONTRACT,VAN,80,0.53,3.96,57.50
Rasha Manda,CONTRACT,SCOOTER,122,0.40,4.01,71.31
Misha Kurian,FULL-TIME,BIKE,87,0.49,3.93,60.92
Nitya Dhaliwal,CONTRACT,BIKE,106,0.44,4.03,62.26
Mohanlal Wadhwa,FULL-TIME,BIKE,121,0.37,4.10,68.60
Charvi Bhatia,FULL-TIME,EV BIKE,111,0.41,4.02,68.47
Zain Dey,CONTRACT,BIKE,108,0.54,3.88,60.19
Tejas Suresh,CONTRACT,SCOOTER,100,0.49,3.94,65.00
Oorja Tandon,FULL-TIME,SCOOTER,119,0.49,3.93,62.18
Shayak Bedi,FULL-TIME,EV BIKE,122,0.41,4.03,66.39
Misha Dasgupta,CONTRACT,VAN,94,0.47,3.97,60.64
Adah Suri,FULL-TIME,VAN,83,0.48,3.97,62.65
Gokul Wason,FULL-TIME,SCOOTER,105,0.43,4.02,67.62
Diya Garde,CONTRACT,BIKE,107,0.52,3.90,58.88
Saksham Koshy,CONTRACT,EV BIKE,110,0.45,4.01,65.45
Vidur Ben,CONTRACT,EV BIKE,96,0.45,3.99,67.71
Ranbir Kant,FULL-TIME,EV BIKE,102,0.45,4.01,61.76
Damini Bath,CONTRACT,BIKE,93,0.40,4.08,67.74
Urvi Toor,FULL-TIME,BIKE,90,0.49,3.92,64.44
Pihu Kala,CONTRACT,VAN,98,0.49,3.95,65.31
Indranil Baral,CONTRACT,SCOOTER,100,0.43,4.04,67.00
Lagan Madan,FULL-TIME,SCOOTER,128,0.49,3.99,64.84
Aaryahi Kuruvilla,FULL-TIME,EV BIKE,119,0.40,4.03,68.07
Neysa Babu,FULL-TIME,EV BIKE,119,0.55,3.85,59.66
Dharmajan Tak,CONTRACT,SCOOTER,101,0.47,4.02,66.34
Aarav Dave,CONTRACT,SCOOTER,113,0.48,3.99,59.29
Shalv Kar,FULL-TIME,BIKE,96,0.44,4.01,67.71
Emir Kata,FULL-TIME,BIKE,105,0.56,3.90,58.10
Rasha Karpe,CONTRACT,SCOOTER,106,0.45,4.01,62.26
Shayak Bhalla,CONTRACT,BIKE,135,0.49,3.99,62.96
Sahil Chaudhuri,CONTRACT,EV BIKE,85,0.62,3.82,51.76
Ivana Dhillon,FULL-TIME,VAN,109,0.39,4.03,69.72
Miraya Luthra,FULL-TIME,BIKE,82,0.55,3.90,58.54
Azad Ravel,FULL-TIME,EV BIKE,91,0.44,3.97,71.43
Ivana Bumb,CONTRACT,BIKE,99,0.36,4.13,70.71
Kiara Chaudhry,FULL-TIME,VAN,113,0.50,3.93,61.06
Vihaan Dutt,FULL-TIME,VAN,119,0.46,3.97,64.71
Samiha Tandon,FULL-TIME,EV BIKE,118,0.38,4.04,70.34
Shanaya Bhargava,FULL-TIME,VAN,116,0.45,3.99,68.10
Bhavin Kumar,CONTRACT,EV BIKE,126,0.49,3.92,59.52
Eshani Raju,FULL-TIME,VAN,84,0.51,3.89,59.52
Madhup Suresh,FULL-TIME,BIKE,100,0.42,4.02,68.00
Hansh Rajagopal,CONTRACT,VAN,80,0.63,3.80,53.75
Siya Mandal,FULL-TIME,SCOOTER,96,0.47,4.04,63.54
Miraan Dar,CONTRACT,BIKE,88,0.50,3.96,61.36
Baiju Viswanathan,CONTRACT,BIKE,101,0.45,3.94,66.34
Renee Krish,FULL-TIME,VAN,94,0.52,3.86,60.64
Renee Bajaj,CONTRACT,SCOOTER,95,0.37,4.08,67.37
Ehsaan Sibal,CONTRACT,SCOOTER,106,0.42,4.04,63.21
Mannat Bhatti,FULL-TIME,VAN,90,0.49,3.95,61.11
Renee Dey,CONTRACT,VAN,135,0.50,3.91,63.70
Zaina Desai,FULL-TIME,EV BIKE,114,0.46,4.00,65.79
Gokul Atwal,CONTRACT,SCOOTER,84,0.44,4.00,64.29
Hunar Chaudhry,FULL-TIME,SCOOTER,86,0.38,4.09,69.77
Rohan Banerjee,FULL-TIME,SCOOTER,96,0.51,3.91,62.50
Prisha Madan,FULL-TIME,VAN,87,0.49,3.97,60.92
Samar Dass,FULL-TIME,EV BIKE,111,0.40,4.03,66.67
Arnav Kala,FULL-TIME,VAN,100,0.48,3.93,62.00
Tushar Saraf,FULL-TIME,EV BIKE,86,0.52,3.90,60.47
Sahil Khatri,FULL-TIME,BIKE,118,0.35,4.13,73.73
Khushi Sharaf,FULL-TIME,BIKE,115,0.41,4.00,68.70
Drishya Sinha,FULL-TIME,SCOOTER,126,0.45,4.00,65.08
Nirvaan Wason,FULL-TIME,EV BIKE,82,0.33,4.16,70.73
Vritika Khare,FULL-TIME,SCOOTER,103,0.42,4.04,66.02
Neysa Dutt,FULL-TIME,EV BIKE,79,0.48,4.00,62.03
Saira Gill,FULL-TIME,EV BIKE,112,0.38,4.12,70.54
Dhanuk Chacko,FULL-TIME,VAN,80,0.46,4.00,63.75
Emir Seth,CONTRACT,VAN,109,0.45,4.03,64.22
Vritika Yadav,FULL-TIME,VAN,86,0.48,3.94,59.30
Tejas Halder,FULL-TIME,BIKE,119,0.50,3.89,61.34
Jivika Lal,CONTRACT,SCOOTER,118,0.42,4.06,67.80
Raghav Ramanathan,CONTRACT,VAN,84,0.51,3.98,58.33
Sara Aggarwal,CONTRACT,EV BIKE,121,0.46,3.98,64.46
Sahil Apte,CONTRACT,BIKE,91,0.48,3.91,60.44
Tanya Barad,CONTRACT,SCOOTER,111,0.42,4.05,63.96
Lakshit Kapadia,CONTRACT,EV BIKE,98,0.42,4.03,66.33
Yashvi Setty,CONTRACT,VAN,99,0.46,3.92,62.63
Amira Garde,CONTRACT,SCOOTER,104,0.40,4.06,64.42
Tara Gola,FULL-TIME,SCOOTER,86,0.38,3.99,74.42
Shanaya Garde,CONTRACT,VAN,95,0.55,3.88,57.89
Yuvaan Kale,FULL-TIME,SCOOTER,103,0.37,4.09,70.87
Vihaan Rattan,FULL-TIME,SCOOTER,108,0.40,4.02,71.30
Ivana Yogi,CONTRACT,BIKE,86,0.49,3.91,61.63
Devansh Sura,FULL-TIME,VAN,112,0.44,4.04,64.29
Indrans Sagar,CONTRACT,EV BIKE,147,0.37,4.10,70.75
Kismat Randhawa,FULL-TIME,VAN,91,0.49,3.89,60.44
Zara Kale,CONTRACT,EV BIKE,73,0.44,3.98,67.12
Zoya Bhargava,FULL-TIME,VAN,102,0.48,4.00,62.75
Jivin Anand,CONTRACT,BIKE,89,0.70,3.73,47.19
Anya Ahuja,FULL-TIME,BIKE,83,0.46,3.99,66.27
Samarth Suri,FULL-TIME,VAN,93,0.41,4.10,66.67
Dhruv Chopra,CONTRACT,BIKE,137,0.53,3.88,59.12
Baiju Sen,FULL-TIME,EV BIKE,115,0.41,4.08,66.09
Suhana Lad,FULL-TIME,EV BIKE,95,0.41,4.08,66.32
Yasmin Khare,CONTRACT,SCOOTER,108,0.42,4.11,68.52
Raghav Kant,CONTRACT,VAN,104,0.63,3.87,54.81
Vivaan Cherian,CONTRACT,VAN,80,0.55,3.88,57.50
Ojas Kalla,CONTRACT,SCOOTER,102,0.41,4.04,66.67
Suhana Ravel,FULL-TIME,EV BIKE,81,0.40,4.06,69.14
Anaya Sinha,FULL-TIME,VAN,131,0.37,4.10,68.70
Vedika Manne,FULL-TIME,EV BIKE,86,0.41,4.03,67.44
Chirag Rajagopal,CONTRACT,BIKE,81,0.52,4.02,61.73
Purab Korpal,FULL-TIME,SCOOTER,94,0.51,3.91,60.64
Anvi Bakshi,CONTRACT,BIKE,113,0.54,3.92,61.95
Kiara Kurian,CONTRACT,SCOOTER,102,0.45,3.98,65.69
Nirvi Swamy,FULL-TIME,EV BIKE,104,0.42,4.02,67.31
Kiara Mangal,CONTRACT,EV BIKE,89,0.58,3.87,59.55
Nirvaan Vora,CONTRACT,BIKE,93,0.43,4.07,66.67
Pari Dutta,FULL-TIME,EV BIKE,85,0.51,3.93,61.18
Gatik Kala,FULL-TIME,SCOOTER,85,0.39,4.07,70.59
Shayak Gupta,FULL-TIME,SCOOTER,89,0.53,3.91,58.43
Badal Mander,FULL-TIME,SCOOTER,113,0.40,4.14,68.14
Divit Sachdev,FULL-TIME,EV BIKE,98,0.39,4.07,69.39
Trisha Thaman,CONTRACT,BIKE,88,0.55,3.87,55.68
Suhana Chowdhury,CONTRACT,BIKE,108,0.51,4.00,62.96
Lakshit Bhandari,CONTRACT,BIKE,106,0.51,3.90,61.32
Baiju Chakraborty,CONTRACT,VAN,121,0.39,4.11,66.12
Abram Soman,FULL-TIME,EV BIKE,109,0.45,4.08,68.81
Ryan Khurana,FULL-TIME,EV BIKE,97,0.36,4.08,69.07
Anvi Batta,CONTRACT,VAN,116,0.47,3.98,63.79
Aayush Lall,CONTRACT,EV BIKE,107,0.45,3.99,62.62
Alia Mangal,FULL-TIME,EV BIKE,145,0.41,4.07,68.97
Arhaan Soman,CONTRACT,VAN,125,0.54,3.92,57.60
Inaaya  Zachariah,FULL-TIME,BIKE,92,0.47,4.04,61.96
Jayesh Baria,FULL-TIME,VAN,102,0.47,3.96,61.76
Hazel Kota,FULL-TIME,BIKE,110,0.33,4.13,73.64
Vidur Agrawal,CONTRACT,VAN,94,0.39,4.09,65.96
Miraya Kibe,FULL-TIME,BIKE,126,0.52,3.91,59.52
Yuvraj  Tiwari,FULL-TIME,EV BIKE,78,0.55,3.89,58.97
Eva Edwin,CONTRACT,SCOOTER,99,0.47,3.92,62.63
Anya Gandhi,FULL-TIME,EV BIKE,107,0.42,3.97,67.29
Samiha Majumdar,CONTRACT,BIKE,117,0.47,3.99,63.25
Yuvaan Madan,CONTRACT,EV BIKE,112,0.38,4.07,70.54
Piya Ben,CONTRACT,SCOOTER,88,0.41,4.03,67.05
Anika Saxena,CONTRACT,VAN,75,0.61,3.84,53.33
Hunar Dani,CONTRACT,VAN,109,0.40,4.07,66.97
Samiha Sinha,FULL-TIME,SCOOTER,74,0.47,3.99,60.81
Amira Kale,FULL-TIME,SCOOTER,130,0.35,4.07,71.54
Alisha Goswami,CONTRACT,EV BIKE,113,0.43,3.97,63.72
Nirvaan Srivastava,CONTRACT,VAN,87,0.48,4.02,60.92
Parinaaz Grewal,CONTRACT,SCOOTER,123,0.48,3.96,60.98
Rania Mangat,CONTRACT,SCOOTER,113,0.44,3.98,66.37
Hunar Kalla,FULL-TIME,EV BIKE,99,0.54,3.96,55.56
Indranil Goyal,CONTRACT,EV BIKE,89,0.44,3.96,62.92
Keya Bora,FULL-TIME,EV BIKE,94,0.46,3.94,64.89
Saira Chandran,CONTRACT,EV BIKE,94,0.36,4.13,74.47
Tarini Talwar,CONTRACT,VAN,99,0.62,3.76,54.55
Nayantara Choudhary,CONTRACT,EV BIKE,102,0.41,4.04,67.65
Aayush Banerjee,FULL-TIME,EV BIKE,94,0.51,3.93,62.77
Badal Sen,FULL-TIME,SCOOTER,117,0.48,3.98,62.39
Kiara Khurana,FULL-TIME,VAN,171,0.33,4.23,71.93
Mahika Kota,FULL-TIME,SCOOTER,92,0.42,4.07,66.30
Anika Saran,FULL-TIME,SCOOTER,82,0.51,3.94,64.63
Shaan Buch,CONTRACT,EV BIKE,80,0.45,4.00,62.50
Farhan Ganguly,CONTRACT,BIKE,93,0.41,4.07,66.67
Ryan Dugar,FULL-TIME,EV BIKE,101,0.41,4.02,67.33
Ishaan Dewan,CONTRACT,EV BIKE,107,0.47,3.87,67.29
Ritvik Koshy,FULL-TIME,EV BIKE,97,0.51,3.96,61.86
Krish Wagle,CONTRACT,SCOOTER,95,0.55,3.92,61.05
Umang Sangha,CONTRACT,SCOOTER,106,0.44,4.02,65.09
Neelofar Tripathi,CONTRACT,SCOOTER,130,0.46,3.97,63.08
Priyansh Rajan,CONTRACT,SCOOTER,89,0.43,4.03,65.17
