PRODUCT_ID,PRODUCT_NAME,CATEGORY,SUB_CATEGORY,BRAND,PRICE,TOTAL_ORDERS,TOTAL_QUANTITY_SOLD,GROSS_REVENUE,NET_REVENUE,REFUND_AMOUNT,AVG_SELLING_PRICE
PROD000010,NOTHING PHONE (2),ELECTRONICS,MOBILE,NOTHING,44999.00,657,1953,87883047.00,87767106.09,9752065.14,44939.63
PROD000046,FITBIT SENSE 2,ELECTRONICS,SMARTWATCH,FITBIT,19999.00,600,1850,36998150.00,37015825.17,5496907.75,20008.55
PROD000905,HOT GLUE GUN WITH 20 STICKS,STATIONERY,CRAFT MATERIALS,BOSCH,799.00,661,1970,1574030.00,1650410.40,242854.01,837.77
PROD000088,ARC MOUSE BLUETOOTH,ELECTRONICS,COMPUTER ACCESSORIES,MICROSOFT,3999.00,647,1964,7854036.00,7925033.56,896391.00,4035.15
PROD000113,SAREE SILK BLEND,CLOTHING,WOMEN,TANEIRA,4999.00,615,1842,9208158.00,9247387.11,1253198.90,5020.30
PROD000255,KITCHEN CABINET ORGANIZER,HOME,HOME STORAGE,NESTASIA,999.00,625,1865,1863135.00,1928720.67,227295.86,1034.17
PROD000211,NON-STICK COOKWARE SET 5-PIECE,HOME,KITCHEN,PRESTIGE,3499.00,654,1923,6728577.00,6789508.81,846446.49,3530.69
PROD001071,SLIM MINIMALIST WALLET RFID,BAGS & LUGGAGE,WALLETS,SECRID,3999.00,590,1837,7346163.00,7399658.26,884093.03,4028.12
PROD000963,BEADED STRETCH BRACELET SET 7,JEWELLERY,BRACELETS,PIPA BELLA,799.00,654,1957,1563643.00,1638282.76,195677.30,837.14
PROD000520,RUSH HOUR TRAFFIC JAM,TOYS,PUZZLES,THINKFUN,1999.00,597,1791,3580209.00,3646776.97,519235.93,2036.17
PROD000369,V FOR VENDETTA,BOOKS,COMICS,ALAN MOORE / VERTIGO,999.00,604,1832,1830168.00,1899301.58,278381.47,1036.74
PROD000040,JABRA EVOLVE2 55,ELECTRONICS,HEADPHONES,JABRA,21999.00,654,1980,43558020.00,43592823.46,5534450.59,22016.58
PROD001061,TOTE BAG LEATHER MEDIUM,BAGS & LUGGAGE,HANDBAGS,HIDESIGN,4999.00,622,1834,9168166.00,9209730.00,1044548.40,5021.66
PROD000837,PET VITAMIN D3 DROPS,PETS,HEALTHCARE,ZOETIS,349.00,643,1929,673221.00,745763.26,86360.22,386.61
PROD000526,PICTIONARY AIR,TOYS,BOARD GAMES,MATTEL GAMES,2499.00,658,2024,5057976.00,5134207.39,647191.76,2536.66
PROD000435,DART BOARD ELECTRONIC,SPORTS,INDOOR,UNICORN,3999.00,673,2068,8269932.00,8322021.23,1150371.53,4024.19
PROD000765,BOUNCER ROCKER ELECTRIC,BABY,BABY GEAR,FISHER-PRICE,6999.00,682,2023,14158977.00,14173257.98,1813753.26,7006.06
PROD001043,WILDCRAFT BACKPACK 30L,BAGS & LUGGAGE,BACKPACKS,WILDCRAFT,2999.00,627,1828,5482172.00,5547437.34,777921.01,3034.70
PROD001073,ZIP PURSE WOMEN SMALL,BAGS & LUGGAGE,WALLETS,LAVIE,999.00,628,1913,1911087.00,1979715.33,232833.63,1034.87
PROD000151,SHERWANI EMBROIDERED,CLOTHING,ETHNIC WEAR,MANYAVAR,14999.00,603,1817,27253183.00,27225030.63,2873885.75,14983.51
PROD000385,WINGS OF FIRE,BOOKS,BIOGRAPHIES,A.P.J. ABDUL KALAM / ORIENT BLACKSWAN,249.00,596,1745,434505.00,502752.00,50954.41,288.11
PROD001198,SAMSUNG GEAR VR WITH CONTROLLER,GAMING,VR DEVICES,SAMSUNG,3999.00,653,1963,7850037.00,7907819.75,1027405.73,4028.44
PROD000992,BLOCK HEEL SANDAL STRAPPY,FOOTWEAR,WOMEN FOOTWEAR,STEVE MADDEN,5999.00,616,1824,10942176.00,10996961.45,1474307.60,6029.04
PROD000635,DRAGON FRUIT 1 PIECE,GROCERIES,FRUITS,NATURE'S BASKET,199.00,614,1857,369543.00,440460.75,43670.78,237.19
PROD000484,TEETHER RING SILICONE,TOYS,INFANT,SOPHIE LA GIRAFE,999.00,615,1792,1790208.00,1857963.92,218961.91,1036.81
PROD000706,MASSAGE GUN DEEP TISSUE,HEALTH,WELLNESS PRODUCTS,THERAGUN MINI,11999.00,635,1883,22594117.00,22636307.31,2518929.47,12021.41
PROD000038,SOUNDCORE Q45,ELECTRONICS,HEADPHONES,ANKER,4999.00,606,1884,9418116.00,9461794.58,1259843.51,5022.18
PROD000064,LENOVO TAB P12 PRO,ELECTRONICS,TABLETS,LENOVO,54990.00,585,1735,95407650.00,95182838.05,9188560.03,54860.43
PROD000431,TABLE TENNIS TABLE FOLDABLE,SPORTS,INDOOR,STAG,14999.00,612,1793,26893207.00,26881110.33,3355891.87,14992.25
PROD000400,IBPS PO/MT CWE GUIDE,BOOKS,ENTRANCE PREP,DISHA PUBLICATIONS,699.00,642,1921,1342779.00,1418346.74,162324.55,738.34
PROD001124,STAGE CUSTOM BIRCH 5-PIECE,MUSIC & INSTRUMENTS,DRUMS,YAMAHA,124999.00,652,1945,243123055.00,242561100.08,33002627.20,124710.08
PROD000477,FINS SHORT BLADE TRAINING,SPORTS,SWIMMING,TYR,2499.00,592,1762,4403238.00,4459429.62,535918.46,2530.89
PROD001026,REEBOK CLASSIC LEATHER,FOOTWEAR,CASUAL SHOES,REEBOK,6499.00,612,1805,11730695.00,11757837.31,1563234.55,6514.04
PROD000815,PREMIUM ADULT INDOOR CAT 1.5KG,PETS,CAT FOOD,HILLS SCIENCE DIET,2299.00,647,1961,4508339.00,4562402.06,564437.50,2326.57
PROD001223,HIGH-BACK EXECUTIVE CHAIR,OFFICE SUPPLIES,OFFICE CHAIRS,FEATHERLITE,19999.00,618,1863,37258137.00,37297409.21,4767515.47,20020.08
PROD000209,DISHWASHER 12-PLACE SETTING,HOME,APPLIANCES,BOSCH,42990.00,638,1850,79531500.00,79270508.37,10941164.75,42848.92
PROD000337,1984,BOOKS,FICTION,GEORGE ORWELL / PENGUIN,249.00,618,1874,466626.00,538784.51,70183.00,287.51
PROD000183,QUEEN SIZE BED WITH STORAGE,HOME,FURNITURE,HOMETOWN,28999.00,566,1645,47703355.00,47708655.27,6553828.99,29002.22
PROD001099,EYE MASK & EARPLUGS KIT,BAGS & LUGGAGE,TRAVEL KITS,LEWIS N. CLARK,699.00,641,1917,1339983.00,1412959.33,197936.68,737.07
PROD000491,LEGO CLASSIC CREATIVE SET 484 PCS,TOYS,EDUCATIONAL,LEGO,4999.00,619,1869,9343131.00,9360276.93,1220939.99,5008.17
PROD001034,WINGTIP SPECTATOR TWO-TONE,FOOTWEAR,FORMAL SHOES,ALLEN EDMONDS,28000.00,602,1862,52136000.00,52160467.79,6484023.00,28013.14
PROD000977,FASTRACK BIKERS CHRONOGRAPH,JEWELLERY,WATCHES,FASTRACK,3995.00,655,1938,7742310.00,7799628.73,1131321.53,4024.58
PROD001204,NINTENDO ESHOP RS.3000 CARD,GAMING,GAME CODES,NINTENDO,3000.00,638,1900,5700000.00,5765602.91,666628.94,3034.53
PROD000807,DIGEST SENSITIVE DRY FOOD 1.5KG,PETS,DOG FOOD,HILLS SCIENCE DIET,2499.00,663,1971,4925529.00,4983062.80,592072.75,2528.19
PROD001160,SV-150 ELECTRIC BLUE VIOLIN,MUSIC & INSTRUMENTS,VIOLINS,YAMAHA,79999.00,649,1944,155518056.00,155354053.94,21780012.08,79914.64
PROD000015,ASUS ROG ZEPHYRUS G14,ELECTRONICS,LAPTOP,ASUS,139990.00,623,1854,259541460.00,258544719.48,29800533.70,139452.38
PROD000248,QUILTED MATTRESS TOPPER,HOME,BEDDINGS,SPACES,2999.00,628,1928,5782072.00,5824977.49,739960.78,3021.25
PROD001016,GEL-RESOLUTION 9 TENNIS,FOOTWEAR,SPORTS SHOES,ASICS,12999.00,612,1880,24438120.00,24388592.95,2990774.24,12972.66
PROD000467,CYCLE TYRE 26X2.1,SPORTS,CYCLING,SCHWALBE,1299.00,599,1835,2383665.00,2454990.38,315305.71,1337.87
PROD000657,BANANA WALNUT MUFFIN PACK OF 4,GROCERIES,BAKERY,DUNZO BAKERY,199.00,640,1959,389841.00,463522.85,45411.02,236.61
PROD000329,HOT AIR BRUSH ROTATING,BEAUTY,GROOMING TOOLS,REMINGTON,3499.00,616,1961,6861539.00,6931423.84,1021688.78,3534.64
PROD001258,CREPE PAPER CRAFT ROLLS,OFFICE SUPPLIES,PAPER SUPPLIES,DELI,199.00,629,1880,374120.00,446585.81,46580.35,237.55
PROD000902,ORIGAMI PAPER 100 SHEETS,STATIONERY,CRAFT MATERIALS,TUTTLE PUBLISHING,399.00,614,1810,722190.00,792253.85,110295.85,437.71
PROD000479,EAR PLUGS SILICONE SWIM,SPORTS,SWIMMING,ZOGGS,299.00,631,1845,551655.00,623543.61,85934.98,337.96
PROD001213,ECOTANK ET-2850 INKJET,OFFICE SUPPLIES,PRINTERS,EPSON,19999.00,642,1936,38718064.00,38728308.71,4818763.41,20004.29
PROD001014,COURT ZOOM PRO TENNIS,FOOTWEAR,SPORTS SHOES,NIKE,8995.00,577,1744,15687280.00,15730666.63,2027685.79,9019.88
PROD001224,ERGONOMIC CHAIR E1,OFFICE SUPPLIES,OFFICE CHAIRS,DURIAN,12999.00,638,1912,24854088.00,24812488.92,3295701.41,12977.24
PROD000214,MIXER GRINDER 750W,HOME,KITCHEN,BUTTERFLY,3499.00,650,1952,6830048.00,6883031.41,864898.92,3526.14
PROD000474,KICKBOARD TRAINING AID,SPORTS,SWIMMING,FINIS,999.00,610,1848,1846152.00,1913817.39,247941.89,1035.62
PROD000125,SCHOOL UNIFORM SHIRT,CLOTHING,KIDS,NUMERO UNO,549.00,596,1732,950868.00,1017877.33,139038.72,587.69
PROD000517,FLOOR PUZZLE 36PCS ANIMALS,TOYS,PUZZLES,MELISSA & DOUG,799.00,605,1834,1465366.00,1536374.62,213494.10,837.72
PROD000630,ZUCCHINI GREEN 500G,GROCERIES,VEGETABLES,NATURE'S BASKET,79.00,635,1882,148678.00,222137.96,19118.70,118.03
PROD000570,WINDSHIELD FLYSCREEN DARK,AUTOMOTIVE,MOTORBIKE ACCESSORIES,PUIG,3499.00,666,1996,6984004.00,7054496.35,1154992.23,3534.32
PROD000549,GESTURE CONTROLLED ROBOT,TOYS,REMOTE CONTROL TOYS,MEKAMON,6999.00,632,1918,13424082.00,13449435.42,1948883.54,7012.22
PROD000372,THE 7 HABITS OF HIGHLY EFFECTIVE PEOPLE,BOOKS,SELF-HELP,STEPHEN COVEY / SIMON & SCHUSTER,499.00,651,2009,1002491.00,1074625.39,104183.96,534.91
PROD000561,SADDLE BAG PAIR WATERPROOF,AUTOMOTIVE,MOTORBIKE ACCESSORIES,RYNOX,2999.00,610,1871,5611129.00,5673686.95,850391.61,3032.44
PROD000928,STERLING SILVER BANGLE SET 6,JEWELLERY,SILVER,GIVA,1999.00,644,1967,3932033.00,3994968.00,507211.42,2031.00
PROD000741,CERELAC WHEAT 300G STAGE 1,BABY,BABY FOOD,NESTLÉ CERELAC,249.00,629,1864,464136.00,533579.66,54089.36,286.26
PROD000174,SPORTS BRA MEDIUM SUPPORT,CLOTHING,INNERWEAR,NIKE,2495.00,625,1907,4757965.00,4817011.75,653379.22,2525.96
PROD000091,PLAYSTATION 5 DISC EDITION,ELECTRONICS,GAMING CONSOLES,SONY,54990.00,644,1934,106350660.00,106035135.00,14593670.11,54826.85
PROD000887,PROJECT FOLDER ZIPPER A4,STATIONERY,FILES & FOLDERS,POPPIN,699.00,619,1914,1337886.00,1406640.19,198354.66,734.92
PROD000455,HOCKEY STICK CARBON FIBRE,SPORTS,SPORTS EQUIPMENT,GRAYS,3999.00,673,1987,7946013.00,8008958.94,1005844.56,4030.68
PROD000575,"TORQUE WRENCH 1/2"" DRIVE",AUTOMOTIVE,TOOLS,BAHCO,3499.00,630,1956,6844044.00,6911202.01,970546.28,3533.33
PROD000901,EVA FOAM SHEETS 10-COLOR,STATIONERY,CRAFT MATERIALS,FLAIR,299.00,607,1843,551057.00,621974.44,68552.31,337.48
PROD000196,TABLE CLOCK VINTAGE,HOME,DECOR,SEIKO,2499.00,614,1809,4520691.00,4592294.99,518931.30,2538.58
PROD000136,LOAFERS SLIP-ON,CLOTHING,FOOTWEAR,HUSH PUPPIES,3999.00,668,1979,7914021.00,7969872.71,1008827.45,4027.22
PROD000565,USB PHONE CHARGER FOR BIKE,AUTOMOTIVE,MOTORBIKE ACCESSORIES,OXFORD,999.00,673,2049,2046951.00,2117333.27,302037.55,1033.35
PROD000322,FLAT IRON CERAMIC PLATES,BEAUTY,GROOMING TOOLS,VEGA,1799.00,607,1896,3410904.00,3476921.50,317214.63,1833.82
PROD000062,GALAXY TAB S9 ULTRA,ELECTRONICS,TABLETS,SAMSUNG,108999.00,614,1819,198269181.00,198254209.66,31804470.47,108990.77
PROD000847,CAT COMB FLEA STAINLESS,PETS,GROOMING,JW PET,399.00,606,1815,724185.00,793460.60,96260.74,437.17
PROD000810,DENTAL TREATS 180G,PETS,DOG FOOD,GREENIES,799.00,641,1960,1566040.00,1636564.04,219577.33,834.98
PROD000343,THE SUBTLE ART OF NOT GIVING A F*CK,BOOKS,NON-FICTION,MARK MANSON / HARPERCOLLINS,399.00,589,1824,727776.00,796595.57,79036.61,436.73
PROD000360,LUCENT GENERAL KNOWLEDGE 2024,BOOKS,EDUCATIONAL,LUCENT PUBLICATIONS,299.00,594,1794,536406.00,602823.43,62304.88,336.02
PROD000535,GIRAFFE SOFT TOY 60CM,TOYS,SOFT TOYS,MELISSA & DOUG,1999.00,614,1858,3714142.00,3775780.11,391788.08,2032.17
PROD000602,BRU GOLD COFFEE 200G,GROCERIES,BEVERAGES,BRU,329.00,621,1864,613256.00,683071.20,86594.24,366.45
PROD001183,STEELSERIES APEX PRO TKL KEYBOARD,GAMING,GAMING ACCESSORIES,STEELSERIES,14999.00,627,1917,28753083.00,28756622.07,3333643.18,15000.85
PROD000098,ATARI VCS 800,ELECTRONICS,GAMING CONSOLES,ATARI,24999.00,636,1873,46823127.00,46773708.15,6468898.80,24972.62
PROD000118,DENIM JACKET OVERSIZE,CLOTHING,WOMEN,H&M,2999.00,603,1832,5494168.00,5558359.92,790523.08,3034.04
PROD000969,ADJUSTABLE CRYSTAL BANGLE,JEWELLERY,BRACELETS,SUKKHI,599.00,678,2089,1251311.00,1327326.18,151724.67,635.39
PROD000548,RC EXCAVATOR CONSTRUCTION,TOYS,REMOTE CONTROL TOYS,DOUBLE E,4499.00,628,1901,8552599.00,8603954.98,993500.98,4526.02
PROD000798,BREASTMILK STORAGE BAGS 25PCS,BABY,FEEDING ESSENTIALS,MEDELA,699.00,617,1857,1298043.00,1368420.33,152221.74,736.90
PROD000297,1 MILLION EDT 100ML,BEAUTY,FRAGRANCE,PACO RABANNE,7500.00,639,1937,14527500.00,14595079.56,1954937.40,7534.89
PROD001226,BUDGET OFFICE CHAIR OC001,OFFICE SUPPLIES,OFFICE CHAIRS,NILKAMAL,6999.00,612,1822,12752178.00,12757355.22,2067525.66,7001.84
PROD000800,STERILIZER STEAM ELECTRIC 6-BOTTLE,BABY,FEEDING ESSENTIALS,PHILIPS AVENT,4999.00,673,2045,10222955.00,10290284.95,1278908.83,5031.92
PROD000309,TALCUM POWDER 300G,BEAUTY,PERSONAL CARE,PONDS,179.00,607,1849,330971.00,402713.96,42078.96,217.80
PROD000071,SOUNDBAR HW-Q990C,ELECTRONICS,SPEAKERS,SAMSUNG,79990.00,650,1980,158380200.00,158010948.85,18228560.37,79803.51
PROD000102,CLASSIC OXFORD SHIRT,CLOTHING,MEN,ALLEN SOLLY,1799.00,615,1904,3425296.00,3488865.38,463906.11,1832.39
PROD000498,JUNIOR CODING KIT,TOYS,EDUCATIONAL,KANO,4999.00,598,1788,8938212.00,8958663.89,1061635.84,5010.44
PROD000931,OXIDISED CHOKER NECKLACE SET,JEWELLERY,FASHION JEWELLERY,ZAVERI PEARLS,599.00,623,1821,1090779.00,1157785.48,122494.37,635.80
PROD000203,MICROWAVE OVEN CONVECTION 28L,HOME,APPLIANCES,IFB,12990.00,668,2040,26499600.00,26487126.55,3545166.53,12983.89
PROD000640,WATERMELON WHOLE,GROCERIES,FRUITS,FRESHO,199.00,637,1938,385662.00,457975.53,54359.56,236.31
PROD000835,EYE DROPS PET ANTIBIOTIC,PETS,HEALTHCARE,CIPLA VET,149.00,682,2090,311410.00,391710.02,39526.56,187.42
PROD000354,WREN & MARTIN ENGLISH GRAMMAR,BOOKS,EDUCATIONAL,WREN & MARTIN / S.CHAND,349.00,620,1797,627153.00,696378.98,90066.83,387.52
PROD000622,BABY SPINACH 200G,GROCERIES,VEGETABLES,FRESHO,59.00,638,1893,111687.00,186870.08,10474.39,98.72
PROD000953,MANGALSUTRA GOLD 22KT 8G,JEWELLERY,NECKLACES,MALABAR GOLD,52000.00,628,1892,98384000.00,98220667.17,12178082.28,51913.67
PROD000050,FIRE-BOLTT PHOENIX ULTRA,ELECTRONICS,SMARTWATCH,FIRE-BOLTT,4499.00,640,1956,8800044.00,8826724.30,1070213.69,4512.64
PROD000110,LINEN KURTA,CLOTHING,MEN,MANYAVAR,2499.00,686,2094,5232906.00,5297649.93,485326.31,2529.92
PROD000501,IRON MAN MARK 85 FIGURE 30CM,TOYS,ACTION FIGURES,HOT TOYS,14999.00,626,1833,27493167.00,27474910.99,3459822.28,14989.04
PROD000293,CHANEL NO.5 EDP 100ML,BEAUTY,FRAGRANCE,CHANEL,18000.00,644,1945,35010000.00,35002718.77,4260819.78,17996.26
PROD000296,OUD WOOD EDP 100ML,BEAUTY,FRAGRANCE,TOM FORD,24000.00,653,1918,46032000.00,45960928.11,6239242.80,23962.94
PROD001038,DERBY SHOE PERFORATED,FOOTWEAR,FORMAL SHOES,U.S. POLO ASSN.,2499.00,646,1874,4683126.00,4740321.52,612701.81,2529.52
PROD000250,BOLSTER PILLOW SET,HOME,BEDDINGS,STORY@HOME,799.00,661,1983,1584417.00,1657848.08,194645.20,836.03
PROD000402,GOODNIGHT MOON,BOOKS,CHILDREN BOOKS,MARGARET WISE BROWN / PAN MACMILLAN,399.00,622,1836,732564.00,806083.62,96429.62,439.04
PROD000935,ARTIFICIAL DIAMOND BANGLES SET 6,JEWELLERY,FASHION JEWELLERY,SUKKHI,699.00,635,1896,1325304.00,1399655.54,154517.31,738.21
PROD001250,SONY VPL-FHZ60 6000L LASER,OFFICE SUPPLIES,PROJECTORS,SONY,499999.00,605,1796,897998204.00,894907877.93,121547966.87,498278.33
PROD000981,AIR FORCE 1 LOW WHITE,FOOTWEAR,MEN FOOTWEAR,NIKE,9995.00,668,1969,19680155.00,19718297.56,2603650.93,10014.37
PROD000340,THE GOD OF SMALL THINGS,BOOKS,FICTION,ARUNDHATI ROY / PENGUIN,299.00,587,1757,525343.00,592791.26,63430.23,337.39
PROD000180,CAMISOLE PACK OF 2,CLOTHING,INNERWEAR,MARKS & SPENCER,999.00,643,1926,1924074.00,2000553.41,281558.11,1038.71
PROD000424,CARABINER LOCKING D-RING,SPORTS,OUTDOOR,BLACK DIAMOND,999.00,621,1865,1863135.00,1927405.76,243432.75,1033.46
PROD000522,MONOPOLY CLASSIC EDITION,TOYS,BOARD GAMES,HASBRO GAMING,1499.00,577,1729,2591771.00,2649754.72,290285.51,1532.54
PROD000258,HANGING ORGANIZER 30 POCKETS,HOME,HOME STORAGE,AMAZONBASICS,599.00,610,1814,1086586.00,1152385.77,134348.04,635.27
PROD001192,PLAYSTATION VR2,GAMING,VR DEVICES,SONY,54990.00,691,2071,113884290.00,113592872.86,15065857.95,54849.29
PROD000200,GEOMETRIC TERRARIUM,HOME,DECOR,NESTASIA,1499.00,684,2060,3087940.00,3159346.46,391968.65,1533.66
PROD000952,DIAMOND PENDANT NECKLACE 0.25CT,JEWELLERY,NECKLACES,ORRA,35000.00,592,1749,61215000.00,61247925.93,7684557.41,35018.83
PROD001257,THERMAL PAPER ROLLS 80MM 20PCS,OFFICE SUPPLIES,PAPER SUPPLIES,GENERIC,499.00,621,1849,922651.00,990836.87,116779.98,535.88
PROD001186,HYPERX CLOUD ALPHA S HEADSET,GAMING,GAMING ACCESSORIES,HYPERX,7999.00,672,2028,16221972.00,16278172.82,1716059.96,8026.71
PROD000466,CYCLE SPEEDOMETER WIRELESS,SPORTS,CYCLING,CATEYE,1499.00,616,1880,2818120.00,2884703.74,403337.91,1534.42
PROD000363,PERSEPOLIS,BOOKS,COMICS,MARJANE SATRAPI / VINTAGE,699.00,605,1816,1269384.00,1335596.69,193495.91,735.46
PROD000152,BANARASI SILK SAREE,CLOTHING,ETHNIC WEAR,TANEIRA,7999.00,595,1818,14542182.00,14536001.38,1579815.58,7995.60
PROD000711,TRIPHALA CHURNA 500G,HEALTH,AYURVEDA,DABUR,199.00,651,2063,410537.00,484958.87,54563.58,235.07
PROD000848,CONDITIONER COAT SHINE SPRAY 200ML,PETS,GROOMING,BIO-GROOM,699.00,580,1762,1231638.00,1295958.08,149272.09,735.50
PROD000539,PENGUIN PLUSH MUSICAL,TOYS,SOFT TOYS,FISHER-PRICE,999.00,596,1801,1799199.00,1865130.57,197704.87,1035.61
PROD000055,"FIRE TV OMNI QLED 65""",ELECTRONICS,TV,AMAZON,89999.00,606,1815,163348185.00,162592993.12,24077595.27,89582.92
PROD000589,CARPLAY WIRELESS ADAPTER,AUTOMOTIVE,CAR ELECTRONICS,CARLINKIT,3999.00,633,1950,7798050.00,7860010.36,953441.21,4030.77
PROD000336,THE KITE RUNNER,BOOKS,FICTION,KHALED HOSSEINI / BLOOMSBURY,349.00,628,1916,668684.00,739652.07,85935.35,386.04
PROD000128,WINTER JACKET PADDED,CLOTHING,KIDS,MOTHERCARE,1999.00,641,1930,3858070.00,3937444.44,647293.64,2040.13
PROD001245,OPTOMA EH400 FULL HD 4000L,OFFICE SUPPLIES,PROJECTORS,OPTOMA,89999.00,647,1982,178378018.00,177630261.05,26316615.60,89621.73
PROD000488,SHAPE SORTER CUBE,TOYS,INFANT,MELISSA & DOUG,1299.00,631,1870,2429130.00,2497260.14,387875.45,1335.43
PROD000569,TANK BAG MAGNETIC 15L,AUTOMOTIVE,MOTORBIKE ACCESSORIES,GIVI,4999.00,595,1859,9293141.00,9320475.46,1354632.32,5013.70
PROD000406,GERONIMO STILTON COLLECTION,BOOKS,CHILDREN BOOKS,SCHOLASTIC,1499.00,570,1696,2542304.00,2603916.17,324820.21,1535.33
PROD000318,BATHROBE TERRY COTTON,BEAUTY,BATH & BODY,TRIDENT,1499.00,633,1935,2900565.00,2968299.31,353501.54,1534.00
PROD000753,COT MOBILE MUSICAL STARS,BABY,TOYS,CLOUD B,2999.00,627,1844,5530156.00,5587663.50,858448.77,3030.19
PROD000695,GLUCOMETER KIT,HEALTH,MEDICAL EQUIPMENT,ACCU-CHEK,1499.00,596,1781,2669719.00,2730550.72,290914.77,1533.16
PROD001148,NEUMANN TLM 102 CONDENSER,MUSIC & INSTRUMENTS,MICROPHONES,NEUMANN,84999.00,603,1829,155463171.00,155160267.70,17749554.51,84833.39
PROD001168,STARFIELD PC GAME PASS,GAMING,PC GAMES,BETHESDA,3499.00,625,1897,6637603.00,6674276.79,866779.26,3518.33
PROD000490,CRIB MOBILE PROJECTOR,TOYS,INFANT,VTECH,2499.00,653,1995,4985505.00,5046616.82,649829.13,2529.63
PROD001152,STUDENT II VIOLIN 3/4,MUSIC & INSTRUMENTS,VIOLINS,STENTOR,7499.00,628,1891,14180609.00,14223831.00,1703988.94,7521.86
PROD001196,PICO 4 256GB ALL-IN-ONE VR,GAMING,VR DEVICES,BYTEDANCE PICO,39999.00,601,1786,71438214.00,71209045.55,9745566.48,39870.69
PROD000048,BOAT ENIGMA X600,ELECTRONICS,SMARTWATCH,BOAT,4499.00,567,1744,7846256.00,7879802.71,1182630.46,4518.24
PROD000660,BISCOTTI ALMOND 150G,GROCERIES,BAKERY,L'OPERA,299.00,649,1934,578266.00,653955.96,74180.99,338.14
PROD000844,DESHEDDING TOOL MEDIUM DOG,PETS,GROOMING,FURMINATOR,3499.00,624,1907,6672593.00,6736661.91,862884.91,3532.60
PROD000286,HAIR MASK HONEY 200ML,BEAUTY,HAIRCARE,GARNIER,299.00,596,1805,539695.00,608559.32,67438.28,337.15
PROD000672,CHICKEN NUGGETS 400G,GROCERIES,FROZEN FOOD,VENKY'S,299.00,610,1872,559728.00,629649.32,71438.33,336.35
PROD000761,STROLLER TRAVEL SYSTEM,BABY,BABY GEAR,CHICCO,24999.00,617,1847,46173153.00,46075407.01,6508471.80,24946.08
PROD001166,THE WITCHER 3 GOTY PC,GAMING,PC GAMES,CD PROJEKT RED,1499.00,648,1957,2933543.00,3000780.39,385816.08,1533.36
PROD001069,BOHO FRINGE BAG,BAGS & LUGGAGE,HANDBAGS,ALDO,3499.00,627,1849,6469651.00,6532540.01,861001.26,3533.01
PROD000547,MINI DRONE WITH CAMERA,TOYS,REMOTE CONTROL TOYS,SYMA,2999.00,621,1892,5674108.00,5740616.46,650146.43,3034.15
PROD000457,VOLLEYBALL BEACH PRO,SPORTS,SPORTS EQUIPMENT,MIKASA,1999.00,601,1849,3696151.00,3749513.99,482307.41,2027.86
PROD001215,WORKFORCE PRO WF-3820,OFFICE SUPPLIES,PRINTERS,EPSON,9999.00,626,1859,18588141.00,18584972.60,2530913.56,9997.30
PROD000047,NOISE COLORFIT ULTRA 3,ELECTRONICS,SMARTWATCH,NOISE,3999.00,601,1847,7386153.00,7457306.71,997660.37,4037.52
PROD000603,MINUTE MAID PULPY ORANGE 1L,GROCERIES,BEVERAGES,MINUTE MAID,99.00,624,1928,190872.00,260594.14,24144.08,135.16
PROD000613,BRITANNIA NUTRICHOICE OATMEAL COOKIES,GROCERIES,SNACKS,BRITANNIA,50.00,664,2017,100850.00,176548.18,13739.36,87.53
PROD000213,AIR FRYER 4.2L,HOME,KITCHEN,PHILIPS,7499.00,629,1907,14300593.00,14348699.97,2075771.61,7524.23
PROD000449,SWEATBAND WRIST PACK OF 2,SPORTS,ATHLETIC WEAR,HEAD,399.00,615,1813,723387.00,793237.99,86992.75,437.53
PROD000256,VACUUM STORAGE BAGS PACK OF 6,HOME,HOME STORAGE,SPACESAVE,799.00,605,1835,1466165.00,1535850.69,198011.64,836.98
PROD000147,STOLE GEORGETTE,CLOTHING,ACCESSORIES,BIBA,799.00,608,1884,1505316.00,1577314.07,148084.73,837.22
PROD000993,PLATFORM SNEAKER WHITE,FOOTWEAR,WOMEN FOOTWEAR,NEW BALANCE 530,9999.00,680,2051,20507949.00,20562237.50,2213080.99,10025.47
PROD000440,TABLE TENNIS BAT BUTTERFLY,SPORTS,INDOOR,BUTTERFLY,2499.00,614,1858,4643142.00,4699921.27,593306.86,2529.56
PROD000003,PIXEL 8 PRO,ELECTRONICS,MOBILE,GOOGLE,106999.00,654,1897,202977103.00,202234416.79,26777226.28,106607.49
PROD000251,STACKABLE STORAGE BOXES SET OF 6,HOME,HOME STORAGE,IKEA,1499.00,606,1797,2693703.00,2762085.29,339343.29,1537.05
PROD000238,PENDANT LIGHT INDUSTRIAL,HOME,LIGHTING,JAINSONS EMPORIO,2999.00,599,1798,5392202.00,5442581.51,535914.49,3027.02
PROD001254,A3 DRAWING CARTRIDGE PAPER 50 SHEETS,OFFICE SUPPLIES,PAPER SUPPLIES,CAMLIN,499.00,575,1726,861274.00,927150.20,111676.25,537.17
PROD000718,GILOY JUICE 1L,HEALTH,AYURVEDA,BAIDYANATH,249.00,637,1923,478827.00,551269.82,56190.35,286.67
PROD000085,"27"" ULTRASHARP MONITOR",ELECTRONICS,COMPUTER ACCESSORIES,DELL,49990.00,616,1829,91431710.00,91105412.61,12751032.79,49811.60
PROD001093,TRAVEL PILLOW MEMORY FOAM,BAGS & LUGGAGE,TRAVEL KITS,CABEAU,3499.00,622,1797,6287703.00,6337881.25,736297.80,3526.92
PROD000232,CHANDELIER 5-LIGHT CEILING,HOME,LIGHTING,CROMPTON,3999.00,620,1876,7502124.00,7539091.33,1162549.83,4018.71
PROD000639,BLUEBERRIES 125G,GROCERIES,FRUITS,FRESHO,299.00,605,1723,515177.00,583844.27,72260.54,338.85
PROD000910,CRAFT WIRE ALUMINUM 3-ROLL,STATIONERY,CRAFT MATERIALS,PEPPERELL,399.00,667,1991,794409.00,869699.51,99549.37,436.82
PROD000608,NESCAFE CLASSIC TIN 200G,GROCERIES,BEVERAGES,NESCAFE,649.00,638,1964,1274636.00,1344964.17,182935.23,684.81
PROD000489,BABY SWING INDOOR,TOYS,INFANT,GRACO,7999.00,631,1901,15206099.00,15269587.29,2226161.84,8032.40
PROD000161,DOWN PUFFER JACKET,CLOTHING,WINTER WEAR,COLUMBIA,12999.00,644,1957,25439043.00,25481056.82,2895484.17,13020.47
PROD000132,STAN SMITH SNEAKERS,CLOTHING,FOOTWEAR,ADIDAS,8999.00,633,1911,17197089.00,17213838.95,1988566.53,9007.77
PROD001189,"240HZ GAMING MONITOR 24.5""",GAMING,GAMING ACCESSORIES,BENQ ZOWIE,44999.00,634,1891,85093109.00,84725468.31,10403911.64,44804.58
PROD001065,CLUTCH EVENING PARTY,BAGS & LUGGAGE,HANDBAGS,CAPRESE,999.00,591,1830,1828170.00,1895236.09,218660.33,1035.65
PROD000459,GOLF CLUB IRON SET 9-PIECE,SPORTS,SPORTS EQUIPMENT,CALLAWAY,49999.00,621,1874,93698126.00,93144507.72,12772632.27,49703.58
PROD001037,LACE-UP SLIP RESISTANT FORMAL,FOOTWEAR,FORMAL SHOES,HUSH PUPPIES,4499.00,617,1896,8530104.00,8576386.22,1145577.31,4523.41
PROD000811,ADULT DRY CAT FOOD TUNA 2KG,PETS,CAT FOOD,ROYAL CANIN,1799.00,629,1922,3457678.00,3522911.83,411090.12,1832.94
PROD000921,PURE SILVER COIN 20G,JEWELLERY,SILVER,MMTC-PAMP,1999.00,637,1919,3836081.00,3897618.97,511165.26,2031.07
PROD000913,18KT GOLD PENDANT WITH CHAIN,JEWELLERY,GOLD,KALYAN JEWELLERS,18000.00,617,1853,33354000.00,33394938.29,4725950.67,18022.09
PROD001024,SUEDE PUMA SNEAKER CLASSIC,FOOTWEAR,CASUAL SHOES,PUMA,6999.00,632,1892,13242108.00,13279990.18,1888920.49,7019.02
PROD000444,SPORTS BRA MAX SUPPORT,SPORTS,ATHLETIC WEAR,UNDER ARMOUR,2999.00,631,1854,5560146.00,5630162.95,662769.91,3036.77
PROD000345,EDUCATED,BOOKS,NON-FICTION,TARA WESTOVER / WINDMILL BOOKS,399.00,618,1891,754509.00,828407.51,89338.84,438.08
PROD000053,"BRAVIA XR A80L 55""",ELECTRONICS,TV,SONY,149990.00,693,2025,303729750.00,302303414.06,41782877.76,149285.64
PROD001147,MV7 PODCAST MICROPHONE,MUSIC & INSTRUMENTS,MICROPHONES,SHURE,19999.00,612,1851,37018149.00,37027676.13,3894206.98,20004.15
PROD001143,C214 LARGE DIAPHRAGM CONDENSER,MUSIC & INSTRUMENTS,MICROPHONES,AKG,29999.00,657,1978,59338022.00,59396563.55,8275756.92,30028.60
PROD000443,COMPRESSION TIGHTS,SPORTS,ATHLETIC WEAR,PUMA,1999.00,619,1818,3634182.00,3691332.44,396811.09,2030.44
PROD000068,ONEPLUS PAD GO,ELECTRONICS,TABLETS,ONEPLUS,19999.00,628,1841,36818159.00,36811909.15,5192066.03,19995.61
PROD000492,MAGNETIC DRAWING BOARD,TOYS,EDUCATIONAL,BOOGIE BOARD,999.00,638,1948,1946052.00,2013590.70,260559.75,1033.67
PROD000719,NEEM CAPSULES 60,HEALTH,AYURVEDA,ORGANIC INDIA,349.00,574,1803,629247.00,695049.22,81684.02,385.50
PROD000938,CHARM BRACELET WITH CHARMS,JEWELLERY,FASHION JEWELLERY,PIPA BELLA,799.00,612,1759,1405441.00,1473864.68,179612.83,837.90
PROD001075,GENUINE LEATHER CARDHOLDER,BAGS & LUGGAGE,WALLETS,HIDESIGN,1499.00,652,1965,2945535.00,3017800.92,446629.67,1535.78
PROD000997,KOLHAPURI HEELED SANDAL,FOOTWEAR,WOMEN FOOTWEAR,PAPDORS,1499.00,679,2045,3065455.00,3131136.97,381041.86,1531.12
PROD000240,SOLAR GARDEN LIGHT PACK OF 4,HOME,LIGHTING,URJA GLOBAL,1299.00,596,1767,2295333.00,2353038.41,298050.73,1331.66
PROD001154,ELECTRIC VIOLIN SILENT SV-200,MUSIC & INSTRUMENTS,VIOLINS,YAMAHA,54999.00,597,1750,96248250.00,95995643.79,13543549.42,54854.65
PROD000253,UNDER-BED STORAGE BAGS PACK OF 3,HOME,HOME STORAGE,SOLIMO,699.00,623,1877,1312023.00,1380436.38,206514.08,735.45
PROD001219,INKJET A3 PRINTER L3558,OFFICE SUPPLIES,PRINTERS,EPSON,18999.00,626,1874,35604126.00,35598196.79,4606741.22,18995.84
PROD000959,TURQUOISE STONE NECKLACE,JEWELLERY,NECKLACES,VOYLLA,899.00,644,1956,1758444.00,1830049.91,207155.30,935.61
PROD000276,CONTOUR STICK DUO,BEAUTY,MAKEUP,NYX,799.00,639,1885,1506115.00,1579980.78,216556.07,838.19
PROD001164,BALDUR'S GATE 3 PC,GAMING,PC GAMES,LARIAN STUDIOS,3499.00,640,1922,6725078.00,6783969.19,993589.74,3529.64
PROD000703,ICE PACK REUSABLE GEL,HEALTH,WELLNESS PRODUCTS,COOL RELIEF,399.00,625,1841,734559.00,805613.83,109738.42,437.60
PROD000339,A LITTLE LIFE,BOOKS,FICTION,HANYA YANAGIHARA / PICADOR,599.00,648,1911,1144689.00,1215913.41,137124.00,636.27
PROD000743,GERBER RICE CEREAL 227G,BABY,BABY FOOD,GERBER,499.00,642,1956,976044.00,1052821.15,110271.87,538.25
PROD000562,HANDLEBAR END MIRRORS,AUTOMOTIVE,MOTORBIKE ACCESSORIES,PUIG,1999.00,656,1975,3948025.00,4016129.50,490572.68,2033.48
PROD001004,SANDAL ADJUSTABLE VELCRO,FOOTWEAR,KIDS FOOTWEAR,KEEN,3999.00,628,1933,7730067.00,7790364.93,989765.10,4030.19
PROD000534,PIKACHU PLUSH 30CM,TOYS,SOFT TOYS,POKÉMON CENTER,1499.00,642,1893,2837607.00,2896732.92,368195.19,1530.23
PROD000515,BRAIN TEASER METAL PUZZLE SET,TOYS,PUZZLES,HANAYAMA,1499.00,646,1899,2846601.00,2915125.18,372572.08,1535.08
PROD000623,SWEET CORN COB PACK OF 4,GROCERIES,VEGETABLES,FRESHO,79.00,634,1904,150416.00,225663.57,15750.51,118.52
PROD000176,SEAMLESS PANTY PACK OF 3,CLOTHING,INNERWEAR,ENAMOR,799.00,602,1774,1417426.00,1483070.95,196234.88,836.00
PROD000381,STEVE JOBS,BOOKS,BIOGRAPHIES,WALTER ISAACSON / SIMON & SCHUSTER,699.00,652,2005,1401495.00,1469236.50,193449.82,732.79
PROD001171,GOD OF WAR RAGNARÖK PS5,GAMING,CONSOLE GAMES,SONY SANTA MONICA,4499.00,630,1830,8233170.00,8295022.45,1028037.76,4532.80
PROD000331,THE MIDNIGHT LIBRARY,BOOKS,FICTION,MATT HAIG / CANONGATE,399.00,612,1847,736953.00,805522.63,97612.53,436.12
PROD000070,NOKIA T21 TABLET,ELECTRONICS,TABLETS,NOKIA,17999.00,639,1898,34162102.00,34161584.24,3796668.56,17998.73
PROD000367,ASTERIX AT THE OLYMPICS,BOOKS,COMICS,GOSCINNY & UDERZO / ORION,499.00,646,1912,954088.00,1027900.91,115371.39,537.61
PROD001176,SPIDER-MAN 2 PS5,GAMING,CONSOLE GAMES,INSOMNIAC / SONY,4499.00,658,1928,8674072.00,8732330.86,1227935.54,4529.22
PROD000818,CAT TREAT CHURU TUBES PACK,PETS,CAT FOOD,INABA CHURU,499.00,630,1857,926643.00,997578.13,112349.52,537.20
PROD000598,MT THUNDER3 PRO FULL FACE,AUTOMOTIVE,HELMETS,MT HELMETS,9999.00,591,1739,17388261.00,17426944.60,2824026.40,10021.24
PROD000468,SADDLE BAG UNDER-SEAT,SPORTS,CYCLING,TOPEAK,999.00,644,1933,1931067.00,2004937.89,219606.01,1037.22
PROD000803,PUPPY DRY FOOD 3KG,PETS,DOG FOOD,DROOLS,799.00,610,1841,1470959.00,1533980.95,197936.30,833.23
PROD000552,DASH CAM 4K WIFI,AUTOMOTIVE,CAR ACCESSORIES,70MAI,6999.00,639,1915,13403085.00,13417166.05,1891755.00,7006.35
PROD001137,YAMAHA HS8 STUDIO MONITOR,MUSIC & INSTRUMENTS,STUDIO EQUIPMENT,YAMAHA,36999.00,683,2032,75181968.00,75194066.63,9701456.92,37004.95
PROD000700,KNEE SUPPORT NEOPRENE,HEALTH,MEDICAL EQUIPMENT,DR. ORTHO,699.00,635,1917,1339983.00,1413579.16,144429.31,737.39
PROD000825,STAINLESS STEEL WATER BOWL,PETS,PET ACCESSORIES,IRIS,499.00,589,1775,885725.00,950892.03,114477.36,535.71
PROD000107,GRAPHIC TEE ROUND NECK,CLOTHING,MEN,H&M,799.00,559,1694,1353506.00,1416109.91,126708.97,835.96
PROD000222,PLANT POTS SET OF 5 CERAMIC,HOME,GARDEN,UGAOO,1299.00,640,1926,2501874.00,2576422.51,419186.64,1337.71
PROD000748,TEETHING BISCUITS VANILLA 130G,BABY,BABY FOOD,FAREX,199.00,563,1740,346260.00,412502.42,39472.76,237.07
PROD000775,BABY POWDER TALC-FREE 100G,BABY,BATH & SKIN CARE,MAMAEARTH,249.00,573,1726,429774.00,496200.87,55850.93,287.49
PROD000793,SILICONE NIPPLE SIZE 2,BABY,FEEDING ESSENTIALS,PIGEON,299.00,600,1773,530127.00,597215.86,71064.21,336.84
PROD001106,IBANEZ RG350DXZ ELECTRIC,MUSIC & INSTRUMENTS,GUITARS,IBANEZ,34999.00,647,1969,68913031.00,68815542.96,7318391.70,34949.49
PROD001230,ACTIVE SITTING BALANCE CHAIR,OFFICE SUPPLIES,OFFICE CHAIRS,GAIAM,4999.00,608,1819,9093181.00,9150992.46,1097219.57,5030.78
PROD000499,SOLAR SYSTEM MODEL KIT,TOYS,EDUCATIONAL,EDU SCIENCE,1499.00,626,1904,2854096.00,2923664.74,333339.35,1535.54
PROD000239,EMERGENCY LIGHT RECHARGEABLE,HOME,LIGHTING,EVEREADY,699.00,598,1794,1254006.00,1317558.70,184260.20,734.43
PROD000819,FREEZE-DRIED CAT TREAT 40G,PETS,CAT FOOD,STELLA & CHEWY,699.00,620,1835,1282665.00,1349055.97,179010.06,735.18
PROD000314,SALT SCRUB COFFEE BODY,BEAUTY,BATH & BODY,MCAFFEINE,599.00,616,1786,1069814.00,1136783.13,145575.01,636.50
PROD000056,IFFALCON 55K72 4K,ELECTRONICS,TV,IFFALCON,39999.00,604,1844,73758156.00,73567911.19,8929178.33,39895.83
PROD000702,HOT WATER BAG 2L,HEALTH,WELLNESS PRODUCTS,FASTRACK,299.00,652,1935,578565.00,653144.74,71012.60,337.54
PROD000267,KOJIC ACID FACE WASH,BEAUTY,SKINCARE,MAMAEARTH,349.00,621,1842,642858.00,711306.23,79212.06,386.16
PROD000944,SAPPHIRE GOLD RING 18KT,JEWELLERY,RINGS,CARATLANE,22000.00,638,1895,41690000.00,41661760.42,4709078.22,21985.10
PROD000140,RUNNING SHOES GEL,CLOTHING,FOOTWEAR,ASICS,7999.00,652,2014,16109986.00,16162959.95,2360638.34,8025.30
PROD000242,COTTON BEDSHEET DOUBLE,HOME,BEDDINGS,BOMBAY DYEING,1299.00,638,1919,2492781.00,2563004.79,321856.38,1335.59
PROD001163,RED DEAD REDEMPTION 2 PC,GAMING,PC GAMES,ROCKSTAR GAMES,2999.00,645,1894,5680106.00,5736868.08,742325.58,3028.97
PROD001036,CHELSEA BOOT FORMAL,FOOTWEAR,FORMAL SHOES,LEE COOPER,3499.00,624,1869,6539631.00,6603489.79,802218.36,3533.17
PROD001202,XBOX GAME PASS ULTIMATE 3 MONTHS,GAMING,GAME CODES,MICROSOFT,2999.00,584,1708,5122292.00,5167722.89,618969.60,3025.60
PROD000284,HAIR SERUM ANTI-FRIZZ,BEAUTY,HAIRCARE,L'OREAL,399.00,612,1791,714609.00,781255.63,87016.30,436.21
PROD000808,RAW HIDE CHEW BONES 6PCS,PETS,DOG FOOD,JERHIGH,299.00,642,1891,565409.00,639345.48,65661.85,338.10
PROD000282,ONION HAIR OIL 200ML,BEAUTY,HAIRCARE,WOW,449.00,626,1796,806404.00,878823.86,105653.54,489.32
PROD000361,WATCHMEN,BOOKS,COMICS,DC COMICS / ALAN MOORE,1299.00,654,1927,2503173.00,2571525.49,321377.72,1334.47
PROD000927,SILVER TOE RING SET OF 2,JEWELLERY,SILVER,VOYLLA,599.00,633,1918,1148882.00,1222347.22,183305.21,637.30
PROD000485,BABY BOUNCER ELECTRIC,TOYS,INFANT,CHICCO,9999.00,643,1933,19328067.00,19332727.76,2817481.36,10001.41
PROD001084,"BACKPACK LAPTOP 17.3""",BAGS & LUGGAGE,LAPTOP BAGS,MATEIN,2499.00,623,1834,4583166.00,4640062.19,579280.28,2530.02
PROD000543,RC HELICOPTER 3.5 CHANNEL,TOYS,REMOTE CONTROL TOYS,WL TOYS,2499.00,632,1873,4680627.00,4738536.40,576448.01,2529.92
PROD001007,CANVAS SLIP-ON STAR,FOOTWEAR,KIDS FOOTWEAR,CONVERSE,2695.00,615,1782,4802490.00,4861278.24,719432.48,2727.99
PROD001009,BABY SOFT SOLE BOOTIE,FOOTWEAR,KIDS FOOTWEAR,MOTHERCARE,699.00,620,1878,1312722.00,1380206.79,167997.13,734.93
PROD000537,STITCH PLUSH DISNEY,TOYS,SOFT TOYS,DISNEY,999.00,607,1807,1805193.00,1874260.57,267974.51,1037.22
PROD000204,1.5 TON 5-STAR SPLIT AC,HOME,APPLIANCES,DAIKIN,47990.00,642,1885,90461150.00,90510866.65,13227818.17,48016.37
PROD000060,"HISENSE U8K MINI-LED 65""",ELECTRONICS,TV,HISENSE,119990.00,610,1801,216101990.00,215627985.97,30475007.92,119726.81
PROD000493,WOODEN ALPHABET PUZZLE,TOYS,EDUCATIONAL,MELISSA & DOUG,799.00,609,1821,1454979.00,1522195.40,169460.17,835.91
PROD000759,SENSORY BALL SET OF 6,BABY,TOYS,INFANTINO,899.00,636,1955,1757545.00,1829111.90,252295.66,935.61
PROD001221,ERGONOMIC MESH CHAIR PRO,OFFICE SUPPLIES,OFFICE CHAIRS,HERMAN MILLER AERON,149999.00,567,1715,257248285.00,256668522.65,35666928.69,149660.95
PROD000886,DOCUMENT WALLET L-SHAPE 40PCS,STATIONERY,FILES & FOLDERS,SOLO,199.00,644,1935,385065.00,459161.80,59739.32,237.29
PROD000285,DRY SHAMPOO BATISTE,BEAUTY,HAIRCARE,BATISTE,499.00,647,1958,977042.00,1053099.94,128025.35,537.84
PROD000528,JENGA GIANT EDITION,TOYS,BOARD GAMES,HASBRO,999.00,590,1796,1794204.00,1866583.73,263829.31,1039.30
PROD000932,BOHO LAYERED CHAIN NECKLACE,JEWELLERY,FASHION JEWELLERY,SHAYA,999.00,651,1954,1952046.00,2017363.55,270382.46,1032.43
PROD000523,SCRABBLE CLASSIC,TOYS,BOARD GAMES,MATTEL,1499.00,616,1846,2767154.00,2831824.41,391584.13,1534.03
PROD000192,CERAMIC VASE SET OF 3,HOME,DECOR,WESTSIDE HOME,1499.00,583,1740,2608260.00,2671059.77,292116.26,1535.09
PROD000715,BRAHMI GHRITA,HEALTH,AYURVEDA,KOTTAKKAL,699.00,625,1857,1298043.00,1365541.42,141359.11,735.35
PROD000585,HID XENON CONVERSION KIT,AUTOMOTIVE,CAR ELECTRONICS,PHILIPS,3999.00,636,1845,7378155.00,7430565.83,899490.61,4027.41
PROD000430,TREKKING BACKPACK 55L,SPORTS,OUTDOOR,WILDCRAFT,3999.00,619,1787,7146213.00,7211434.78,966668.41,4035.50
PROD001025,DC SHOES POWER LITE 2,FOOTWEAR,CASUAL SHOES,DC SHOES,4999.00,605,1843,9213157.00,9252580.78,1145405.93,5020.39
PROD000076,WONDERBOOM 3,ELECTRONICS,SPEAKERS,ULTIMATE EARS,9999.00,609,1828,18278172.00,18325190.07,2296984.40,10024.72
PROD000348,BAD SCIENCE,BOOKS,NON-FICTION,BEN GOLDACRE / HARPERCOLLINS,349.00,618,1878,655422.00,724467.94,84867.47,385.77
PROD000751,STACKING CUPS 10-PIECE,BABY,TOYS,INFANTINO,799.00,597,1837,1467763.00,1531670.39,181014.60,833.79
PROD000856,MARKER PERMANENT BLACK 12PK,STATIONERY,PENS,CAMLIN,299.00,617,1799,537901.00,604734.62,60011.34,336.15
PROD000351,NCERT PHYSICS CLASS 12,BOOKS,EDUCATIONAL,NCERT,299.00,605,1774,530426.00,600815.78,70554.68,338.68
PROD000412,ADJUSTABLE DUMBBELL SET 20KG,SPORTS,FITNESS,KORE,2999.00,591,1795,5383205.00,5440107.37,654708.30,3030.70
PROD000756,BATH SQUIRT TOYS SET,BABY,TOYS,MUNCHKIN,699.00,611,1791,1251909.00,1318845.05,167575.99,736.37
PROD000694,NEBULIZER COMPRESSOR,HEALTH,MEDICAL EQUIPMENT,OMRON,3499.00,628,1911,6686589.00,6750915.76,1041173.22,3532.66
PROD000705,POSTURE CORRECTOR BRACE,HEALTH,WELLNESS PRODUCTS,BACK HERO,999.00,599,1822,1820178.00,1895602.19,243294.01,1040.40
PROD000854,HIGHLIGHTER SET OF 6 COLORS,STATIONERY,PENS,STABILO BOSS,499.00,618,1901,948599.00,1017859.18,132309.71,535.43
PROD000567,TAIL BAG EXPANDABLE,AUTOMOTIVE,MOTORBIKE ACCESSORIES,RYNOX,3499.00,614,1761,6161739.00,6233092.60,886920.57,3539.52
PROD001139,BEHRINGER UMC22 USB AUDIO,MUSIC & INSTRUMENTS,STUDIO EQUIPMENT,BEHRINGER,3999.00,607,1832,7326168.00,7373615.43,1083256.83,4024.90
PROD000697,PEAK FLOW METER ASTHMA,HEALTH,MEDICAL EQUIPMENT,MICROLIFE,799.00,611,1852,1479748.00,1546556.82,183266.87,835.07
PROD001231,STEEL FILING CABINET 2-DRAWER,OFFICE SUPPLIES,STORAGE CABINETS,GODREJ,8999.00,565,1740,15658260.00,15647730.12,1981184.99,8992.95
PROD001127,DDRUM D1 JUNIOR DRUM SET,MUSIC & INSTRUMENTS,DRUMS,DDRUM,24999.00,619,1867,46673133.00,46664788.95,6545653.41,24994.53
PROD001010,DISNEY PRINCESS SLIPPER,FOOTWEAR,KIDS FOOTWEAR,DISNEY CROCS,1999.00,646,1898,3794102.00,3862659.78,497326.59,2035.12
PROD000636,POMEGRANATE 2 PCS,GROCERIES,FRUITS,FRESHO,149.00,624,1890,281610.00,353615.28,28210.26,187.10
PROD000566,BIKE COVER WATERPROOF,AUTOMOTIVE,MOTORBIKE ACCESSORIES,SCRATCHTECT,699.00,635,1954,1365846.00,1435753.11,173670.50,734.78
PROD001190,PS5 HD CAMERA 1080P,GAMING,GAMING ACCESSORIES,SONY,5999.00,596,1732,10390268.00,10441146.72,1481756.76,6028.38
PROD000710,COMPRESSION SOCKS 3-PAIR,HEALTH,WELLNESS PRODUCTS,CEP,1999.00,649,1954,3906046.00,3973630.90,564809.72,2033.59
PROD000096,STEAM DECK OLED 512GB,ELECTRONICS,GAMING CONSOLES,VALVE,69999.00,620,1884,131878116.00,131574359.96,16336854.14,69837.77
PROD000917,24KT DIGITAL GOLD 2G,JEWELLERY,GOLD,AUGMONT GOLD,13000.00,671,1957,25441000.00,25472711.27,2797889.80,13016.20
PROD000538,BABY DOLL CRYING SOFT,TOYS,SOFT TOYS,ZAPF CREATION,2499.00,594,1786,4463214.00,4515964.80,595790.16,2528.54
PROD001115,CASIO CTX-3000 PORTABLE,MUSIC & INSTRUMENTS,KEYBOARDS,CASIO,12999.00,637,1913,24867087.00,24909342.37,3002066.11,13021.09
PROD000550,RC TRAIN SET WITH TRACKS,TOYS,REMOTE CONTROL TOYS,LEGO TECHNIC,12999.00,606,1853,24087147.00,24139478.33,3210005.15,13027.24
PROD000307,ROLL-ON DEODORANT,BEAUTY,PERSONAL CARE,NIVEA,179.00,645,1944,347976.00,420310.99,35373.81,216.21
PROD000294,LIGHT BLUE EDT 100ML,BEAUTY,FRAGRANCE,DOLCE & GABBANA,6999.00,633,1902,13312098.00,13381014.89,2021347.11,7035.23
PROD001237,MOBILE PEDESTAL UNDER-DESK 3-DRAWER,OFFICE SUPPLIES,STORAGE CABINETS,HOMETOWN,4999.00,592,1763,8813237.00,8867994.02,1189644.63,5030.06
PROD001191,QUEST 3 512GB STANDALONE VR,GAMING,VR DEVICES,META,59999.00,615,1829,109738171.00,109681122.54,18027338.57,59967.81
PROD001108,CORT AD810 ACOUSTIC SUNBURST,MUSIC & INSTRUMENTS,GUITARS,CORT,9999.00,626,1901,19008099.00,19076811.37,2800375.51,10035.15
PROD000452,FOOTBALL SIZE 5 MATCH,SPORTS,SPORTS EQUIPMENT,NIVIA,1499.00,626,1838,2755162.00,2827942.06,346651.64,1538.60
PROD000722,TONGUE CLEANER COPPER,HEALTH,PERSONAL HYGIENE,TONGUE CLEAN,199.00,615,1822,362578.00,432576.92,46192.72,237.42
PROD000275,MASCARA VOLUME & CURL,BEAUTY,MAKEUP,L'OREAL,799.00,644,1879,1501321.00,1572391.38,188828.29,836.82
PROD000039,BEATS STUDIO PRO,ELECTRONICS,HEADPHONES,BEATS,27990.00,688,2063,57743370.00,57583072.92,7083304.47,27912.30
PROD000946,MEN'S SIGNET RING SILVER,JEWELLERY,RINGS,VOYLLA,1999.00,606,1832,3662168.00,3729840.16,496095.61,2035.94
PROD000013,THINKPAD X1 CARBON GEN 11,ELECTRONICS,LAPTOP,LENOVO,154990.00,585,1728,267822720.00,267878645.32,37602963.15,155022.36
PROD000173,BOXER BRIEF PACK OF 2,CLOTHING,INNERWEAR,CALVIN KLEIN,1999.00,610,1821,3640179.00,3711418.53,433696.93,2038.12
PROD000777,TEAR-FREE SHAMPOO 100ML,BABY,BATH & SKIN CARE,PIGEON,199.00,644,1875,373125.00,446679.18,52660.10,238.23
PROD001138,MASCHINE MK3 CONTROLLER,MUSIC & INSTRUMENTS,STUDIO EQUIPMENT,NATIVE INSTRUMENTS,34999.00,590,1804,63138196.00,63037343.16,8167575.45,34943.09
PROD000397,VERBAL ABILITY FOR CAT,BOOKS,ENTRANCE PREP,NISHIT SINHA / PEARSON,499.00,634,1909,952591.00,1024052.49,148502.82,536.43
PROD000971,SUBMARINER DATE AUTOMATIC,JEWELLERY,WATCHES,ROLEX,1150000.00,621,1841,2117150000.00,2116555831.84,259498753.50,1149677.26
PROD000439,SQUASH RACKET TITANIUM,SPORTS,INDOOR,HEAD,3999.00,642,1909,7634091.00,7696402.17,975712.10,4031.64
PROD001247,EPSON EB-X41 XGA 3600L,OFFICE SUPPLIES,PROJECTORS,EPSON,39999.00,676,2036,81437964.00,81334562.21,9796292.87,39948.21
PROD000321,HAIR DRYER IONIC 2000W,BEAUTY,GROOMING TOOLS,DYSON SUPERSONIC,32900.00,648,1974,64944600.00,64908908.23,8614970.33,32881.92
PROD000185,BOOKSHELF 5-TIER,HOME,FURNITURE,NILKAMAL,5999.00,645,1923,11536077.00,11567405.95,1368347.93,6015.29
PROD001023,CHUCK TAYLOR ALL STAR,FOOTWEAR,CASUAL SHOES,CONVERSE,4695.00,622,1845,8662275.00,8711004.93,1122639.14,4721.41
PROD000084,KEYCHRON K2 KEYBOARD,ELECTRONICS,COMPUTER ACCESSORIES,KEYCHRON,7999.00,697,2046,16365954.00,16434411.32,1766478.88,8032.46
PROD000016,ACER SWIFT GO 14,ELECTRONICS,LAPTOP,ACER,64990.00,643,1960,127380400.00,127048720.91,17545815.27,64820.78
PROD001119,ROLAND GO:PIANO 61 KEY,MUSIC & INSTRUMENTS,KEYBOARDS,ROLAND,16999.00,615,1800,30598200.00,30574287.51,3998389.72,16985.72
PROD000033,AIRPODS PRO 2ND GEN,ELECTRONICS,HEADPHONES,APPLE,24900.00,635,1856,46214400.00,46259370.02,7018293.22,24924.23
PROD000513,WOODEN 3D PUZZLE EIFFEL TOWER,TOYS,PUZZLES,CUBICFUN,1299.00,640,1976,2566824.00,2634773.38,316938.74,1333.39
PROD000649,MOZZARELLA CHEESE 200G,GROCERIES,DAIRY,GO CHEESE,179.00,632,1919,343501.00,414355.86,47851.75,215.92
PROD000090,WEBCAM C920 HD PRO,ELECTRONICS,COMPUTER ACCESSORIES,LOGITECH,7499.00,626,1888,14158112.00,14192187.50,1689811.02,7517.05
PROD000933,STATEMENT EARRINGS TASSELS,JEWELLERY,FASHION JEWELLERY,ACCESSORIZE,799.00,626,1879,1501321.00,1570703.23,183825.12,835.93
PROD000295,ACQUA DI GIO EDT 100ML,BEAUTY,FRAGRANCE,GIORGIO ARMANI,8500.00,611,1870,15895000.00,15899095.14,2031789.76,8502.19
PROD000061,"IPAD PRO M2 11""",ELECTRONICS,TABLETS,APPLE,89900.00,669,2019,181508100.00,181305628.19,25525455.78,89799.72
PROD000368,TINTIN IN TIBET,BOOKS,COMICS,HERGÉ / EGMONT,399.00,619,1911,762489.00,831420.66,100841.71,435.07
PROD001080,CANVAS VELCRO WALLET,BAGS & LUGGAGE,WALLETS,DAILYOBJECTS,799.00,617,1857,1483743.00,1552361.94,157614.02,835.95
PROD000958,INITIAL PENDANT NECKLACE A-Z,JEWELLERY,NECKLACES,SHAYA,1799.00,645,1930,3472070.00,3537685.53,441671.54,1833.00
PROD000863,HARDCOVER NOTEBOOK A5 240PG,STATIONERY,NOTEBOOKS,MOLESKINE,1499.00,632,1919,2876581.00,2941527.26,370931.23,1532.84
PROD001228,COMPUTER CHAIR FIXED ARMS,OFFICE SUPPLIES,OFFICE CHAIRS,AMAZON BASICS,9999.00,678,2051,20507949.00,20525922.42,3030691.94,10007.76
PROD000464,CYCLING GLOVES HALF FINGER,SPORTS,CYCLING,DECATHLON,799.00,608,1824,1457376.00,1526323.34,166983.34,836.80
PROD000274,EYESHADOW PALETTE 18 COLORS,BEAUTY,MAKEUP,HUDA BEAUTY,3999.00,628,1855,7418145.00,7472340.05,938011.85,4028.22
PROD000646,GHEE PURE 1KG,GROCERIES,DAIRY,PATANJALI,549.00,643,1956,1073844.00,1146242.12,138128.99,586.01
PROD000029,DJI OSMO POCKET 3,ELECTRONICS,CAMERA,DJI,54999.00,626,1901,104553099.00,104265490.78,12447815.07,54847.71
PROD001252,A4 PREMIUM PHOTO PAPER 50 SHEETS,OFFICE SUPPLIES,PAPER SUPPLIES,CANON,699.00,601,1855,1296645.00,1363936.86,191338.03,735.28
PROD001167,GTA V PREMIUM PC,GAMING,PC GAMES,ROCKSTAR GAMES,1499.00,606,1843,2762657.00,2825150.95,353034.14,1532.91
PROD000349,THE BODY: A GUIDE FOR OCCUPANTS,BOOKS,NON-FICTION,BILL BRYSON / DOUBLEDAY,499.00,591,1769,882731.00,948810.65,122640.25,536.35
PROD000421,TREKKING POLE ALUMINIUM PAIR,SPORTS,OUTDOOR,WILDCRAFT,1499.00,636,1932,2896068.00,2958451.06,432210.78,1531.29
PROD000119,PALAZZO PANTS,CLOTHING,WOMEN,W FOR WOMAN,1499.00,619,1897,2843603.00,2911507.05,350941.34,1534.80
PROD001017,CRICKET SPIKE SHOES,FOOTWEAR,SPORTS SHOES,SG,3999.00,657,1982,7926018.00,7979543.85,1071547.68,4026.01
PROD000114,KURTI COTTON ANARKALI,CLOTHING,WOMEN,BIBA,1799.00,625,1847,3322753.00,3387540.63,428712.31,1834.08
PROD000387,OPEN BY ANDRE AGASSI,BOOKS,BIOGRAPHIES,ANDRE AGASSI / HARPERCOLLINS,499.00,616,1789,892711.00,959335.23,109852.14,536.24
PROD000853,FOUNTAIN PEN EF NIB,STATIONERY,PENS,LAMY SAFARI,2499.00,592,1784,4458216.00,4522452.81,541902.12,2535.01
PROD000504,BATMAN ARKHAM KNIGHT FIGURE,TOYS,ACTION FIGURES,DC COLLECTIBLES,3999.00,577,1777,7106223.00,7146567.93,1117493.38,4021.70
PROD000277,SETTING POWDER TRANSLUCENT,BEAUTY,MAKEUP,CHARLOTTE TILBURY,4500.00,656,1983,8923500.00,8971420.76,1195532.36,4524.17
PROD001209,EPIC GAMES STORE RS.1000 CARD,GAMING,GAME CODES,EPIC GAMES,1000.00,663,2053,2053000.00,2119558.86,242845.82,1032.42
PROD000869,ARTIST SKETCHBOOK A4 110GSM,STATIONERY,NOTEBOOKS,BRUSTRO,499.00,633,1902,949098.00,1022196.56,104818.71,537.43
PROD000643,PANEER FRESH 200G,GROCERIES,DAIRY,MOTHER DAIRY,99.00,616,1808,178992.00,252813.07,19650.87,139.83
PROD001211,LASERJET PRO M404DN MONO,OFFICE SUPPLIES,PRINTERS,HP,24999.00,630,1859,46473141.00,46407131.95,6068565.67,24963.49
PROD000899,CALLIGRAPHY SET 12-PIECE,STATIONERY,WRITING TOOLS,MANUSCRIPT,999.00,678,1995,1993005.00,2069909.98,305888.91,1037.55
PROD001107,YAMAHA F310 ACOUSTIC,MUSIC & INSTRUMENTS,GUITARS,YAMAHA,8999.00,655,1933,17395067.00,17426533.78,2811190.15,9015.28
PROD000201,FRONT LOAD WASHING MACHINE 7KG,HOME,APPLIANCES,LG,47990.00,601,1808,86765920.00,86702788.23,12245666.33,47955.08
PROD001241,POWERLITE L400U LASER WUXGA,OFFICE SUPPLIES,PROJECTORS,EPSON,249999.00,637,1927,481748073.00,479896348.53,60889938.89,249038.06
PROD000647,CONDENSED MILK 400G,GROCERIES,DAIRY,MILKMAID,89.00,656,1955,173995.00,250309.16,19890.82,128.04
PROD000752,BABY WALKER MUSICAL,BABY,TOYS,FISHER-PRICE,3499.00,584,1752,6130248.00,6160692.03,869785.99,3516.38
PROD000877,SKETCHING PENCIL SET HB-8B,STATIONERY,ART SUPPLIES,STAEDTLER,699.00,615,1861,1300839.00,1367890.16,168297.29,735.03
PROD000713,ASHWAGANDHA CHURNA 500G,HEALTH,AYURVEDA,PATANJALI,149.00,588,1750,260750.00,328401.82,36465.62,187.66
PROD000257,STEEL ALMIRAH 2-DOOR,HOME,HOME STORAGE,GODREJ,9999.00,623,1832,18318168.00,18341576.72,2269359.56,10011.78
PROD000219,BLENDER JUICER MIXER,HOME,KITCHEN,SUJATA,4499.00,607,1787,8039713.00,8097067.38,831203.04,4531.10
PROD000375,CAN'T HURT ME,BOOKS,SELF-HELP,DAVID GOGGINS / LIONCREST,699.00,620,1802,1259598.00,1329662.54,146715.13,737.88
PROD000527,RISK GLOBAL DOMINATION,TOYS,BOARD GAMES,HASBRO,2499.00,628,1860,4648140.00,4708524.02,625113.28,2531.46
PROD000820,URINARY CARE CAT FOOD 1.5KG,PETS,CAT FOOD,ROYAL CANIN,2299.00,661,2008,4616392.00,4680330.31,471374.49,2330.84
PROD000374,RICH DAD POOR DAD,BOOKS,SELF-HELP,ROBERT KIYOSAKI / PLATA,299.00,653,1959,585741.00,659918.38,82510.94,336.86
PROD000655,DONUTS GLAZED 6-PACK,GROCERIES,BAKERY,MAD OVER DONUTS,399.00,609,1835,732165.00,801479.31,88739.93,436.77
PROD000332,ATOMIC HABITS,BOOKS,FICTION,JAMES CLEAR / RANDOM HOUSE,499.00,669,1913,954587.00,1032395.10,132516.48,539.67
PROD000564,LEG GUARD STAINLESS STEEL,AUTOMOTIVE,MOTORBIKE ACCESSORIES,LIBRA,1799.00,654,1986,3572814.00,3643131.40,457481.80,1834.41
PROD000996,ANKLE BOOTS CHELSEA WOMEN,FOOTWEAR,WOMEN FOOTWEAR,CLARKS,7999.00,608,1849,14790151.00,14810847.42,2060159.08,8010.19
PROD000872,ACRYLIC PAINT SET 18 COLORS,STATIONERY,ART SUPPLIES,FEVICRYL,799.00,653,1912,1527688.00,1597509.05,179804.24,835.52
PROD000868,COMPOSITION BOOK WIDE RULE,STATIONERY,NOTEBOOKS,MEAD,149.00,619,1877,279673.00,348003.27,35765.38,185.40
PROD000648,WHIPPED CREAM 250ML,GROCERIES,DAIRY,AMUL,75.00,661,2003,150225.00,226568.82,18125.78,113.11
PROD000164,THERMAL INNER WEAR SET,CLOTHING,WINTER WEAR,LUX INFERNO,799.00,632,1915,1530085.00,1599836.75,205723.02,835.42
PROD000341,SAPIENS,BOOKS,NON-FICTION,YUVAL NOAH HARARI / VINTAGE,499.00,601,1729,862771.00,929905.70,109916.73,537.83
PROD000867,SMART REUSABLE NOTEBOOK,STATIONERY,NOTEBOOKS,ROCKETBOOK,2999.00,603,1850,5548150.00,5611429.52,770297.15,3033.21
PROD000805,PREMIUM DRY DOG FOOD SALMON 3KG,PETS,DOG FOOD,ORIJEN,3999.00,609,1798,7190202.00,7259514.93,979516.32,4037.55
PROD001214,OFFICEJET PRO 9015E,OFFICE SUPPLIES,PRINTERS,HP,17999.00,645,1973,35512027.00,35586115.02,4221741.89,18036.55
PROD000142,LEATHER BELT,CLOTHING,ACCESSORIES,TOMMY HILFIGER,2499.00,629,1861,4650639.00,4727747.71,603513.76,2540.43
PROD000004,ONEPLUS 12,ELECTRONICS,MOBILE,ONEPLUS,64999.00,637,1895,123173105.00,122888061.03,13425114.44,64848.58
PROD001180,ALAN WAKE 2 PS5,GAMING,CONSOLE GAMES,REMEDY ENTERTAINMENT,3499.00,621,1867,6532633.00,6590057.65,925461.85,3529.76
PROD000144,AVIATOR SUNGLASSES,CLOTHING,ACCESSORIES,RAY-BAN,6990.00,650,1958,13686420.00,13697066.28,1695370.15,6995.44
PROD001251,A4 COPIER PAPER 75GSM 500 SHEETS,OFFICE SUPPLIES,PAPER SUPPLIES,JK PAPER,299.00,606,1856,554944.00,622089.58,68840.51,335.18
PROD000583,"GPS NAVIGATOR 5""",AUTOMOTIVE,CAR ELECTRONICS,GARMIN DRIVESMART,9999.00,604,1796,17958204.00,17945201.04,1960062.56,9991.76
PROD001229,DIRECTOR CHAIR LEATHER,OFFICE SUPPLIES,OFFICE CHAIRS,GODREJ INTERIO,29999.00,634,1924,57718076.00,57686290.01,6542268.85,29982.48
PROD001101,STRATOCASTER STANDARD SUNBURST,MUSIC & INSTRUMENTS,GUITARS,FENDER,59999.00,658,1979,118738021.00,118514784.84,12686255.94,59886.20
PROD000067,FIRE HD 10 PLUS,ELECTRONICS,TABLETS,AMAZON,14999.00,640,1899,28483101.00,28530157.13,3657721.99,15023.78
PROD001046,SCHOOL BAG TROLLEY 30L,BAGS & LUGGAGE,BACKPACKS,SKYBAGS,1999.00,658,1988,3974012.00,4046192.91,506976.96,2035.31
PROD000184,ERGONOMIC OFFICE CHAIR,HOME,FURNITURE,GREEN SOUL,18999.00,615,1876,35642124.00,35471500.53,4842001.24,18908.05
PROD000001,IPHONE 15 PRO,ELECTRONICS,MOBILE,APPLE,134900.00,622,1862,251183800.00,250873471.14,29688891.16,134733.34
PROD001112,P-125 DIGITAL PIANO 88 KEY,MUSIC & INSTRUMENTS,KEYBOARDS,YAMAHA,54999.00,645,1877,103233123.00,103030154.72,14679846.65,54890.87
PROD000881,BOX FILE PLASTIC A4 PACK OF 5,STATIONERY,FILES & FOLDERS,CLASSMATE,399.00,664,2043,815157.00,890619.58,92907.64,435.94
PROD001173,FIFA 24 PS5,GAMING,CONSOLE GAMES,EA SPORTS,3999.00,637,1861,7442139.00,7494847.86,1055843.98,4027.32
PROD000390,EINSTEIN: HIS LIFE AND UNIVERSE,BOOKS,BIOGRAPHIES,WALTER ISAACSON / SIMON & SCHUSTER,699.00,620,1925,1345575.00,1413666.29,128887.79,734.37
PROD001234,LOCKER CABINET 4-COMPARTMENT,OFFICE SUPPLIES,STORAGE CABINETS,NILKAMAL,7999.00,632,1883,15062117.00,15106965.81,2328942.22,8022.82
PROD000964,STERLING SILVER CHARM BRACELET,JEWELLERY,BRACELETS,GIVA,1999.00,662,1988,3974012.00,4041750.11,507632.06,2033.07
PROD000985,SPORTS RUNNING SHOE GEL,FOOTWEAR,MEN FOOTWEAR,ASICS,9999.00,642,1959,19588041.00,19641734.13,2338227.43,10026.41
PROD000631,ALPHONSO MANGO 1 DOZEN,GROCERIES,FRUITS,RATNAGIRI FARMS,799.00,650,1994,1593206.00,1668067.25,189932.72,836.54
PROD000960,GOLD-PLATED FLORAL NECKLACE,JEWELLERY,NECKLACES,YOUBELLA,599.00,612,1871,1120729.00,1190262.24,185010.29,636.16
PROD000163,WOOLLEN CARDIGAN,CLOTHING,WINTER WEAR,MONTE CARLO,1999.00,630,1906,3810094.00,3875485.03,525899.70,2033.31
PROD000979,FOSSIL GRANT CHRONOGRAPH,JEWELLERY,WATCHES,FOSSIL,14995.00,677,2043,30634785.00,30615986.35,3909933.15,14985.80
PROD000032,QUIETCOMFORT 45,ELECTRONICS,HEADPHONES,BOSE,24990.00,649,1935,48355650.00,48434871.83,5120326.15,25030.94
PROD000334,THE ALCHEMIST,BOOKS,FICTION,PAULO COELHO / HARPERCOLLINS,299.00,612,1782,532818.00,601859.24,73074.62,337.74
PROD000812,KITTEN DRY FOOD 1.2KG,PETS,CAT FOOD,WHISKAS,699.00,619,1890,1321110.00,1387886.59,182650.18,734.33
PROD000698,HEARING AID DIGITAL ITE,HEALTH,MEDICAL EQUIPMENT,PHONAK,29999.00,603,1778,53338222.00,53256760.31,6279469.97,29953.18
PROD000822,RETRACTABLE DOG LEASH 5M,PETS,PET ACCESSORIES,FLEXI,1499.00,636,1882,2821118.00,2888419.73,371848.69,1534.76
PROD000884,CLEAR POCKETS A4 100 SHEETS,STATIONERY,FILES & FOLDERS,AVERY,299.00,606,1812,541788.00,613596.81,70301.49,338.63
PROD000733,TAPED DIAPER NEWBORN 20PCS,BABY,DIAPERS,MAMYPOKO,399.00,585,1799,717801.00,785632.85,100895.55,436.71
PROD000473,SWIM CAP SILICONE,SPORTS,SWIMMING,SPEEDO,399.00,632,1904,759696.00,825319.44,121218.81,433.47
PROD000925,SILVER OXIDISED NECKLACE,JEWELLERY,SILVER,FABINDIA JEWELLERY,1499.00,642,1860,2788140.00,2851254.24,369620.20,1532.93
PROD000737,OVERNIGHT PULL-UP DIAPER L 22PCS,BABY,DIAPERS,LIBERO,849.00,598,1762,1495938.00,1561383.12,174307.10,886.14
PROD000760,POP-UP LEARNING TOY,BABY,TOYS,FISHER-PRICE,1299.00,649,1952,2535648.00,2600114.61,342023.87,1332.03
PROD001225,MESH TASK CHAIR PROGRID,OFFICE SUPPLIES,OFFICE CHAIRS,HON,24999.00,599,1763,44073237.00,44012678.31,5279034.01,24964.65
PROD000092,XBOX SERIES X,ELECTRONICS,GAMING CONSOLES,MICROSOFT,54990.00,620,1922,105690780.00,105394911.40,15153720.15,54836.06
PROD000171,COTTON TRUNKS PACK OF 3,CLOTHING,INNERWEAR,JOCKEY,699.00,640,1942,1357458.00,1422298.89,163073.42,732.39
PROD000911,22KT GOLD MANGALSUTRA 5G,JEWELLERY,GOLD,TANISHQ,32000.00,622,1917,61344000.00,61194226.49,7479534.72,31921.87
PROD000644,CHEDDAR CHEESE SLICE 200G,GROCERIES,DAIRY,AMUL,149.00,620,1804,268796.00,341940.17,42845.39,189.55
PROD001058,GLOBE TROTTER 70CM TROLLEY,BAGS & LUGGAGE,TROLLEYS,ANTLER,29999.00,656,2020,60597980.00,60588520.64,7113291.30,29994.32
PROD001130,TAMA CLUB JAM MINI SHELL KIT,MUSIC & INSTRUMENTS,DRUMS,TAMA,54999.00,651,1930,106148070.00,106021046.25,11147383.83,54933.18
PROD000448,RUNNING JACKET WINDPROOF,SPORTS,ATHLETIC WEAR,NIKE,3995.00,620,1971,7874145.00,7942346.42,1013802.64,4029.60
PROD000127,CARTOON PRINTED SHORTS,CLOTHING,KIDS,GINI & JONY,699.00,649,1974,1379826.00,1449261.30,203185.67,734.17
PROD001193,QUEST 2 128GB,GAMING,VR DEVICES,META,34999.00,632,1939,67863061.00,67815222.96,10334543.45,34974.33
PROD000991,CLASSIC BALLERINA FLAT,FOOTWEAR,WOMEN FOOTWEAR,ALDO,3999.00,662,1930,7718070.00,7764497.69,1110305.25,4023.06
PROD000779,ORGANIC BABY BALM 50G,BABY,BATH & SKIN CARE,MOTHER SPARSH,299.00,662,1969,588731.00,662041.75,68498.71,336.23
PROD001227,LUMBAR SUPPORT CHAIR,OFFICE SUPPLIES,OFFICE CHAIRS,HAVELLS,8999.00,659,1958,17620042.00,17683587.33,3002517.23,9031.45
PROD001081,"BRIEFCASE 15.6"" LEATHER",BAGS & LUGGAGE,LAPTOP BAGS,TARGUS,4999.00,637,1905,9523095.00,9572221.67,1196693.96,5024.79
PROD000283,KERATIN DEEP CONDITIONER,BEAUTY,HAIRCARE,TRESEMMÉ,349.00,638,1854,647046.00,724291.03,86090.93,390.66
PROD000415,JUMP ROPE SPEED PVC,SPORTS,FITNESS,AURION,299.00,627,1902,568698.00,640675.03,58687.90,336.84
PROD000169,SKI PANTS WATERPROOF,CLOTHING,WINTER WEAR,QUECHUA,2999.00,593,1765,5293235.00,5352466.39,875575.03,3032.56
PROD000787,BABY SWADDLE MUSLIN 3-PACK,BABY,CLOTHING,ADEN + ANAIS,1499.00,648,1971,2954529.00,3023658.39,395680.78,1534.07
PROD000704,CERVICAL PILLOW MEMORY FOAM,HEALTH,WELLNESS PRODUCTS,WAKEFIT,1299.00,609,1868,2426532.00,2491843.07,340519.13,1333.96
PROD000851,BALLPOINT PEN BOX OF 12 BLUE,STATIONERY,PENS,PARKER,999.00,647,1934,1932066.00,1998855.47,287386.11,1033.53
PROD001126,PEARL ROADSHOW 5-PIECE,MUSIC & INSTRUMENTS,DRUMS,PEARL,44999.00,639,1958,88108042.00,87848491.95,12168461.53,44866.44
PROD000208,AIR PURIFIER WITH HEPA,HOME,APPLIANCES,DYSON,29990.00,586,1864,55901360.00,55867055.69,7595415.40,29971.60
PROD000066,REALME PAD 2,ELECTRONICS,TABLETS,REALME,19999.00,627,1883,37658117.00,37647271.62,5280091.47,19993.24
PROD000478,WET BAG WATERPROOF 20L,SPORTS,SWIMMING,SPEEDO,1499.00,618,1872,2806128.00,2874071.78,401890.55,1535.29
PROD000475,PULL BUOY FLOAT,SPORTS,SWIMMING,ARENA,699.00,613,1853,1295247.00,1360051.71,195452.64,733.97
PROD000664,REFINED SUNFLOWER OIL 5L,GROCERIES,STAPLES,FORTUNE,799.00,598,1813,1448587.00,1515539.98,203165.65,835.93
PROD000157,KASHMIRI PHIRAN,CLOTHING,ETHNIC WEAR,FABINDIA,3999.00,629,1893,7570107.00,7636613.17,928334.85,4034.13
PROD000652,CROISSANT BUTTER 4-PACK,GROCERIES,BAKERY,THEOBROMA,299.00,651,1966,587834.00,662839.33,87300.18,337.15
PROD000116,BLAZER CROPPED FIT,CLOTHING,WOMEN,AND,3499.00,651,1935,6770565.00,6825570.45,853763.17,3527.43
PROD000975,SEIKO PRESAGE COCKTAIL TIME,JEWELLERY,WATCHES,SEIKO,32000.00,655,1977,63264000.00,62945896.05,8490138.72,31839.10
PROD000193,CANVAS WALL ART ABSTRACT,HOME,DECOR,ART STREET,1799.00,596,1754,3155446.00,3221878.56,409700.40,1836.87
PROD000259,BATHROOM CABINET WITH MIRROR,HOME,HOME STORAGE,CELLO,2999.00,664,2030,6087970.00,6154999.59,718173.15,3032.02
PROD000866,PROJECT PLANNER A4,STATIONERY,NOTEBOOKS,PAPERAGE,599.00,599,1796,1075804.00,1142262.95,130039.82,636.00
PROD000584,CAR BLUETOOTH FM TRANSMITTER,AUTOMOTIVE,CAR ELECTRONICS,MPOW,999.00,591,1767,1765233.00,1832214.45,250922.10,1036.91
PROD000172,T-SHIRT BRA,CLOTHING,INNERWEAR,TRIUMPH,999.00,609,1852,1850148.00,1916247.64,262929.90,1034.69
PROD000378,START WITH WHY,BOOKS,SELF-HELP,SIMON SINEK / PORTFOLIO,399.00,636,1939,773661.00,842785.53,101243.26,434.65
PROD000186,WARDROBE SLIDING 3-DOOR,HOME,FURNITURE,GODREJ INTERIO,45000.00,581,1768,79560000.00,79452331.43,9938347.76,44939.10
PROD000619,CADBURY DAIRY MILK 160G,GROCERIES,SNACKS,CADBURY,99.00,621,1916,189684.00,261322.73,22030.55,136.39
PROD000101,SLIM FIT CHINOS,CLOTHING,MEN,LEVI'S,2499.00,604,1829,4570671.00,4635828.59,605704.01,2534.62
PROD001178,LIES OF P PS5,GAMING,CONSOLE GAMES,NEOWIZ,3499.00,650,1920,6718080.00,6774445.28,856118.13,3528.36
PROD000355,NCERT CHEMISTRY CLASS 11,BOOKS,EDUCATIONAL,NCERT,249.00,658,1938,482562.00,562729.92,59343.41,290.37
PROD000036,TUNE 770NC,ELECTRONICS,HEADPHONES,JBL,9999.00,642,1895,18948105.00,18979257.02,2410669.09,10015.44
PROD000978,CASIO G-SHOCK DW5600 DIGITAL,JEWELLERY,WATCHES,CASIO,8995.00,626,1869,16811655.00,16824216.71,1873180.02,9001.72
PROD000852,GEL PEN SIGNO RT 0.7MM 12PK,STATIONERY,PENS,UNI-BALL,799.00,664,1975,1578025.00,1658453.40,204944.21,839.72
PROD000190,STUDY TABLE WITH DRAWER,HOME,FURNITURE,DURIAN,9499.00,646,1878,17839122.00,17848798.45,2264087.61,9504.15
PROD000605,TROPICANA POMEGRANATE 1L,GROCERIES,BEVERAGES,TROPICANA,149.00,638,1873,279077.00,351141.26,41602.92,187.48
PROD001051,55CM CABIN HARDSIDE TROLLEY,BAGS & LUGGAGE,TROLLEYS,SAMSONITE,14999.00,642,1933,28993067.00,29001962.85,3300102.71,15003.60
PROD001055,TREK TROLLEY 75CM,BAGS & LUGGAGE,TROLLEYS,WILDCRAFT,7999.00,615,1888,15102112.00,15170070.95,2013516.33,8035.00
PROD000063,PIXEL TABLET,ELECTRONICS,TABLETS,GOOGLE,57999.00,608,1836,106486164.00,106142291.57,15013156.21,57811.71
PROD001242,BENQ TH685P 1080P 3500LM,OFFICE SUPPLIES,PROJECTORS,BENQ,59999.00,657,1976,118558024.00,118521822.10,13655198.74,59980.68
PROD001019,TRAIL RUNNER SPEEDCROSS 5,FOOTWEAR,SPORTS SHOES,SALOMON,14999.00,660,2000,29998000.00,29974691.94,3621916.76,14987.35
PROD001217,IMAGECLASS LBP6030 MONO,OFFICE SUPPLIES,PRINTERS,CANON,8999.00,628,1876,16882124.00,16897257.16,2389362.63,9007.07
PROD000842,DOG SHAMPOO ANTI-TICK 200ML,PETS,GROOMING,VIRBAC,399.00,665,2029,809571.00,885002.98,87340.23,436.18
PROD000072,HOMEPOD 2ND GEN,ELECTRONICS,SPEAKERS,APPLE,32900.00,632,1853,60963700.00,60807411.53,8291929.62,32815.66
PROD000892,ERASER VINYL NON-SMEAR,STATIONERY,WRITING TOOLS,STAEDTLER,99.00,588,1718,170082.00,240794.75,25590.66,140.16
PROD000943,STERLING SILVER CZ BAND RING,JEWELLERY,RINGS,GIVA,1499.00,625,1914,2869086.00,2931281.95,320515.57,1531.50
PROD000924,999 SILVER BAR 100G,JEWELLERY,SILVER,MMTC-PAMP,9999.00,629,1903,19028097.00,19048785.72,2400428.45,10009.87
PROD001116,NORD STAGE 3 88 KEY,MUSIC & INSTRUMENTS,KEYBOARDS,NORD,349999.00,593,1772,620198228.00,619206309.05,78710263.61,349439.23
PROD000105,BLAZER SLIM FIT,CLOTHING,MEN,RAYMOND,8999.00,642,1944,17494056.00,17516763.86,1955943.99,9010.68
PROD000089,THUNDERBOLT 4 DOCK,ELECTRONICS,COMPUTER ACCESSORIES,CALDIGIT,19999.00,601,1799,35978201.00,35966802.56,4793022.90,19992.66
PROD001103,GS MINI ACOUSTIC ROSEWOOD,MUSIC & INSTRUMENTS,GUITARS,TAYLOR,44999.00,593,1738,78208262.00,78205827.42,10532239.85,44997.60
PROD001246,MI SMART COMPACT PROJECTOR 2,OFFICE SUPPLIES,PROJECTORS,XIAOMI,34999.00,611,1832,64118168.00,64063201.00,7320229.09,34969.00
PROD000434,CARROM BOARD 74CM,SPORTS,INDOOR,SYNCO,1999.00,638,1913,3824087.00,3885561.64,486844.26,2031.14
PROD000734,SOFT & DRY PANTS XL 36PCS,BABY,DIAPERS,HIMALAYA,699.00,618,1868,1305732.00,1379163.76,152427.22,738.31
PROD000896,INDEX STICKY NOTES 3X3 6-COLOR,STATIONERY,WRITING TOOLS,POST-IT,299.00,610,1805,539695.00,609918.81,74043.07,337.91
PROD000197,SCENTED CANDLE SET,HOME,DECOR,BOMBAY CANDLE COMPANY,999.00,627,1909,1907091.00,1975498.86,199370.76,1034.83
PROD000115,LEGGINGS ACTIVE WEAR,CLOTHING,WOMEN,PUMA,1799.00,606,1857,3340743.00,3401739.77,405841.56,1831.85
PROD000503,GI JOE SNAKE EYES DELUXE,TOYS,ACTION FIGURES,HASBRO,1999.00,603,1795,3588205.00,3651771.96,477678.93,2034.41
PROD000005,REDMI NOTE 13 PRO+,ELECTRONICS,MOBILE,XIAOMI,29999.00,649,1895,56848105.00,56752744.09,4846135.38,29948.68
PROD000674,FROZEN PIZZA MARGHERITA 300G,GROCERIES,FROZEN FOOD,DR. OETKER,349.00,584,1683,587367.00,655223.67,57512.80,389.32
PROD000945,ADJUSTABLE ROSE GOLD RING,JEWELLERY,RINGS,SHAYA,1299.00,600,1782,2314818.00,2378286.91,287937.33,1334.62
PROD000426,HYDRATION PACK 15L,SPORTS,OUTDOOR,CAMELBAK,4999.00,602,1787,8933213.00,8962948.61,878484.82,5015.64
PROD000202,DOUBLE DOOR REFRIGERATOR 340L,HOME,APPLIANCES,SAMSUNG,38990.00,582,1732,67530680.00,67498036.65,9794693.51,38971.15
PROD000581,DOUBLE DIN ANDROID HEAD UNIT,AUTOMOTIVE,CAR ELECTRONICS,PIONEER,14999.00,620,1872,28078128.00,28012872.48,3545935.94,14964.14
PROD000292,BLACK ORCHID EDP 100ML,BEAUTY,FRAGRANCE,TOM FORD,22000.00,607,1833,40326000.00,40265906.12,5220872.58,21967.22
PROD000462,ROAD BIKE ALLOY FRAME,SPORTS,CYCLING,FIREFOX,24999.00,624,1865,46623135.00,46669252.50,5796692.14,25023.73
PROD000306,INTIMATE WASH PH BALANCED,BEAUTY,PERSONAL CARE,SIRONA,299.00,613,1935,578565.00,649862.62,78971.71,335.85
PROD001135,APOLLO TWIN X DUO USB,MUSIC & INSTRUMENTS,STUDIO EQUIPMENT,UNIVERSAL AUDIO,74999.00,661,2028,152097972.00,151317597.18,19957149.62,74614.20
PROD001175,FORZA HORIZON 5 XBOX,GAMING,CONSOLE GAMES,XBOX GAME STUDIOS,3499.00,612,1869,6539631.00,6602868.52,837960.38,3532.83
PROD000594,VEGA EDGE FULL FACE,AUTOMOTIVE,HELMETS,VEGA,3999.00,642,1964,7854036.00,7904535.05,1160074.56,4024.71
PROD001216,COLOR LASERJET PRO M255DW,OFFICE SUPPLIES,PRINTERS,HP,34999.00,598,1848,64678152.00,64747263.22,8208363.09,35036.40
PROD000764,BABY CARRIER WRAP 3-IN-1,BABY,BABY GEAR,ERGOBABY,8999.00,597,1794,16144206.00,16158128.28,2150406.20,9006.76
PROD001259,RULED PAD A4 100 SHEETS 5-PACK,OFFICE SUPPLIES,PAPER SUPPLIES,CLASSMATE,299.00,586,1659,496041.00,563921.05,73400.03,339.92
PROD001087,"SLIM LAPTOP BAG 14""",BAGS & LUGGAGE,LAPTOP BAGS,WILDCRAFT,1499.00,631,1855,2780645.00,2854955.51,365132.35,1539.06
PROD000923,SILVER FILIGREE EARRINGS,JEWELLERY,SILVER,GIVA,1299.00,618,1852,2405748.00,2475667.06,274894.83,1336.75
PROD001072,BIFOLD LEATHER WALLET MEN,BAGS & LUGGAGE,WALLETS,WOODLAND,1499.00,629,1928,2890072.00,2960600.43,342730.38,1535.58
PROD000487,STACKING RINGS WOODEN,TOYS,INFANT,HAPE,799.00,627,1915,1530085.00,1598166.01,177200.41,834.55
PROD000696,STETHOSCOPE CARDIOLOGY III,HEALTH,MEDICAL EQUIPMENT,3M LITTMANN,12999.00,654,1963,25517037.00,25544073.39,3889554.95,13012.77
PROD001022,STAN SMITH OG,FOOTWEAR,CASUAL SHOES,ADIDAS,7999.00,622,1884,15070116.00,15107624.90,2195031.15,8018.91
PROD000002,GALAXY S24 ULTRA,ELECTRONICS,MOBILE,SAMSUNG,129999.00,645,1982,257658018.00,257935471.30,31903312.62,130138.99
PROD000441,DRI-FIT RUNNING SHORTS,SPORTS,ATHLETIC WEAR,NIKE,2495.00,598,1814,4525930.00,4589953.73,622624.40,2530.29
PROD000633,STRAWBERRIES 200G,GROCERIES,FRUITS,FRESHO,149.00,634,1918,285782.00,361298.21,37024.59,188.37
PROD000243,MEMORY FOAM PILLOW,HOME,BEDDINGS,WAKEFIT,1299.00,640,1978,2569422.00,2627593.09,302586.03,1328.41
PROD000446,CRICKET WHITE TROUSERS,SPORTS,ATHLETIC WEAR,SLAZENGER,1299.00,619,1898,2465502.00,2532035.55,266553.32,1334.05
PROD000153,ANARKALI SUIT,CLOTHING,ETHNIC WEAR,BIBA,3499.00,632,1898,6641102.00,6707058.23,864309.98,3533.75
PROD000166,TURTLENECK SWEATER,CLOTHING,WINTER WEAR,H&M,1799.00,614,1847,3322753.00,3397747.47,405557.59,1839.60
PROD000516,MOSAIC TILE PUZZLE ART,TOYS,PUZZLES,FRANK PUZZLES,799.00,601,1738,1388662.00,1450910.50,187130.14,834.82
PROD000762,HIGH CHAIR WITH TRAY,BABY,BABY GEAR,CHICCO,9999.00,628,1895,18948105.00,19006150.17,2621553.07,10029.63
PROD000830,INTERACTIVE LASER TOY CAT,PETS,PET ACCESSORIES,FROLICAT,1299.00,602,1795,2331705.00,2392045.63,291821.46,1332.62
PROD000572,HYDRAULIC FLOOR JACK 2 TON,AUTOMOTIVE,TOOLS,OMEGA,3999.00,607,1811,7242189.00,7289975.08,930558.70,4025.39
PROD000806,CHICKEN JERKY DOG TREATS 100G,PETS,DOG FOOD,DOGSEE CHEW,299.00,621,1920,574080.00,645086.58,85402.73,335.98
PROD000313,BUBBLE BATH FOAM,BEAUTY,BATH & BODY,THE BODY SHOP,1099.00,585,1721,1891379.00,1950437.05,254450.68,1133.32
PROD001083,"MESSENGER BAG 15.6""",BAGS & LUGGAGE,LAPTOP BAGS,SAMSONITE,2999.00,607,1849,5545151.00,5601746.98,619839.95,3029.61
PROD000827,AUTOMATIC PET FEEDER 4L,PETS,PET ACCESSORIES,PETKIT,4499.00,638,1971,8867529.00,8914760.24,1109298.70,4522.96
PROD000540,UNICORN PLUSH REVERSIBLE,TOYS,SOFT TOYS,AURORA WORLD,1299.00,632,1860,2416140.00,2486988.19,284302.27,1337.09
PROD000871,WATERCOLOR SET 24 COLORS,STATIONERY,ART SUPPLIES,WINSOR & NEWTON,2499.00,626,1869,4670631.00,4734455.75,551609.65,2533.15
PROD000876,CHARCOAL DRAWING SET 20PCS,STATIONERY,ART SUPPLIES,GENERALS,499.00,585,1749,872751.00,937339.84,123089.76,535.93
PROD000667,SEMOLINA RAVA 1KG,GROCERIES,STAPLES,MTR FOODS,69.00,608,1825,125925.00,195109.26,16572.89,106.91
PROD000037,FREEBUDS PRO 3,ELECTRONICS,HEADPHONES,HUAWEI,14999.00,602,1807,27103193.00,27126281.13,3756067.95,15011.78
PROD001066,BUCKET BAG DRAWSTRING,BAGS & LUGGAGE,HANDBAGS,DA MILANO,5999.00,632,1900,11398100.00,11446826.46,1385486.71,6024.65
PROD000747,NOODLES BABY MULTIGRAIN,BABY,BABY FOOD,YOGABAR BABY,149.00,635,1934,288166.00,360918.44,35712.10,186.62
PROD000573,SOCKET WRENCH SET 46PCS,AUTOMOTIVE,TOOLS,STANLEY,2999.00,626,1854,5560146.00,5624600.21,642506.10,3033.76
PROD000281,ARGAN OIL SHAMPOO 400ML,BEAUTY,HAIRCARE,OGX,699.00,647,1912,1336488.00,1408759.80,168425.17,736.80
PROD001212,PIXMA G3010 ALL-IN-ONE,OFFICE SUPPLIES,PRINTERS,CANON,11999.00,610,1876,22510124.00,22495286.08,2957559.41,11991.09
PROD000344,ZERO TO ONE,BOOKS,NON-FICTION,PETER THIEL / VIRGIN BOOKS,499.00,686,2108,1051892.00,1125243.18,104696.42,533.80
PROD000330,EYEBROW TRIMMER PRECISION,BEAUTY,GROOMING TOOLS,VEGA,699.00,618,1834,1281966.00,1349412.64,195832.00,735.78
PROD000599,AXOR APEX FULL FACE,AUTOMOTIVE,HELMETS,AXOR,7999.00,638,1968,15742032.00,15775419.61,2018744.66,8015.97
PROD000563,BIKING GLOVES RIDING,AUTOMOTIVE,MOTORBIKE ACCESSORIES,ROYAL ENFIELD,1499.00,620,1898,2845102.00,2911697.10,342522.41,1534.09
PROD000912,22KT GOLD BANGLES PAIR 10G,JEWELLERY,GOLD,MALABAR GOLD,64000.00,615,1895,121280000.00,120822895.80,17044124.16,63758.78
PROD000519,PYRAMID PUZZLE 3D,TOYS,PUZZLES,EUREKA 3D,999.00,622,1891,1889109.00,1959073.68,235492.88,1036.00
PROD000989,TRADITIONAL KOLHAPURI,FOOTWEAR,MEN FOOTWEAR,METRO,1999.00,633,1875,3748125.00,3803810.20,523780.06,2028.70
PROD000671,MIXED VEGETABLES 500G,GROCERIES,FROZEN FOOD,MCCAIN,129.00,607,1837,236973.00,304514.27,31273.03,165.77
PROD000769,NURSING PILLOW U-SHAPE,BABY,BABY GEAR,MEDELA,2499.00,621,1876,4688124.00,4741835.11,584669.59,2527.63
PROD000922,STERLING SILVER ANKLET PAIR,JEWELLERY,SILVER,VOYLLA,799.00,609,1826,1458974.00,1529775.56,164937.78,837.77
PROD000149,SUSPENDERS ELASTIC,CLOTHING,ACCESSORIES,ALVARO CASTAGNINO,499.00,640,1980,988020.00,1059980.67,136367.48,535.34
PROD000103,REGULAR FIT JEANS 511,CLOTHING,MEN,LEVI'S,2999.00,596,1792,5374208.00,5448709.71,600648.69,3040.57
PROD001155,CARLO ROBELLI VIOLIN 4/4 KIT,MUSIC & INSTRUMENTS,VIOLINS,SAM ASH,12999.00,635,1974,25660026.00,25696819.28,3355288.68,13017.64
PROD000689,IRON SUPPLEMENT WITH FOLIC ACID,HEALTH,SUPPLEMENTS,DEXORANGE,299.00,641,1952,583648.00,656053.63,75675.93,336.09
PROD000621,ORGANIC TOMATOES 1KG,GROCERIES,VEGETABLES,24 MANTRA ORGANIC,99.00,634,1882,186318.00,256812.10,25109.28,136.46
PROD000612,BINGO MAD ANGLES ACHAARI MASTI,GROCERIES,SNACKS,ITC BINGO,30.00,601,1771,53130.00,126910.10,8192.68,71.66
PROD000606,RED BULL ENERGY DRINK 250ML PACK OF 4,GROCERIES,BEVERAGES,RED BULL,399.00,621,1842,734958.00,809535.01,79395.50,439.49
PROD001181,DUALSENSE EDGE WIRELESS CONTROLLER,GAMING,GAMING ACCESSORIES,SONY,17990.00,606,1779,32004210.00,31953869.54,4688564.71,17961.70
PROD000545,RC TANK MILITARY REALISTIC,TOYS,REMOTE CONTROL TOYS,HENG LONG,5999.00,598,1773,10636227.00,10661136.87,1811339.89,6013.05
PROD000417,FOAM ROLLER DEEP TISSUE,SPORTS,FITNESS,AMAZON BASICS,999.00,610,1810,1808190.00,1876327.26,264167.03,1036.64
PROD000658,PAVLOVA MERINGUE 6-INCH,GROCERIES,BAKERY,FLURYS,799.00,568,1664,1329536.00,1393578.59,181425.24,837.49
PROD001098,CABLE ORGANIZER ROLL POUCH,BAGS & LUGGAGE,TRAVEL KITS,COCOON,1999.00,694,2104,4205896.00,4278339.10,538494.73,2033.43
PROD001188,GAMING CHAIR GT890M,GAMING,GAMING ACCESSORIES,GT RACING,14999.00,652,1965,29473035.00,29528859.82,4477961.96,15027.41
PROD000873,PROFESSIONAL PAINTBRUSH SET 12,STATIONERY,ART SUPPLIES,PRINCETON,1299.00,625,1889,2453811.00,2513120.61,258760.99,1330.40
PROD000681,WHEY PROTEIN ISOLATE 1KG,HEALTH,SUPPLEMENTS,OPTIMUM NUTRITION,3499.00,664,2038,7130962.00,7191191.74,1002456.82,3528.55
PROD000521,CATAN SETTLERS OF CATAN,TOYS,BOARD GAMES,CATAN STUDIO,3999.00,661,1979,7914021.00,7968241.04,1134080.55,4026.40
PROD000301,ELECTRIC SHAVER SERIES 9000,BEAUTY,PERSONAL CARE,PHILIPS,12999.00,658,1945,25283055.00,25266175.56,3881878.79,12990.32
PROD000299,ENGLISH PEAR & FREESIA 100ML,BEAUTY,FRAGRANCE,JO MALONE,14500.00,627,1889,27390500.00,27367049.13,3926130.26,14487.59
PROD000642,GREEK YOGURT STRAWBERRY 400G,GROCERIES,DAIRY,EPIGAMIA,129.00,637,1908,246132.00,320077.03,31417.38,167.76
PROD000906,WASHI TAPE SET OF 15,STATIONERY,CRAFT MATERIALS,MT MASKING TAPE,699.00,645,1887,1319013.00,1390672.10,168650.54,736.98
PROD000555,CAR AIR FRESHENER VENT CLIP,AUTOMOTIVE,CAR ACCESSORIES,LITTLE TREES,299.00,613,1767,528333.00,600400.27,65195.51,339.79
PROD001057,HARDSIDE POLYCARBONATE 65CM,BAGS & LUGGAGE,TROLLEYS,ARISTOCRAT,5999.00,648,2010,12057990.00,12076276.66,1526833.91,6008.10
PROD000428,ROCK CLIMBING HARNESS,SPORTS,OUTDOOR,PETZL,4999.00,578,1750,8748250.00,8798091.33,1150412.88,5027.48
PROD000729,DRY SHAMPOO FOAM 150ML,HEALTH,PERSONAL HYGIENE,BATISTE,499.00,640,1906,951094.00,1021659.84,133344.87,536.02
PROD000673,FISH FINGERS 300G,GROCERIES,FROZEN FOOD,GODREJ YUMMIEZ,249.00,641,1969,490281.00,562724.62,73686.65,285.79
PROD001102,LES PAUL STANDARD 60S,MUSIC & INSTRUMENTS,GUITARS,GIBSON,249999.00,636,1883,470748117.00,470177162.86,43235886.97,249695.78
PROD000049,FOSSIL GEN 6,ELECTRONICS,SMARTWATCH,FOSSIL,22995.00,600,1850,42540750.00,42593422.89,5779939.26,23023.47
PROD000389,ALEXANDER HAMILTON,BOOKS,BIOGRAPHIES,RON CHERNOW / HEAD OF ZEUS,699.00,632,1916,1339284.00,1408067.43,165898.50,734.90
PROD000145,FEDORA HAT,CLOTHING,ACCESSORIES,VAN HEUSEN,999.00,615,1868,1866132.00,1934203.37,245444.20,1035.44
PROD001118,KORG MINILOGUE ANALOG SYNTH,MUSIC & INSTRUMENTS,KEYBOARDS,KORG,49999.00,591,1732,86598268.00,86497477.76,12771566.49,49940.81
PROD000740,BIO-DEGRADABLE DIAPERS M 24PCS,BABY,DIAPERS,ECO BY NATY,999.00,620,1874,1872126.00,1939541.14,256800.19,1034.97
PROD000237,FLOOD LIGHT 50W OUTDOOR,HOME,LIGHTING,HAVELLS,1499.00,639,1900,2848100.00,2917105.77,371419.16,1535.32
PROD000951,TEMPLE JEWELLERY GOLD NECKLACE,JEWELLERY,NECKLACES,TANISHQ,85000.00,597,1731,147135000.00,147135402.44,19275974.14,85000.23
PROD000618,CORNITOS NACHOS CHEDDAR 150G,GROCERIES,SNACKS,CORNITOS,80.00,577,1656,132480.00,198236.17,19031.07,119.71
PROD000518,JIGSAW GLOBE 540PC,TOYS,PUZZLES,RAVENSBURGER,1999.00,583,1731,3460269.00,3526027.65,381123.27,2036.99
PROD001220,PORTABLE INKLESS PRINTER MINI,OFFICE SUPPLIES,PRINTERS,HP SPROCKET,6999.00,657,1974,13816026.00,13878819.85,1630100.76,7030.81
PROD001088,"ROLLING LAPTOP TROLLEY 15.6""",BAGS & LUGGAGE,LAPTOP BAGS,CASE LOGIC,4999.00,633,1891,9453109.00,9508329.10,1120390.52,5028.20
PROD000436,SNOOKER CUE BILLIARD SET,SPORTS,INDOOR,BCE,4999.00,639,1877,9383123.00,9424738.52,1179929.29,5021.17
PROD000399,CLAT PREPARATION GUIDE,BOOKS,ENTRANCE PREP,UNIVERSAL LAW PUBLISHING,599.00,639,1899,1137501.00,1213459.07,162763.22,639.00
PROD000080,BOAT AAVANTE BAR 2200D,ELECTRONICS,SPEAKERS,BOAT,7999.00,660,1994,15950006.00,15951772.85,1819387.24,7999.89
PROD000949,INFINITY SYMBOL RING STERLING,JEWELLERY,RINGS,GIVA,1299.00,654,2057,2672043.00,2745888.56,337368.90,1334.90
PROD000849,PET ELECTRIC TRIMMER QUIET,PETS,GROOMING,OSTER,2999.00,610,1843,5527157.00,5582455.07,684289.54,3029.00
PROD001114,ARTURIA KEYLAB ESSENTIAL 61,MUSIC & INSTRUMENTS,KEYBOARDS,ARTURIA,21999.00,651,1935,42568065.00,42587098.46,5211026.05,22008.84
PROD000471,SWIMWEAR JAMMERS ADULT,SPORTS,SWIMMING,SPEEDO,1799.00,646,1945,3499055.00,3557006.89,461350.22,1828.80
PROD001054,CABIN 4-WHEEL SPINNER 55CM,BAGS & LUGGAGE,TROLLEYS,DELSEY,17999.00,636,1893,34072107.00,34056885.91,4402841.11,17990.96
PROD000270,ACNE SPOT TREATMENT GEL,BEAUTY,SKINCARE,LA ROCHE-POSAY,1199.00,632,1945,2332055.00,2396952.10,321693.60,1232.37
PROD000947,EMERALD CUT DIAMOND RING,JEWELLERY,RINGS,ORRA,62000.00,650,1960,121520000.00,121330513.52,14718830.07,61903.32
PROD000087,USB-C HUB 7-IN-1,ELECTRONICS,COMPUTER ACCESSORIES,ANKER,3499.00,659,2015,7050485.00,7108880.58,792580.14,3527.98
PROD000432,BADMINTON RACKET NANORAY 10F,SPORTS,INDOOR,YONEX,1999.00,606,1807,3612193.00,3673372.34,486506.79,2032.86
PROD001018,BADMINTON SHOE SHB65Z3,FOOTWEAR,SPORTS SHOES,YONEX,5999.00,588,1761,10564239.00,10615056.69,1305509.54,6027.86
PROD000505,STAR WARS THE MANDALORIAN,TOYS,ACTION FIGURES,HASBRO,1799.00,646,1931,3473869.00,3538442.38,432123.61,1832.44
PROD000137,KOLHAPURI SANDALS,CLOTHING,FOOTWEAR,METRO,1799.00,618,1912,3439688.00,3502581.54,541792.32,1831.89
PROD000081,MX MASTER 3S MOUSE,ELECTRONICS,COMPUTER ACCESSORIES,LOGITECH,9995.00,615,1841,18400795.00,18422059.62,2394291.15,10006.55
PROD000121,DUNGAREE DENIM SET,CLOTHING,KIDS,H&M,1299.00,610,1804,2343396.00,2412356.75,255774.29,1337.23
PROD001236,WOODEN OFFICE CABINET 2-DOOR,OFFICE SUPPLIES,STORAGE CABINETS,DURIAN,14999.00,646,1909,28633091.00,28691196.34,4197747.15,15029.44
PROD000907,SCRAPBOOK KIT DELUXE,STATIONERY,CRAFT MATERIALS,RECOLLECTIONS,1499.00,627,1927,2888573.00,2956640.19,435399.15,1534.32
PROD000597,ROYAL ENFIELD STREET PRIME,AUTOMOTIVE,HELMETS,ROYAL ENFIELD,4999.00,691,2058,10287942.00,10346317.40,1419191.74,5027.37
PROD000804,WET DOG FOOD POUCH 85G,PETS,DOG FOOD,WHISKAS,89.00,602,1803,160467.00,228550.22,26395.25,126.76
PROD000370,NARUTO VOL 1,BOOKS,COMICS,MASASHI KISHIMOTO / VIZ MEDIA,499.00,592,1800,898200.00,960481.80,87969.44,533.60
PROD000445,FOOTBALL SOCKS ANTI-BLISTER,SPORTS,ATHLETIC WEAR,DECATHLON,499.00,639,1933,964567.00,1031136.31,136613.92,533.44
PROD000159,PATHANI SUIT,CLOTHING,ETHNIC WEAR,SOCH,1999.00,595,1721,3440279.00,3500921.64,363301.92,2034.24
PROD000346,FREAKONOMICS,BOOKS,NON-FICTION,LEVITT & DUBNER / PENGUIN,349.00,609,1850,645650.00,716914.22,74405.48,387.52
PROD000384,LONG WALK TO FREEDOM,BOOKS,BIOGRAPHIES,NELSON MANDELA / ABACUS,549.00,591,1816,996984.00,1067818.83,123432.07,588.01
PROD001063,CROSSBODY BAG MINI CHAIN,BAGS & LUGGAGE,HANDBAGS,ACCESSORIZE,1999.00,668,1952,3902048.00,3964904.28,501782.03,2031.20
PROD001120,AKAI MPK MINI PLAY MK3,MUSIC & INSTRUMENTS,KEYBOARDS,AKAI,12999.00,656,1992,25894008.00,25861810.48,3642249.62,12982.84
PROD000386,MY EXPERIMENTS WITH TRUTH,BOOKS,BIOGRAPHIES,M.K. GANDHI / FINGERPRINT,199.00,627,1920,382080.00,452779.19,50302.16,235.82
PROD000904,SELF-ADHESIVE GOOGLY EYES ASSORTED,STATIONERY,CRAFT MATERIALS,BAKER ROSS,199.00,618,1862,370538.00,438483.51,43754.26,235.49
PROD000141,WOOLLEN MUFFLER,CLOTHING,ACCESSORIES,PETER ENGLAND,599.00,567,1702,1019498.00,1082070.97,126137.92,635.76
PROD000382,ELON MUSK,BOOKS,BIOGRAPHIES,WALTER ISAACSON / SIMON & SCHUSTER,799.00,646,1980,1582020.00,1648323.67,205369.52,832.49
PROD000897,SHARPENER DOUBLE HOLE METAL,STATIONERY,WRITING TOOLS,MAPED,149.00,637,1955,291295.00,362443.88,35879.10,185.39
PROD000407,PANCHATANTRA STORIES,BOOKS,CHILDREN BOOKS,WILCO PUBLISHING,199.00,615,1795,357205.00,429245.36,39016.97,239.13
PROD000663,TOOR DAL 1KG,GROCERIES,STAPLES,PATANJALI,149.00,571,1722,256578.00,321996.59,28099.87,186.99
PROD000097,NINTENDO SWITCH LITE,ELECTRONICS,GAMING CONSOLES,NINTENDO,19490.00,598,1823,35530270.00,35481908.90,4606497.52,19463.47
PROD000187,COFFEE TABLE GLASS TOP,HOME,FURNITURE,URBAN LADDER,12999.00,619,1902,24724098.00,24748156.21,3254901.97,13011.65
PROD000312,LOOFAH BATH SPONGE,BEAUTY,BATH & BODY,VEGA,149.00,617,1827,272223.00,344753.59,26864.52,188.70
PROD001156,CECILIO CVN-300 VIOLIN,MUSIC & INSTRUMENTS,VIOLINS,CECILIO,9999.00,640,1955,19548045.00,19566086.00,2493759.95,10008.23
PROD001028,WOODLAND OUTDOOR LACE UP,FOOTWEAR,CASUAL SHOES,WOODLAND,3799.00,642,1903,7229497.00,7270409.80,1084537.27,3820.50
PROD000155,LEHENGA CHOLI,CLOTHING,ETHNIC WEAR,W FOR WOMAN,5999.00,630,1936,11614064.00,11647594.32,1600433.40,6016.32
PROD000124,FROCK FLORAL PRINT,CLOTHING,KIDS,HOPSCOTCH,999.00,659,1923,1921077.00,1992918.69,234721.44,1036.36
PROD000709,FOOT MASSAGER ELECTRIC,HEALTH,WELLNESS PRODUCTS,LIFELONG,1999.00,679,2012,4021988.00,4085822.26,631033.94,2030.73
PROD000930,SILVER BALI EARRINGS 92.5,JEWELLERY,SILVER,CARATLANE,1799.00,610,1831,3293969.00,3356832.78,405285.03,1833.33
PROD000486,LIGHT & SOUND PIANO,TOYS,INFANT,FISHER-PRICE,1499.00,607,1865,2795635.00,2863199.67,351903.25,1535.23
PROD001165,HOGWARTS LEGACY PC,GAMING,PC GAMES,WB GAMES,3299.00,625,1880,6202120.00,6259727.75,781127.01,3329.64
PROD000280,HIGHLIGHTER CHAMPAGNE POP,BEAUTY,MAKEUP,BECCA,3499.00,652,1984,6942016.00,7005283.64,779345.47,3530.89
PROD000661,BASMATI RICE PREMIUM 5KG,GROCERIES,STAPLES,INDIA GATE,699.00,639,1970,1377030.00,1447897.52,192807.54,734.97
PROD000670,CHANA DAL 1KG,GROCERIES,STAPLES,VEDAKA,109.00,601,1845,201105.00,270719.07,27158.04,146.73
PROD000650,SOUR CREAM 200ML,GROCERIES,DAIRY,DLECTA,99.00,652,1956,193644.00,267879.07,26891.32,136.95
PROD000817,DRY CAT FOOD SENSITIVE 2KG,PETS,CAT FOOD,IAMS,1499.00,654,1993,2987507.00,3051661.15,364511.25,1531.19
PROD001159,V3 SERIES STUDENT VIOLIN,MUSIC & INSTRUMENTS,VIOLINS,SCOTT CAO,34999.00,642,1866,65308134.00,65183141.85,7521348.79,34932.02
PROD001208,UBISOFT CREDITS RS.1500,GAMING,GAME CODES,UBISOFT,1500.00,648,1951,2926500.00,2995235.77,404027.57,1535.23
PROD000129,SWIMMING COSTUME,CLOTHING,KIDS,SPEEDO,1299.00,642,1973,2562927.00,2627639.34,265056.27,1331.80
PROD001182,XBOX ELITE SERIES 2 CONTROLLER,GAMING,GAMING ACCESSORIES,MICROSOFT,17999.00,672,2003,36051997.00,36016817.73,5392091.43,17981.44
PROD000315,BATH SALTS EPSOM 500G,BEAUTY,BATH & BODY,PRISTINE PURE,299.00,613,1868,558532.00,630015.24,80179.74,337.27
PROD001132,SCARLETT SOLO 4TH GEN USB INTERFACE,MUSIC & INSTRUMENTS,STUDIO EQUIPMENT,FOCUSRITE,9999.00,636,1901,19008099.00,19002635.00,2329191.97,9996.13
PROD000220,PRESSURE COOKER 5L INDUCTION,HOME,KITCHEN,HAWKINS,2199.00,655,1925,4233075.00,4306059.88,561313.12,2236.91
PROD000117,SATIN WRAP TOP,CLOTHING,WOMEN,VERO MODA,1599.00,635,1923,3074877.00,3137696.42,391158.73,1631.67
PROD000398,NDA MATHEMATICS GUIDE,BOOKS,ENTRANCE PREP,R.S. AGGARWAL / S.CHAND,549.00,665,1912,1049688.00,1121138.82,133990.43,586.37
PROD000940,CRYSTAL DROP EARRINGS LONG,JEWELLERY,FASHION JEWELLERY,YOUBELLA,399.00,617,1890,754110.00,824038.25,103806.55,436.00
PROD001050,SPORTS BACKPACK GYMBAG 20L,BAGS & LUGGAGE,BACKPACKS,ADIDAS,1999.00,700,2182,4361818.00,4439170.46,629746.06,2034.45
PROD000356,OP TANDON ORGANIC CHEMISTRY,BOOKS,EDUCATIONAL,O.P. TANDON / GRB,699.00,658,2055,1436445.00,1507913.12,162932.72,733.78
PROD001235,OPEN SHELF BOOKCASE 5-SHELF,OFFICE SUPPLIES,STORAGE CABINETS,IKEA,9999.00,620,1805,18048195.00,18044257.53,2326706.91,9996.82
PROD000215,ELECTRIC KETTLE 1.7L,HOME,KITCHEN,PIGEON,999.00,636,1908,1906092.00,1973065.58,241667.02,1034.10
PROD000335,HARRY POTTER BOX SET 7 BOOKS,BOOKS,FICTION,J.K. ROWLING / BLOOMSBURY,4999.00,605,1814,9068186.00,9096696.81,1113401.55,5014.72
PROD000789,NEWBORN HAT & SOCKS SET,BABY,CLOTHING,CHICCO,399.00,591,1769,705831.00,768464.69,103320.43,434.41
PROD000542,DJI MINI 3 DRONE,TOYS,REMOTE CONTROL TOYS,DJI,41999.00,633,1917,80512083.00,80408269.04,10594269.96,41944.85
PROD001142,SM58 DYNAMIC VOCAL MIC,MUSIC & INSTRUMENTS,MICROPHONES,SHURE,9999.00,656,1969,19688031.00,19695900.73,2443298.82,10003.00
PROD000083,DEATHADDER V3 MOUSE,ELECTRONICS,COMPUTER ACCESSORIES,RAZER,8499.00,628,1887,16037613.00,16053344.30,2139723.22,8507.34
PROD000353,RD SHARMA MATHEMATICS CLASS 10,BOOKS,EDUCATIONAL,R.D. SHARMA / DHANPAT RAI,399.00,626,1914,763686.00,833745.14,123514.26,435.60
PROD001145,NT1 5TH GEN STUDIO MIC,MUSIC & INSTRUMENTS,MICROPHONES,RODE,34999.00,610,1897,66393103.00,66246784.11,8809076.07,34921.87
PROD001239,SECURE DOCUMENT CABINET FIREPROOF,OFFICE SUPPLIES,STORAGE CABINETS,SENTRYSAFE,12999.00,634,1942,25244058.00,25275533.64,3126036.83,13015.21
PROD000773,BABY OIL MINERAL 200ML,BABY,BATH & SKIN CARE,DABUR LAL TAIL,169.00,670,2007,339183.00,416860.52,43143.34,207.70
PROD000020,RAZER BLADE 15,ELECTRONICS,LAPTOP,RAZER,229990.00,635,1923,442270770.00,440272298.61,63543687.56,228950.75
PROD000749,MILLET BERRY PORRIDGE 200G,BABY,BABY FOOD,SLURP FARM,349.00,579,1726,602374.00,669505.60,71664.01,387.89
PROD000508,"HE-MAN MASTERVERSE 7""",TOYS,ACTION FIGURES,MATTEL,1499.00,641,1902,2851098.00,2919970.49,471559.16,1535.21
PROD000165,WINDBREAKER JACKET,CLOTHING,WINTER WEAR,WILDCRAFT,3499.00,642,1939,6784561.00,6836702.99,937199.67,3525.89
PROD000420,WHEY PROTEIN 2KG CHOCOLATE,SPORTS,FITNESS,OPTIMUM NUTRITION,4999.00,614,1853,9263147.00,9321472.45,1199538.92,5030.48
PROD000263,NIACINAMIDE 10% + ZINC 1%,BEAUTY,SKINCARE,THE ORDINARY,790.00,642,2008,1586320.00,1655251.07,219552.30,824.33
PROD001179,MORTAL KOMBAT 1 XBOX,GAMING,CONSOLE GAMES,NETHERREALM / WB,3499.00,613,1803,6308697.00,6355654.74,767418.34,3525.04
PROD000624,BROCCOLI 500G,GROCERIES,VEGETABLES,FRESHO,89.00,632,1908,169812.00,243885.04,16356.93,127.82
PROD000018,SURFACE LAPTOP 5,ELECTRONICS,LAPTOP,MICROSOFT,129999.00,624,1908,248038092.00,247443815.90,33396201.66,129687.53
PROD001177,SUPER MARIO BROS WONDER SWITCH,GAMING,CONSOLE GAMES,NINTENDO,3999.00,609,1825,7298175.00,7339257.06,1138163.98,4021.51
PROD001187,ELGATO HD60 X CAPTURE CARD,GAMING,GAMING ACCESSORIES,ELGATO,17999.00,624,1833,32992167.00,32977926.38,3261962.53,17991.23
PROD000262,VITAMIN C SERUM 20%,BEAUTY,SKINCARE,THE ORDINARY,1490.00,605,1832,2729680.00,2797534.93,293236.81,1527.04
PROD000731,PREMIUM CARE PANTS SIZE L 48PCS,BABY,DIAPERS,PAMPERS,1199.00,627,1907,2286493.00,2352234.47,321706.79,1233.47
PROD000413,RESISTANCE BANDS SET OF 5,SPORTS,FITNESS,FIT SIMPLIFY,999.00,601,1771,1769229.00,1837232.76,227826.15,1037.40
PROD000857,WHITEBOARD MARKERS 4-COLOR,STATIONERY,PENS,FABER-CASTELL,399.00,626,1840,734160.00,809551.80,102766.20,439.97
PROD001123,TD-1DMK V-DRUMS ELECTRONIC,MUSIC & INSTRUMENTS,DRUMS,ROLAND,69999.00,632,1858,130058142.00,130002357.27,21962250.60,69968.98
PROD000392,NEET 40 YEARS SOLVED PAPERS,BOOKS,ENTRANCE PREP,MTG EDITORIAL BOARD / MTG,799.00,630,1886,1506914.00,1571231.98,133065.87,833.10
PROD000874,CANVAS BOARD 12X16 PACK OF 3,STATIONERY,ART SUPPLIES,BRUSTRO,599.00,634,1877,1124323.00,1197409.09,148452.35,637.94
PROD001194,VALVE INDEX PC VR FULL KIT,GAMING,VR DEVICES,VALVE,89999.00,650,1961,176488039.00,176314465.15,26647333.60,89910.49
PROD000162,FLEECE HOODIE,CLOTHING,WINTER WEAR,THE NORTH FACE,5999.00,643,1989,11932011.00,11976561.19,1838632.64,6021.40
PROD000403,DIARY OF A WIMPY KID,BOOKS,CHILDREN BOOKS,JEFF KINNEY / PUFFIN,449.00,619,1793,805057.00,876462.11,89823.61,488.82
PROD000768,DIAPER BACKPACK BAG WATERPROOF,BABY,BABY GEAR,SKIP HOP,3999.00,647,1986,7942014.00,7987754.20,939759.43,4022.03
PROD000770,BABY BATH TUB FOLDABLE,BABY,BABY GEAR,MEE MEE,1499.00,673,2055,3080445.00,3154073.61,404022.26,1534.83
PROD001253,CARBONLESS COPY PAPER A4 500,OFFICE SUPPLIES,PAPER SUPPLIES,BILT,799.00,670,2018,1612382.00,1692391.48,203588.39,838.65
PROD000707,EYE MASSAGER ELECTRIC,HEALTH,WELLNESS PRODUCTS,RENPHO,3499.00,630,1885,6595615.00,6655669.08,857631.82,3530.86
PROD000199,BAMBOO PHOTO FRAME SET,HOME,DECOR,INDDUS,799.00,646,1939,1549261.00,1618842.63,178309.60,834.89
PROD000022,ALPHA A7 IV,ELECTRONICS,CAMERA,SONY,229990.00,646,1911,439510890.00,438427741.71,70237752.35,229423.20
PROD000690,COLLAGEN POWDER 250G,HEALTH,SUPPLEMENTS,SWISSE,1999.00,608,1840,3678160.00,3730770.61,402350.63,2027.59
PROD000986,SLIP-ON CANVAS SNEAKER,FOOTWEAR,MEN FOOTWEAR,VANS,4995.00,624,1885,9415575.00,9482564.27,1243359.23,5030.54
PROD000130,RAINCOAT WITH HOOD,CLOTHING,KIDS,COLUMBIA,1799.00,628,1987,3574613.00,3638479.58,466611.02,1831.14
PROD000984,FORMAL OXFORD BROGUE,FOOTWEAR,MEN FOOTWEAR,RED TAPE,3499.00,611,1863,6518637.00,6573621.56,845017.71,3528.51
PROD000357,OBJECTIVE PHYSICS FOR NEET,BOOKS,EDUCATIONAL,ARIHANT PUBLICATIONS,549.00,601,1796,986004.00,1054337.94,151323.21,587.05
PROD000965,MEN'S LEATHER CUFF BRACELET,JEWELLERY,BRACELETS,VOYLLA,699.00,612,1852,1294548.00,1361065.02,149062.64,734.92
PROD000433,"CHESS SET WOODEN 14""",SPORTS,INDOOR,WE GAMES,1299.00,676,2024,2629176.00,2699054.32,325455.68,1333.52
PROD001042,OSPREY FARPOINT 40L TRAVEL,BAGS & LUGGAGE,BACKPACKS,OSPREY,14999.00,654,2008,30117992.00,30149865.43,4654282.46,15014.87
PROD001082,"SLEEVE 13"" MACBOOK FELT",BAGS & LUGGAGE,LAPTOP BAGS,TOMTOC,1499.00,592,1749,2621751.00,2688498.22,337468.76,1537.16
PROD001169,MICROSOFT FLIGHT SIMULATOR,GAMING,PC GAMES,XBOX GAME STUDIOS,3999.00,604,1773,7090227.00,7125743.38,860036.90,4019.03
PROD000684,OMEGA 3 FISH OIL 1000MG,HEALTH,SUPPLEMENTS,NATURE MADE,999.00,610,1893,1891107.00,1968357.19,219529.57,1039.81
PROD000221,GARDEN HOSE EXPANDABLE 30M,HOME,GARDEN,AMKOY,1499.00,567,1707,2558793.00,2615429.79,334405.64,1532.18
PROD000122,COTTON T-SHIRT PACK OF 3,CLOTHING,KIDS,MOTHERCARE,899.00,592,1812,1628988.00,1695258.63,264897.22,935.57
PROD000739,SENSITIVE SKIN DIAPER PANTS L 40PCS,BABY,DIAPERS,PAMPERS PURE,1299.00,622,1844,2395356.00,2462920.06,253839.84,1335.64
PROD001005,LED LIGHT SHOES KIDS,FOOTWEAR,KIDS FOOTWEAR,SKECHERS,2999.00,632,1835,5503165.00,5556966.67,700035.25,3028.32
PROD000247,SILK PILLOWCASE SET OF 2,HOME,BEDDINGS,BEDSURE,1299.00,638,1865,2422635.00,2499099.20,314335.73,1340.00
PROD000683,VITAMIN D3 2000IU 90 CAPS,HEALTH,SUPPLEMENTS,NOW FOODS,799.00,642,1942,1551658.00,1617321.17,167009.57,832.81
PROD000865,WATERPROOF NOTEBOOK A5,STATIONERY,NOTEBOOKS,RITE IN THE RAIN,699.00,619,1856,1297344.00,1363813.43,175538.05,734.81
PROD000429,OUTDOOR SUNGLASSES POLARIZED,SPORTS,OUTDOOR,OAKLEY,9999.00,660,2003,20027997.00,20045515.47,2704269.09,10007.75
PROD000252,SHOE RACK 4-TIER,HOME,HOME STORAGE,NILKAMAL,2499.00,623,1856,4638144.00,4696202.48,530732.13,2530.28
PROD000041,APPLE WATCH SERIES 9,ELECTRONICS,SMARTWATCH,APPLE,41900.00,606,1831,76718900.00,76619514.89,9695582.95,41845.72
PROD000106,FORMAL TROUSERS,CLOTHING,MEN,VAN HEUSEN,1999.00,622,1837,3672163.00,3736001.59,478708.26,2033.75
PROD000682,MULTIVITAMIN MEN 60 TABLETS,HEALTH,SUPPLEMENTS,ONE A DAY,999.00,630,1929,1927071.00,1996580.32,217851.11,1035.03
PROD000496,WORLD MAP FLOOR PUZZLE 100 PCS,TOYS,EDUCATIONAL,FRANK PUZZLES,599.00,624,1834,1098566.00,1171540.13,139929.52,638.79
PROD000659,WHOLE WHEAT RUSK 300G,GROCERIES,BAKERY,BRITANNIA,75.00,633,1815,136125.00,210785.84,18511.32,116.14
PROD000601,DARJEELING TEA 250G,GROCERIES,BEVERAGES,TWININGS,399.00,617,1903,759297.00,826032.57,106941.12,434.07
PROD000034,GALAXY BUDS2 PRO,ELECTRONICS,HEADPHONES,SAMSUNG,12999.00,621,1839,23905161.00,23981534.10,2509588.74,13040.53
PROD000133,CHELSEA BOOTS LEATHER,CLOTHING,FOOTWEAR,CLARKS,9999.00,630,1880,18798120.00,18805223.40,2710859.27,10002.78
PROD000246,WEIGHTED BLANKET 9KG,HOME,BEDDINGS,GRAVITY,6999.00,618,1834,12836166.00,12883818.01,1640631.03,7024.98
PROD000936,KUNDAN MAANG TIKKA,JEWELLERY,FASHION JEWELLERY,ZAVERI PEARLS,499.00,651,1945,970555.00,1045317.12,111440.21,537.44
PROD000571,OBD2 DIAGNOSTIC SCANNER,AUTOMOTIVE,TOOLS,AUTEL,4999.00,647,2007,10032993.00,10099055.96,1284361.46,5031.92
PROD000553,CAR VACUUM CLEANER WET & DRY,AUTOMOTIVE,CAR ACCESSORIES,EUREKA FORBES,1999.00,668,2016,4029984.00,4092656.97,637913.07,2030.09
PROD000999,MULE SLIDE SANDAL,FOOTWEAR,WOMEN FOOTWEAR,ZARA,3499.00,594,1849,6469651.00,6539300.80,742374.11,3536.67
PROD000260,FOLDABLE STORAGE OTTOMAN,HOME,HOME STORAGE,STOOLS & MORE,1999.00,599,1735,3468265.00,3532433.49,508991.98,2035.98
PROD000206,VACUUM CLEANER WET & DRY,HOME,APPLIANCES,EUREKA FORBES,5999.00,621,1956,11734044.00,11766556.19,1599060.32,6015.62
PROD000725,CHARCOAL TOOTHPASTE 100G,HEALTH,PERSONAL HYGIENE,HIMALAYA,149.00,634,1870,278630.00,353717.82,32425.47,189.15
PROD000845,PET DRYER BLOW DRYER 2000W,PETS,GROOMING,XPOWER,2999.00,642,1910,5728090.00,5786487.90,860725.81,3029.57
PROD000148,SPORTS SOCKS PACK OF 6,CLOTHING,ACCESSORIES,ADIDAS,999.00,578,1748,1746252.00,1808028.42,243486.00,1034.34
PROD000983,DESERT BOOT CREPE SOLE,FOOTWEAR,MEN FOOTWEAR,CLARKS,8999.00,647,1952,17566048.00,17593383.87,2422992.35,9013.00
PROD000593,AIRFLITE FULL FACE,AUTOMOTIVE,HELMETS,ICON,19999.00,590,1737,34738263.00,34759390.44,4575001.33,20011.16
PROD000588,"SUBWOOFER 10"" 1000W",AUTOMOTIVE,CAR ELECTRONICS,JBL,7999.00,686,2074,16589926.00,16632159.48,2321185.91,8019.36
PROD000241,KING SIZE COMFORTER 200 GSM,HOME,BEDDINGS,D'DECOR,4999.00,635,1911,9553089.00,9573725.75,1341969.19,5009.80
PROD000967,RAKHI BRACELET KUNDAN,JEWELLERY,BRACELETS,ZAVERI PEARLS,499.00,577,1674,835326.00,904194.09,82635.02,540.14
PROD000580,CAR BATTERY CHARGER 10A,AUTOMOTIVE,TOOLS,NOCO GENIUS,5999.00,649,1990,11938010.00,11973848.28,1721393.40,6017.01
PROD000391,JEE ADVANCED PREVIOUS PAPERS,BOOKS,ENTRANCE PREP,ARIHANT PUBLICATIONS,699.00,671,2020,1411980.00,1485657.50,229790.69,735.47
PROD000688,PROBIOTIC 50 BILLION CFU,HEALTH,SUPPLEMENTS,ALIGN,1499.00,649,1869,2801631.00,2869197.76,326318.42,1535.15
PROD000074,SOUNDLINK MAX,ELECTRONICS,SPEAKERS,BOSE,29900.00,581,1733,51816700.00,51779997.54,6098890.02,29878.82
PROD000179,CYCLING SHORTS,CLOTHING,INNERWEAR,ADIDAS,1799.00,628,1850,3328150.00,3390692.00,487332.10,1832.81
PROD000512,RUBIK'S CUBE 3X3 CLASSIC,TOYS,PUZZLES,RUBIK'S,699.00,633,1908,1333692.00,1405699.91,183425.98,736.74
PROD001020,WRESTLING SHOE SPEED 5,FOOTWEAR,SPORTS SHOES,NIKE,8995.00,644,1895,17045525.00,17039958.80,2469736.00,8992.06
PROD000948,THREE STONE RUBY RING,JEWELLERY,RINGS,KALYAN JEWELLERS,35000.00,655,1956,68460000.00,68378484.18,7982662.37,34958.33
PROD000968,RUDRAKSHA BRACELET 8MM,JEWELLERY,BRACELETS,SHIV JAGDAMBA,499.00,565,1636,816364.00,878285.13,109424.57,536.85
PROD001039,MEN LOAFER CORPORATE,FOOTWEAR,FORMAL SHOES,VAN HEUSEN,3999.00,667,2021,8081979.00,8146944.60,1160013.73,4031.15
PROD000699,TENS THERAPY UNIT 2-CHANNEL,HEALTH,MEDICAL EQUIPMENT,DR. TRUST,2999.00,628,1911,5731089.00,5797371.46,815122.39,3033.68
PROD000273,KAJAL INTENSE BLACK,BEAUTY,MAKEUP,LAKME,199.00,628,1833,364767.00,437515.39,43189.73,238.69
PROD001033,PATENT LEATHER OXFORD,FOOTWEAR,FORMAL SHOES,STACY ADAMS,6999.00,661,1958,13704042.00,13765703.49,1555422.94,7030.49
PROD000227,GARDEN GLOVES THORNPROOF,HOME,GARDEN,BELLINGHAM,699.00,596,1776,1241424.00,1309335.97,172002.88,737.24
PROD000929,SILVER GANESH IDOL 50G,JEWELLERY,SILVER,P.C. CHANDRA,4999.00,603,1819,9093181.00,9134680.91,1206310.54,5021.81
PROD000889,"BINDER 3-RING 2"" D-RING",STATIONERY,FILES & FOLDERS,AVERY,399.00,622,1820,726180.00,796845.62,96282.85,437.83
PROD000228,RAISED BED PLANTER BOX,HOME,GARDEN,UGAOO,2499.00,623,1815,4535685.00,4604489.85,574982.50,2536.91
PROD000497,ABACUS COUNTING BEADS,TOYS,EDUCATIONAL,SKILLOFUN,499.00,634,1982,989018.00,1061912.67,129368.79,535.78
PROD000879,GOUACHE SET 12 COLORS,STATIONERY,ART SUPPLIES,M. GRAHAM,1999.00,643,1904,3806096.00,3874322.14,543005.81,2034.83
PROD000686,ASHWAGANDHA KSM-66 60 CAPS,HEALTH,SUPPLEMENTS,HIMALAYA,549.00,620,1945,1067805.00,1136451.32,128568.98,584.29
PROD000961,GOLD BANGLE 22KT 8G,JEWELLERY,BRACELETS,TANISHQ,52000.00,596,1811,94172000.00,94166630.57,11603237.10,51997.04
PROD000021,EOS R6 MARK II,ELECTRONICS,CAMERA,CANON,239990.00,650,1987,476860130.00,475348997.40,61051083.67,239229.49
PROD000483,BABY MUSICAL MOBILE,TOYS,INFANT,TINY LOVE,3499.00,563,1676,5864324.00,5914048.26,689867.62,3528.67
PROD000082,MAGIC KEYBOARD,ELECTRONICS,COMPUTER ACCESSORIES,APPLE,10900.00,658,1939,21135100.00,21184165.50,2625509.36,10925.30
PROD000558,TYRE INFLATOR PORTABLE 150PSI,AUTOMOTIVE,CAR ACCESSORIES,QUBO,2999.00,643,1877,5629123.00,5700467.85,720209.33,3037.01
PROD000109,BOMBER JACKET,CLOTHING,MEN,JACK & JONES,3999.00,649,1981,7922019.00,7998205.67,927740.28,4037.46
PROD000290,ANTI-DANDRUFF SHAMPOO,BEAUTY,HAIRCARE,HEAD & SHOULDERS,349.00,636,1895,661355.00,733341.41,85132.08,386.99
PROD000451,CRICKET BAT ENGLISH WILLOW,SPORTS,SPORTS EQUIPMENT,SG,7999.00,624,1849,14790151.00,14832421.48,1667498.04,8021.86
PROD000207,GEYSER INSTANT 3L,HOME,APPLIANCES,BAJAJ,3499.00,630,1877,6567623.00,6612555.30,799638.47,3522.94
PROD000233,SMART BULB RGB WI-FI,HOME,LIGHTING,PHILIPS HUE,2499.00,635,1860,4648140.00,4714843.10,726709.75,2534.86
PROD001203,STEAM WALLET RS.1000 CODE,GAMING,GAME CODES,VALVE STEAM,1000.00,607,1854,1854000.00,1919389.03,225120.50,1035.27
PROD000796,INSULATED BOTTLE BAG,BABY,FEEDING ESSENTIALS,SKIP HOP,799.00,596,1763,1408637.00,1474966.39,183064.88,836.62
PROD000395,GATE ELECTRONICS & COMMUNICATION,BOOKS,ENTRANCE PREP,MADE EASY TEAM,799.00,610,1823,1456577.00,1530525.44,215238.88,839.56
PROD000754,CHEWABLE TEETHER ELEPHANT,BABY,TOYS,SOPHIE LA GIRAFE,1299.00,626,1793,2329107.00,2395465.25,295385.04,1336.01
PROD000990,SLIPPERS HAWAI FLIP FLOP,FOOTWEAR,MEN FOOTWEAR,BATA,499.00,656,1994,995006.00,1066925.00,126620.26,535.07
PROD000317,SHOWER GEL ROSE 200ML,BEAUTY,BATH & BODY,DOVE,199.00,611,1854,368946.00,435856.65,47914.13,235.09
PROD000500,MICROSCOPE KIT 300X,TOYS,EDUCATIONAL,NATIONAL GEOGRAPHIC,2999.00,603,1804,5410196.00,5470150.47,584505.95,3032.23
PROD000972,SPEEDMASTER MOONWATCH PROFESSIONAL,JEWELLERY,WATCHES,OMEGA,580000.00,647,1883,1092140000.00,1090737747.56,130765576.20,579255.31
PROD000758,SPINNING TOP MUSICAL,BABY,TOYS,CHICCO,999.00,618,1916,1914084.00,1981326.64,222590.97,1034.10
PROD000995,WEDGE SANDAL CORK,FOOTWEAR,WOMEN FOOTWEAR,SKECHERS,3499.00,647,1949,6819551.00,6879701.44,832929.65,3529.86
PROD000609,KOKUM SHARBAT 750ML,GROCERIES,BEVERAGES,MALA'S,199.00,591,1788,355812.00,425476.07,45549.59,237.96
PROD000954,LAYERED CHAIN NECKLACE SILVER,JEWELLERY,NECKLACES,GIVA,2499.00,633,1920,4798080.00,4873661.86,580237.52,2538.37
PROD000465,CYCLE LOCK D-TYPE,SPORTS,CYCLING,KRYPTONITE,1999.00,648,1973,3944027.00,4008066.26,549276.25,2031.46
PROD000139,FORMAL OXFORD SHOES,CLOTHING,FOOTWEAR,LEE COOPER,2999.00,624,1905,5713095.00,5773431.91,694225.74,3030.67
PROD000482,SOFT RATTLE SET PACK OF 5,TOYS,INFANT,NUBY,799.00,645,1929,1541271.00,1612677.35,197786.13,836.02
PROD000052,"QN90C NEO QLED 55""",ELECTRONICS,TV,SAMSUNG,159990.00,650,1941,310540590.00,310306958.26,34151173.41,159869.63
PROD001089,"CROSSBODY LAPTOP BAG 13""",BAGS & LUGGAGE,LAPTOP BAGS,KNOMO,7999.00,604,1841,14726159.00,14759339.42,1741692.76,8017.02
PROD000333,IT ENDS WITH US,BOOKS,FICTION,COLLEEN HOOVER / SIMON & SCHUSTER,349.00,568,1744,608656.00,674591.84,58070.18,386.81
PROD000300,BVLGARI MAN IN BLACK EDP 100ML,BEAUTY,FRAGRANCE,BVLGARI,9500.00,652,1930,18335000.00,18371786.83,2507733.03,9519.06
PROD000025,FUJIFILM X-T5,ELECTRONICS,CAMERA,FUJIFILM,159990.00,650,1989,318220110.00,317015037.79,39054585.34,159384.13
PROD000414,PULL-UP BAR DOORWAY,SPORTS,FITNESS,AURION,1299.00,638,1915,2487585.00,2561163.45,332822.63,1337.42
PROD000587,360° DASH CAM 4 LENS,AUTOMOTIVE,CAR ELECTRONICS,VIOFO,12999.00,599,1785,23203215.00,23230680.72,2852990.88,13014.39
PROD000328,STRAIGHTENING COMB HEATED,BEAUTY,GROOMING TOOLS,IKONIC,2199.00,579,1747,3841653.00,3898901.39,450322.38,2231.77
PROD001144,AT2020 CARDIOID CONDENSER,MUSIC & INSTRUMENTS,MICROPHONES,AUDIO-TECHNICA,8999.00,663,1984,17854016.00,17904414.15,2034418.48,9024.40
PROD000210,WATER PURIFIER RO+UV,HOME,APPLIANCES,KENT,14999.00,637,1910,28648090.00,28655802.28,4614886.53,15003.04
PROD000011,MACBOOK AIR M2,ELECTRONICS,LAPTOP,APPLE,114900.00,636,1867,214518300.00,214168535.61,29529914.72,114712.66
PROD000529,LUDO CLASSIC DELUXE,TOYS,BOARD GAMES,FRANK PUZZLES,699.00,637,1919,1341381.00,1411025.87,168953.68,735.29
PROD001249,NEBULA CAPSULE 3 PROJECTOR,OFFICE SUPPLIES,PROJECTORS,ANKER NEBULA,99999.00,606,1780,177998220.00,177625976.92,19574156.27,99789.87
PROD000229,BONSAI STARTER KIT,HOME,GARDEN,PLANTOGALLERY,1499.00,668,2060,3087940.00,3153841.58,444558.41,1530.99
PROD001129,DW COLLECTORS SERIES SNARE,MUSIC & INSTRUMENTS,DRUMS,DW DRUMS,59999.00,651,1926,115558074.00,115504653.96,15240976.86,59971.26
PROD000271,FOUNDATION STAY MATTE 24HR,BEAUTY,MAKEUP,MAYBELLINE,699.00,617,1872,1308528.00,1377388.76,153103.29,735.78
PROD000265,SUNSCREEN SPF 60 PA++++,BEAUTY,SKINCARE,RE'EQUIL,545.00,653,2006,1093270.00,1166774.57,136343.19,581.64
PROD000693,DIGITAL THERMOMETER,HEALTH,MEDICAL EQUIPMENT,DR. MOREPEN,299.00,644,1948,582452.00,657342.71,70349.13,337.44
PROD000073,CHARGE 5 PORTABLE,ELECTRONICS,SPEAKERS,JBL,14999.00,639,1884,28258116.00,28238132.38,4550388.28,14988.39
PROD000976,TITAN EDGE SLIM WATCH,JEWELLERY,WATCHES,TITAN,12995.00,624,1949,25327255.00,25305590.39,3437263.90,12983.88
PROD000418,WEIGHT BENCH ADJUSTABLE,SPORTS,FITNESS,POWERBLOCK,8999.00,646,1939,17449061.00,17491357.58,2105481.18,9020.81
PROD000347,BECOMING,BOOKS,NON-FICTION,MICHELLE OBAMA / CROWN,599.00,623,1819,1089581.00,1158900.66,133015.46,637.11
PROD000509,POWER RANGERS 5-PACK,TOYS,ACTION FIGURES,HASBRO,2499.00,618,1863,4655637.00,4719213.70,594383.68,2533.13
PROD001041,CLASSIC BACKPACK 25L,BAGS & LUGGAGE,BACKPACKS,THE NORTH FACE,5999.00,644,1915,11488085.00,11548432.92,1516680.71,6030.51
PROD001244,VIEWSONIC PA503W 3600L WXGA,OFFICE SUPPLIES,PROJECTORS,VIEWSONIC,44999.00,631,1918,86308082.00,86159052.94,9887249.03,44921.30
PROD000470,BIKE PUMP FLOOR GAUGE,SPORTS,CYCLING,DECATHLON,1499.00,638,1940,2908060.00,2977554.15,357754.89,1534.82
PROD000669,SUGAR REFINED 5KG,GROCERIES,STAPLES,DHAMPUR GREEN,249.00,663,1965,489285.00,564157.96,58842.03,287.10
PROD000195,DREAM CATCHER BOHO,HOME,DECOR,NAMO HANDICRAFTS,599.00,631,1921,1150679.00,1223808.76,141192.38,637.07
PROD001029,HRX TRAIL RUNNER LITE,FOOTWEAR,CASUAL SHOES,HRX BY HRITHIK,2299.00,612,1801,4140499.00,4193011.09,495039.34,2328.16
PROD000615,KURKURE MASALA MUNCH 100G,GROCERIES,SNACKS,KURKURE,20.00,645,1949,38980.00,110707.48,5230.38,56.80
PROD000625,CHERRY TOMATOES 250G,GROCERIES,VEGETABLES,NATURE'S BASKET,79.00,614,1837,145123.00,217647.21,18505.48,118.48
PROD000510,AVENGERS ENDGAME 10-PIECE SET,TOYS,ACTION FIGURES,MARVEL LEGENDS,7999.00,664,2012,16093988.00,16122865.17,2310894.60,8013.35
PROD000591,AEROBLADE 5 FULL FACE,AUTOMOTIVE,HELMETS,AGV,29999.00,629,1921,57628079.00,57515599.75,7663410.99,29940.45
PROD000716,TRIPHALA TABLETS 120,HEALTH,AYURVEDA,HIMALAYA,199.00,630,1931,384269.00,456099.73,46086.59,236.20
PROD000668,MOONG DAL 1KG,GROCERIES,STAPLES,24 MANTRA,159.00,583,1757,279363.00,347480.82,32968.19,197.77
PROD001030,FURON DISPATCH TRAINER,FOOTWEAR,CASUAL SHOES,NEW BALANCE,5999.00,573,1689,10132311.00,10206927.59,1463332.92,6043.18
PROD000956,BAROQUE PEARL NECKLACE,JEWELLERY,NECKLACES,PIPA BELLA,1499.00,626,1903,2852597.00,2915719.65,398248.91,1532.17
PROD001027,NEW BALANCE 574 CORE,FOOTWEAR,CASUAL SHOES,NEW BALANCE,8499.00,628,1837,15612663.00,15646689.14,1734036.83,8517.52
PROD000791,WIDE NECK GLASS BOTTLE 240ML,BABY,FEEDING ESSENTIALS,PHILIPS AVENT,999.00,625,1864,1862136.00,1928703.65,239000.78,1034.71
PROD000757,BABY ACTIVITY CUBE,BABY,TOYS,VTECH,1999.00,616,1857,3712143.00,3779002.39,517523.54,2035.00
PROD000680,ICE CREAM MANGO KULFI 6 STICKS,GROCERIES,FROZEN FOOD,AMUL,129.00,622,1893,244197.00,317052.03,30914.33,167.49
PROD000596,STEELBIRD SBA-2 OPEN FACE,AUTOMOTIVE,HELMETS,STEELBIRD,1799.00,630,1862,3349738.00,3407485.66,440929.15,1830.01
PROD000416,AB ROLLER WHEEL,SPORTS,FITNESS,STRAUSS,599.00,613,1810,1084190.00,1150767.92,116667.06,635.78
PROD000453,BASKETBALL INDOOR/OUTDOOR,SPORTS,SPORTS EQUIPMENT,SPALDING,2999.00,674,2049,6144951.00,6208257.96,849848.98,3029.90
PROD000616,PARLE-G GLUCOSE BISCUITS 800G,GROCERIES,SNACKS,PARLE,60.00,582,1694,101640.00,169618.71,12175.57,100.13
PROD001074,TRAVEL DOCUMENT ORGANIZER,BAGS & LUGGAGE,WALLETS,BAGGALLINI,2999.00,609,1897,5689103.00,5736777.50,886831.95,3024.13
PROD000914,22KT GOLD JHUMKA EARRINGS,JEWELLERY,GOLD,PC JEWELLER,24000.00,647,1974,47376000.00,47312433.55,7088006.52,23967.80
PROD000578,MULTIMETER DIGITAL AUTO,AUTOMOTIVE,TOOLS,FLUKE,4999.00,644,1897,9483103.00,9546814.80,1118573.27,5032.59
PROD000065,XIAOMI PAD 6,ELECTRONICS,TABLETS,XIAOMI,28999.00,631,1914,55504086.00,55360446.60,8503030.63,28923.95
PROD000168,KNITTED SWEATER,CLOTHING,WINTER WEAR,UNITED COLORS OF BENETTON,2499.00,644,2004,5007996.00,5077649.00,571642.71,2533.76
PROD001197,HP REVERB G2 PC VR,GAMING,VR DEVICES,HP,49999.00,683,2061,103047939.00,102875172.90,14553244.39,49915.17
PROD000783,SOFT MITTENS & BOOTIES SET,BABY,CLOTHING,MOTHERCARE,499.00,618,1831,913669.00,984874.61,122971.03,537.89
PROD001185,RAZER KRAKEN V3 HYPERSENSE HEADSET,GAMING,GAMING ACCESSORIES,RAZER,9999.00,592,1782,17818218.00,17846578.41,2310666.70,10014.91
PROD000150,BOW TIE SET,CLOTHING,ACCESSORIES,BUBBER COUTURE,699.00,606,1769,1236531.00,1306204.46,157790.17,738.39
PROD000920,22KT GOLD EARRING STUDS,JEWELLERY,GOLD,TANISHQ,9500.00,625,1851,17584500.00,17610669.43,2204354.42,9514.14
PROD000216,STEEL TIFFIN BOX SET,HOME,KITCHEN,MILTON,699.00,603,1802,1259598.00,1324769.59,159431.90,735.17
PROD000525,CODENAMES PARTY GAME,TOYS,BOARD GAMES,CZECH GAMES EDITION,1999.00,640,1913,3824087.00,3892907.19,480035.31,2034.98
PROD001056,VIP CABIN TROLLEY SMALL,BAGS & LUGGAGE,TROLLEYS,VIP,4999.00,647,1939,9693061.00,9735457.17,1474779.64,5020.86
PROD001122,DTX432K ELECTRONIC DRUM SET,MUSIC & INSTRUMENTS,DRUMS,YAMAHA,54999.00,591,1821,100153179.00,99839533.84,13334954.44,54826.76
PROD000536,SQUISHMALLOW AXOLOTL 40CM,TOYS,SOFT TOYS,SQUISHMALLOWS,1499.00,653,2010,3012990.00,3081678.96,415395.05,1533.17
PROD001222,MID-BACK ERGONOMIC OFFICE CHAIR,OFFICE SUPPLIES,OFFICE CHAIRS,GREEN SOUL,14999.00,602,1779,26683221.00,26740074.11,3855987.07,15030.96
PROD001206,GOOGLE PLAY GIFT CARD RS.500,GAMING,GAME CODES,GOOGLE,500.00,638,1879,939500.00,1008180.06,107825.19,536.55
PROD001076,PHONE WALLET CROSSBODY,BAGS & LUGGAGE,WALLETS,FOSSIL,3999.00,640,1925,7698075.00,7764445.19,1034809.36,4033.48
PROD000950,STACKABLE FASHION RINGS SET 5,JEWELLERY,RINGS,PIPA BELLA,999.00,593,1763,1761237.00,1824589.41,276202.80,1034.93
PROD000396,SSC CGL TIER 1 & 2,BOOKS,ENTRANCE PREP,KIRAN PUBLICATIONS,699.00,644,1930,1349070.00,1413654.40,174441.74,732.46
PROD000916,18KT ROSE GOLD RING,JEWELLERY,GOLD,CARATLANE,15000.00,587,1763,26445000.00,26475213.66,3392682.42,15017.14
PROD000012,XPS 15 9530,ELECTRONICS,LAPTOP,DELL,189990.00,612,1815,344831850.00,344575464.82,47771471.24,189848.74
PROD000823,CAT SCRATCHING POST TOWER,PETS,PET ACCESSORIES,AMAZON BASICS,1999.00,606,1811,3620189.00,3677435.32,428374.91,2030.61
PROD000795,ELECTRIC BREAST PUMP SINGLE,BABY,FEEDING ESSENTIALS,MEDELA,9999.00,626,1899,18988101.00,18990258.48,2116402.44,10000.14
PROD000717,SESAME TAIL OIL 500ML,HEALTH,AYURVEDA,FOREST ESSENTIALS,1299.00,631,1904,2473296.00,2539341.72,397552.55,1333.69
PROD001001,SANDAL WATER BEACH,FOOTWEAR,KIDS FOOTWEAR,CROCS,2499.00,628,1861,4650639.00,4710687.58,556196.33,2531.27
PROD001260,TRACING PAPER A3 50 SHEETS,OFFICE SUPPLIES,PAPER SUPPLIES,BRUSTRO,399.00,648,1966,784434.00,857693.42,99086.69,436.26
PROD000323,CURLING WAND 32MM,BEAUTY,GROOMING TOOLS,REMINGTON,2499.00,630,1903,4755597.00,4816386.66,579975.90,2530.94
PROD000264,HYALURONIC ACID CREAM,BEAUTY,SKINCARE,MINIMALIST,499.00,632,1919,957581.00,1030725.21,116419.30,537.12
PROD000495,TANGRAM PUZZLE WOODEN,TOYS,EDUCATIONAL,HAPE,699.00,653,1945,1359555.00,1435636.44,202454.75,738.12
PROD000797,BOTTLE WARMER QUICK,BABY,FEEDING ESSENTIALS,CHICCO,2499.00,673,2063,5155437.00,5219486.72,691048.43,2530.05
PROD000410,CAPTAIN UNDERPANTS BOX SET,BOOKS,CHILDREN BOOKS,DAV PILKEY / SCHOLASTIC,1999.00,627,1905,3808095.00,3872710.99,568323.18,2032.92
PROD001158,MERANO 1/2 SIZE VIOLIN KIT,MUSIC & INSTRUMENTS,VIOLINS,MERANO,6999.00,636,1896,13270104.00,13317035.55,1530497.52,7023.75
PROD000093,NINTENDO SWITCH OLED,ELECTRONICS,GAMING CONSOLES,NINTENDO,32490.00,633,1944,63160560.00,63068528.40,8225193.53,32442.66
PROD000006,MOTO G84 5G,ELECTRONICS,MOBILE,MOTOROLA,17999.00,627,1928,34702072.00,34659892.63,4834377.81,17977.12
PROD000829,DOG JACKET WINTER SMALL,PETS,PET ACCESSORIES,GOOBY,1499.00,600,1783,2672717.00,2741394.02,392381.59,1537.52
PROD000476,WATER POLO BALL SIZE 5,SPORTS,SWIMMING,MIKASA,1999.00,591,1783,3564217.00,3620123.82,487708.43,2030.36
PROD000094,XBOX SERIES S,ELECTRONICS,GAMING CONSOLES,MICROSOFT,32990.00,614,1806,59579940.00,59404192.04,8593308.23,32892.69
PROD000763,BABY CAR SEAT INFANT,BABY,BABY GEAR,MAXI-COSI,19999.00,644,1933,38658067.00,38641247.02,4956251.98,19990.30
PROD000919,18KT GOLD HEART PENDANT,JEWELLERY,GOLD,ORRA,12000.00,623,1909,22908000.00,22907466.58,3100024.62,11999.72
PROD000249,FITTED BEDSHEET SET 300TC,HOME,BEDDINGS,RAYMOND HOME,2499.00,586,1735,4335765.00,4377058.68,447002.26,2522.80
PROD000030,EOS 1500D DSLR,ELECTRONICS,CAMERA,CANON,34990.00,591,1818,63611820.00,63545019.36,8362843.33,34953.26
PROD000401,THE VERY HUNGRY CATERPILLAR,BOOKS,CHILDREN BOOKS,ERIC CARLE / PUFFIN,349.00,588,1769,617381.00,685582.08,73771.29,387.55
PROD000026,GOPRO HERO 12 BLACK,ELECTRONICS,CAMERA,GOPRO,44990.00,630,1863,83816370.00,83659345.76,12727950.99,44905.71
PROD000832,DEWORMING TABLETS 4PCS DOG,PETS,HEALTHCARE,DRONTAL,499.00,611,1888,942112.00,1009089.36,126707.40,534.48
PROD000604,REAL MIXED FRUIT JUICE 1L,GROCERIES,BEVERAGES,REAL,89.00,612,1882,167498.00,240823.15,25949.78,127.96
PROD001238,PERSONAL LOCKER DIGITAL LOCK,OFFICE SUPPLIES,STORAGE CABINETS,MASTER LOCK,4999.00,637,1872,9358128.00,9414956.33,1259696.52,5029.36
PROD001008,FLOATER SPORTS SANDAL,FOOTWEAR,KIDS FOOTWEAR,CAMPUS,799.00,646,1939,1549261.00,1618518.13,193486.78,834.72
PROD000342,THINKING FAST AND SLOW,BOOKS,NON-FICTION,DANIEL KAHNEMAN / PENGUIN,499.00,707,2114,1054886.00,1135279.96,150373.42,537.03
PROD000687,MAGNESIUM GLYCINATE 400MG,HEALTH,SUPPLEMENTS,THORNE,1799.00,601,1763,3171637.00,3237037.91,489907.36,1836.10
PROD000234,TABLE LAMP WOODEN BASE,HOME,LIGHTING,JAINSONS EMPORIO,1999.00,618,1833,3664167.00,3724568.25,377034.98,2031.95
PROD001078,ZIP-AROUND CLUTCH WALLET,BAGS & LUGGAGE,WALLETS,CAPRESE,1299.00,579,1766,2294034.00,2356590.48,329199.35,1334.42
PROD001032,BROGUE DERBY TAN BROWN,FOOTWEAR,FORMAL SHOES,CLARKS,8999.00,640,1950,17548050.00,17569400.45,2083607.90,9009.95
PROD000278,LIQUID EYELINER SKETCH PEN,BEAUTY,MAKEUP,COLORBAR,399.00,642,1882,750918.00,822381.55,92136.43,436.97
PROD000982,ULTRABOOST 22 RUNNING,FOOTWEAR,MEN FOOTWEAR,ADIDAS,14999.00,639,1908,28618092.00,28611100.14,3846424.35,14995.34
PROD000894,RULER METAL NON-SLIP 30CM,STATIONERY,WRITING TOOLS,STAEDTLER,299.00,676,2029,606671.00,685402.00,78118.11,337.80
PROD001141,BLUE YETI USB MIC,MUSIC & INSTRUMENTS,MICROPHONES,BLUE MICROPHONES,12999.00,632,1910,24828090.00,24816071.96,3640404.28,12992.71
PROD000319,BATH TOWEL 600 GSM,BEAUTY,BATH & BODY,BOMBAY DYEING,899.00,656,2013,1809687.00,1887550.73,257992.96,937.68
PROD000408,TINKLE DIGEST,BOOKS,CHILDREN BOOKS,ACK MEDIA,150.00,652,1941,291150.00,365723.21,37620.77,188.42
PROD000850,EAR CLEANSING WIPES 60PCS,PETS,GROOMING,PETKIN,399.00,644,2020,805980.00,879533.70,114876.73,435.41
PROD001092,PACKING CUBES SET OF 6,BAGS & LUGGAGE,TRAVEL KITS,EAGLE CREEK,3999.00,605,1806,7222194.00,7278500.71,891635.63,4030.18
PROD000325,NOSE & EAR TRIMMER,BEAUTY,GROOMING TOOLS,PHILIPS,999.00,638,1886,1884114.00,1953783.70,302170.84,1035.94
PROD000541,RC CAR OFF-ROAD 1:10 SCALE,TOYS,REMOTE CONTROL TOYS,REDCAT RACING,7999.00,605,1752,14014248.00,14056230.30,1995312.45,8022.96
PROD000724,BAMBOO TOOTHBRUSH PACK OF 4,HEALTH,PERSONAL HYGIENE,BAMBOO INDIA,299.00,619,1914,572286.00,642691.73,71055.72,335.78
PROD001109,SQUIRE CLASSIC VIBE STRAT,MUSIC & INSTRUMENTS,GUITARS,SQUIER,29999.00,661,1987,59608013.00,59476854.53,8088772.87,29932.99
PROD000966,KADA BANGLE MEN STEEL,JEWELLERY,BRACELETS,DARE BY VOYLLA,599.00,631,1887,1130313.00,1200476.07,160999.62,636.18
PROD000665,MUSTARD SEEDS 250G,GROCERIES,STAPLES,MDH,49.00,625,1857,90993.00,164171.32,12884.10,88.41
PROD001079,RFID LONG WALLET MULTI-SLOT,BAGS & LUGGAGE,WALLETS,BELLROY,6999.00,577,1793,12549207.00,12574498.02,1591016.07,7013.11
PROD000858,OIL PASTEL SET OF 25,STATIONERY,PENS,CRAYOLA,299.00,636,1895,566605.00,641345.36,86810.02,338.44
PROD000742,ORGANIC OATS PORRIDGE 200G,BABY,BABY FOOD,SLURP FARM,349.00,640,1903,664147.00,735943.62,76759.53,386.73
PROD000799,SUCTION BOWL WITH LID,BABY,FEEDING ESSENTIALS,OXO TOT,999.00,644,1870,1868130.00,1939061.44,233619.81,1036.93
PROD000955,EMERALD BEADED NECKLACE,JEWELLERY,NECKLACES,JAIPUR GEMS,3999.00,641,1885,7538115.00,7602874.25,882711.20,4033.36
PROD000802,GRAIN FREE DOG FOOD 2KG,PETS,DOG FOOD,PEDIGREE,999.00,625,1923,1921077.00,1981492.31,255701.11,1030.42
PROD000143,SILK POCKET SQUARE SET,CLOTHING,ACCESSORIES,RAYMOND,699.00,650,1925,1345575.00,1419306.65,156358.70,737.30
PROD000974,TISSOT PRX POWERMATIC 80,JEWELLERY,WATCHES,TISSOT,45000.00,644,1917,86265000.00,86249983.78,10813441.44,44992.17
PROD000135,BALLET FLATS,CLOTHING,FOOTWEAR,BATA,1499.00,572,1768,2650232.00,2706494.21,265617.83,1530.82
PROD000794,BABY SPOON & FORK SET SILICONE,BABY,FEEDING ESSENTIALS,MUNCHKIN,599.00,590,1776,1063824.00,1131558.87,132376.76,637.14
PROD001240,STEEL ALMIRAH 2-DOOR OFFICE,OFFICE SUPPLIES,STORAGE CABINETS,GODREJ,14999.00,653,1951,29263049.00,29206608.13,4079127.67,14970.07
PROD000685,BIOTIN 10000MCG 60 TABLETS,HEALTH,SUPPLEMENTS,HIMALAYAN ORGANICS,699.00,641,1929,1348371.00,1422609.45,159253.58,737.49
PROD000891,MECHANICAL PENCIL 0.5MM,STATIONERY,WRITING TOOLS,PENTEL GRAPHGEAR,799.00,641,1916,1530884.00,1603193.09,207034.00,836.74
PROD000994,KITTEN HEEL PUMP POINTED,FOOTWEAR,WOMEN FOOTWEAR,NINE WEST,4999.00,609,1803,9013197.00,9056346.81,919142.13,5022.93
PROD001170,SATISFACTORY EARLY ACCESS,GAMING,PC GAMES,COFFEE STAIN STUDIOS,1499.00,640,1867,2798633.00,2865158.14,313471.52,1534.63
PROD001077,MONEY CLIP SLIM STEEL,BAGS & LUGGAGE,WALLETS,BOSCA,1999.00,631,1842,3682158.00,3745477.69,455762.14,2033.38
PROD000224,SOIL TESTING KIT,HOME,GARDEN,DR. BACTO,799.00,621,1875,1498125.00,1565350.11,213525.82,834.85
PROD000126,ETHNIC KURTA PAJAMA SET,CLOTHING,KIDS,MANYAVAR KIDS,1299.00,599,1815,2357685.00,2420366.52,343884.41,1333.54
PROD001011,REACT INFINITY RUN 3,FOOTWEAR,SPORTS SHOES,NIKE,12995.00,652,1951,25353245.00,25422690.50,3488317.18,13030.59
PROD000701,AROMATHERAPY DIFFUSER 300ML,HEALTH,WELLNESS PRODUCTS,URPOWER,1299.00,575,1652,2145948.00,2206662.46,243833.09,1335.75
PROD000533,STUFFED ELEPHANT GREY,TOYS,SOFT TOYS,JELLYCAT,2499.00,663,1950,4873050.00,4931222.72,614069.32,2528.83
PROD001113,RD-88 STAGE PIANO,MUSIC & INSTRUMENTS,KEYBOARDS,ROLAND,134999.00,641,1871,252583129.00,251801740.46,32480963.94,134581.37
PROD000677,FROZEN PARATHA 5 PIECES,GROCERIES,FROZEN FOOD,KAWAN,149.00,628,1873,279077.00,351971.50,37201.35,187.92
PROD000480,HAND PADDLES SWIM TRAINING,SPORTS,SWIMMING,FINIS,1299.00,664,2026,2631774.00,2697820.86,354791.11,1331.60
PROD001067,DOCTOR BAG STRUCTURED,BAGS & LUGGAGE,HANDBAGS,ESKE,4499.00,646,1926,8665074.00,8724781.32,1064214.82,4530.00
PROD000918,22KT GOLD NECKLACE SET,JEWELLERY,GOLD,GRT JEWELLERS,95000.00,613,1840,174800000.00,174403029.85,22630791.34,94784.26
PROD001131,SM7DB DYNAMIC MICROPHONE,MUSIC & INSTRUMENTS,STUDIO EQUIPMENT,SHURE,42999.00,615,1872,80494128.00,80486037.65,10990934.01,42994.68
PROD000371,IKIGAI,BOOKS,SELF-HELP,HÉCTOR GARCÍA / HUTCHINSON,299.00,613,1811,541489.00,610435.40,75722.15,337.07
PROD001207,BATTLE.NET RS.2000 BALANCE,GAMING,GAME CODES,BLIZZARD,2000.00,587,1712,3424000.00,3488687.79,473668.86,2037.78
PROD000942,PLATINUM WEDDING BAND,JEWELLERY,RINGS,MALABAR GOLD,25000.00,578,1733,43325000.00,43303018.67,4976354.33,24987.32
PROD000898,PENCIL GRIP ERGONOMIC PACK OF 6,STATIONERY,WRITING TOOLS,STAEDTLER,199.00,627,1812,360588.00,435125.88,46340.67,240.14
PROD000458,RUGBY BALL OFFICIAL SIZE,SPORTS,SPORTS EQUIPMENT,GILBERT,1999.00,634,1846,3690154.00,3755516.23,466652.91,2034.41
PROD001133,SONY MDR-7506 STUDIO HEADPHONES,MUSIC & INSTRUMENTS,STUDIO EQUIPMENT,SONY,7999.00,637,1913,15302087.00,15336883.99,1932683.18,8017.19
PROD000069,HUAWEI MATEPAD PRO 11,ELECTRONICS,TABLETS,HUAWEI,54999.00,657,1964,108018036.00,107742479.43,15574262.47,54858.70
PROD000178,PADDED BRA,CLOTHING,INNERWEAR,AMANTE,799.00,602,1781,1423019.00,1482817.61,189322.95,832.58
PROD001012,GEL-NIMBUS 25 RUNNING,FOOTWEAR,SPORTS SHOES,ASICS,16999.00,600,1815,30853185.00,30774748.55,4313088.11,16955.78
PROD000882,LEVER ARCH FILE A4 8CM,STATIONERY,FILES & FOLDERS,LEITZ,599.00,652,1960,1174040.00,1242831.30,130661.57,634.10
PROD000730,SENSODYNE TOOTHPASTE 100G,HEALTH,PERSONAL HYGIENE,SENSODYNE,199.00,659,1967,391433.00,468192.80,56875.95,238.02
PROD000167,SHERPA LINED JACKET,CLOTHING,WINTER WEAR,ALLEN SOLLY,4999.00,623,1885,9423115.00,9471245.10,1253403.70,5024.53
PROD001000,EMBROIDERED JUTI FLAT,FOOTWEAR,WOMEN FOOTWEAR,NEEDLEDUST,1999.00,662,2015,4027985.00,4099139.07,514268.87,2034.31
PROD001035,DOUBLE MONK STRAP,FOOTWEAR,FORMAL SHOES,RED TAPE,3999.00,602,1752,7006248.00,7056843.74,911386.26,4027.88
PROD000364,THE SANDMAN VOL 1,BOOKS,COMICS,NEIL GAIMAN / DC VERTIGO,1199.00,595,1799,2157001.00,2224323.69,278469.93,1236.42
PROD000045,AMAZFIT GTR 4,ELECTRONICS,SMARTWATCH,AMAZFIT,14999.00,622,1839,27583161.00,27591888.58,3421216.84,15003.75
PROD000154,DHOTI KURTA SET,CLOTHING,ETHNIC WEAR,FABINDIA,2999.00,595,1809,5425191.00,5473637.10,566261.50,3025.78
PROD000634,SEEDLESS GREEN GRAPES 500G,GROCERIES,FRUITS,FRESHO,99.00,622,1852,183348.00,255235.72,25491.44,137.82
PROD000310,LIP BALM SPF 30,BEAUTY,PERSONAL CARE,BURT'S BEES,299.00,585,1832,547768.00,612065.56,67118.88,334.10
PROD000007,REALME 12 PRO+,ELECTRONICS,MOBILE,REALME,27999.00,630,1905,53338095.00,53202374.00,6775246.65,27927.76
PROD000217,ROTI MAKER AUTOMATIC,HOME,KITCHEN,PRESTIGE,2499.00,632,1877,4690623.00,4746955.28,663830.25,2529.01
PROD000736,REUSABLE CLOTH DIAPER SET,BABY,DIAPERS,BABYGOAL,1299.00,613,1854,2408346.00,2479138.26,295567.49,1337.18
PROD000738,NEWBORN TAPE DIAPERS 40PCS,BABY,DIAPERS,PIGEON,499.00,630,1913,954587.00,1025055.11,126291.19,535.84
PROD000014,HP SPECTRE X360 14,ELECTRONICS,LAPTOP,HP,169990.00,690,2158,366838420.00,365515739.29,39485375.74,169377.08
PROD000962,DIAMOND TENNIS BRACELET 18KT,JEWELLERY,BRACELETS,ORRA,48000.00,640,1929,92592000.00,92547546.98,12406620.24,47976.96
PROD001172,HOGWARTS LEGACY PS5,GAMING,CONSOLE GAMES,WB GAMES,3999.00,668,1982,7926018.00,7982600.79,1093154.14,4027.55
PROD000023,Z8 MIRRORLESS,ELECTRONICS,CAMERA,NIKON,349990.00,624,1854,648881460.00,647940777.40,91783258.71,349482.62
PROD000327,FACIAL STEAMER NANO,BEAUTY,GROOMING TOOLS,NOVABELLA,799.00,580,1759,1405441.00,1472117.46,151650.54,836.91
PROD000423,SLEEPING BAG -5°C RATING,SPORTS,OUTDOOR,COLEMAN,3499.00,668,1988,6956012.00,6996285.32,973495.28,3519.26
PROD000614,HALDIRAM BHUJIA SEV 400G,GROCERIES,SNACKS,HALDIRAM'S,199.00,636,1934,384866.00,455441.68,46671.72,235.49
PROD001053,3-PIECE LUGGAGE SET,BAGS & LUGGAGE,TROLLEYS,SKYBAGS,12999.00,623,1845,23983155.00,24026010.95,2861645.73,13022.23
PROD000546,RC STUNT CAR 360 FLIP,TOYS,REMOTE CONTROL TOYS,HOSIM,3499.00,627,1874,6557126.00,6615139.65,813288.33,3529.96
PROD000554,WINDSHIELD SUN SHADE,AUTOMOTIVE,CAR ACCESSORIES,SOLBOUNCER,799.00,636,1874,1497326.00,1564505.71,198796.24,834.85
PROD000744,APPLE MANGO PUREE POUCH 90G,BABY,BABY FOOD,PLUM ORGANICS,199.00,637,1913,380687.00,454105.13,59200.92,237.38
PROD000582,REVERSE CAMERA HD,AUTOMOTIVE,CAR ELECTRONICS,GARMIN,3999.00,645,1867,7466133.00,7511307.28,1019857.66,4023.20
PROD001110,EPIPHONE LES PAUL CLASSIC,MUSIC & INSTRUMENTS,GUITARS,EPIPHONE,29999.00,618,1867,56008133.00,55935409.44,5839498.91,29960.05
PROD000181,SOLID WOOD DINING TABLE 6-SEATER,HOME,FURNITURE,PEPPERFRY,34999.00,619,1855,64923145.00,64758932.78,9694314.30,34910.48
PROD001104,DREADNOUGHT D-28,MUSIC & INSTRUMENTS,GUITARS,MARTIN,149999.00,655,2003,300447997.00,300218734.92,45256315.20,149884.54
PROD000425,TRAIL RUNNING SHOES,SPORTS,OUTDOOR,SALOMON,12999.00,619,1882,24464118.00,24473258.76,3596139.34,13003.86
PROD001157,ARTIST 4/4 VIOLIN,MUSIC & INSTRUMENTS,VIOLINS,D Z STRAD,24999.00,609,1830,45748170.00,45751940.20,6331601.13,25001.06
PROD000235,LED STRIP LIGHT 5M,HOME,LIGHTING,SYSKA,899.00,651,1944,1747656.00,1819169.60,207371.66,935.79
PROD000676,FRENCH FRIES CRINKLE CUT 500G,GROCERIES,FROZEN FOOD,MCCAIN,149.00,635,1857,276693.00,349655.76,36614.60,188.29
PROD000099,EVERCADE EXP HANDHELD,ELECTRONICS,GAMING CONSOLES,BLAZE ENTERTAINMENT,8999.00,662,2067,18600933.00,18648162.31,2641339.71,9021.85
PROD000194,BUDDHA FIGURINE BRASS,HOME,DECOR,CRAFTVATIKA,999.00,605,1820,1818180.00,1886422.93,226155.37,1036.50
PROD000557,STEERING WHEEL COVER LEATHER,AUTOMOTIVE,CAR ACCESSORIES,ZONE TECH,499.00,629,1901,948599.00,1018328.10,138107.02,535.68
PROD001201,PLAYSTATION STORE RS.5000 GIFT CARD,GAMING,GAME CODES,SONY PLAYSTATION,5000.00,584,1757,8785000.00,8828497.64,1161881.26,5024.76
PROD000447,GYM GLOVES WEIGHT TRAINING,SPORTS,ATHLETIC WEAR,RDX,799.00,616,1842,1471758.00,1544296.68,224397.58,838.38
PROD001199,OCULUS RIFT S PC VR,GAMING,VR DEVICES,META,29999.00,617,1887,56608113.00,56500100.91,8096313.66,29941.76
PROD000732,ACTIVE BABY TAPE DIAPERS XL 50PCS,BABY,DIAPERS,HUGGIES,1049.00,602,1812,1900788.00,1963454.39,273264.70,1083.58
PROD000893,CORRECTION TAPE 5M,STATIONERY,WRITING TOOLS,TOMBOW MONO,299.00,623,1928,576472.00,646241.70,88572.36,335.19
PROD001140,MIDI CONTROLLER APC40 MK2,MUSIC & INSTRUMENTS,STUDIO EQUIPMENT,AKAI,24999.00,621,1896,47398104.00,47432404.48,5181440.37,25017.09
PROD000054,"P735 4K QLED 55""",ELECTRONICS,TV,TCL,54990.00,604,1808,99421920.00,99144934.08,12553947.30,54836.80
PROD000075,ECHO STUDIO,ELECTRONICS,SPEAKERS,AMAZON,21999.00,643,1910,42018090.00,41985797.10,5546161.83,21982.09
PROD000767,"BABY MONITOR VIDEO 5"" SCREEN",BABY,BABY GEAR,VTECH,4999.00,639,1923,9613077.00,9662194.69,1461785.35,5024.54
PROD000560,REVERSE PARKING SENSOR 4-WAY,AUTOMOTIVE,CAR ACCESSORIES,BOSCH,1999.00,649,1956,3910044.00,3967373.74,622252.13,2028.31
PROD000078,MARSHALL STANMORE III,ELECTRONICS,SPEAKERS,MARSHALL,34990.00,615,1876,65641240.00,65670736.94,8131164.06,35005.72
PROD000592,RF-1400 FULL FACE,AUTOMOTIVE,HELMETS,SHOEI,49999.00,597,1793,89648207.00,89350090.64,13211476.24,49832.73
PROD000405,CHAMPAK MAGAZINE 1 YEAR,BOOKS,CHILDREN BOOKS,DELHI PRESS,1199.00,637,1929,2312871.00,2383330.90,355257.54,1235.53
PROD000788,HOODED TOWEL + WASHCLOTH SET,BABY,CLOTHING,PAMPERS,699.00,663,2031,1419669.00,1487835.61,221980.10,732.56
PROD000531,TEDDY BEAR 90CM,TOYS,SOFT TOYS,HAMLEYS,2999.00,604,1895,5683105.00,5739230.90,753896.67,3028.62
PROD000900,INK REFILL BLUE 30ML,STATIONERY,WRITING TOOLS,PARKER,199.00,600,1783,354817.00,424917.59,46485.39,238.32
PROD000009,VIVO V30 PRO,ELECTRONICS,MOBILE,VIVO,39999.00,641,1916,76638084.00,76583419.53,11436813.86,39970.47
PROD000908,CREPE PAPER ROLLS 12-COLOR,STATIONERY,CRAFT MATERIALS,DELI,299.00,680,2054,614146.00,692286.86,90159.34,337.04
PROD000611,LAY'S CLASSIC SALTED 200G,GROCERIES,SNACKS,LAY'S,99.00,629,1868,184932.00,255497.61,21443.88,136.78
PROD000957,LONG BOHO NECKLACE TRIBAL,JEWELLERY,NECKLACES,ZAVERI PEARLS,699.00,628,1884,1316916.00,1384614.32,163432.98,734.93
PROD001205,EA PLAY 12 MONTHS PC,GAMING,GAME CODES,ELECTRONIC ARTS,2999.00,635,1876,5626124.00,5679811.86,649591.55,3027.62
PROD000365,BATMAN: THE LONG HALLOWEEN,BOOKS,COMICS,JEPH LOEB / DC COMICS,1199.00,622,1907,2286493.00,2355589.98,340419.73,1235.23
PROD000366,X-MEN: DAYS OF FUTURE PAST,BOOKS,COMICS,CHRIS CLAREMONT / MARVEL,999.00,629,1926,1924074.00,1992187.14,289881.46,1034.37
PROD000862,SPIRAL NOTEBOOK A4 PACK OF 3,STATIONERY,NOTEBOOKS,CLASSMATE,199.00,640,1991,396209.00,471239.28,51836.00,236.68
PROD000393,CAT QUANTITATIVE APTITUDE,BOOKS,ENTRANCE PREP,ARUN SHARMA / MCGRAW HILL,699.00,604,1819,1271481.00,1336310.97,163552.03,734.64
PROD001090,"LEATHER LAPTOP FOLIO 15""",BAGS & LUGGAGE,LAPTOP BAGS,HIDESIGN,5999.00,636,1972,11830028.00,11880103.70,1622778.27,6024.39
PROD000146,KNITTED BEANIE,CLOTHING,ACCESSORIES,H&M,599.00,619,1839,1101561.00,1174268.14,152404.09,638.54
PROD000786,WINTER DUNGAREE SET,BABY,CLOTHING,BABYOYE,799.00,602,1820,1454180.00,1520509.75,181030.38,835.44
PROD000212,INSTANT POT DUO 6L,HOME,KITCHEN,INSTANT POT,8999.00,564,1703,15325297.00,15318418.62,1314287.52,8994.96
PROD000532,MINNIE MOUSE PLUSH 45CM,TOYS,SOFT TOYS,DISNEY,1299.00,587,1782,2314818.00,2373571.96,327095.81,1331.97
PROD001161,ELDEN RING PC STEAM KEY,GAMING,PC GAMES,BANDAI NAMCO,3499.00,615,1859,6504641.00,6556495.71,950533.91,3526.89
PROD000409,101 DALMATIANS ILLUSTRATED,BOOKS,CHILDREN BOOKS,DISNEY PRESS,249.00,682,2098,522402.00,603271.45,52736.32,287.55
PROD000008,IQOO NEO 9 PRO,ELECTRONICS,MOBILE,IQOO,36999.00,651,1927,71297073.00,71166900.17,7766433.48,36931.45
PROD001184,LOGITECH G502 X GAMING MOUSE,GAMING,GAMING ACCESSORIES,LOGITECH,5495.00,597,1805,9918475.00,9954901.44,1120424.80,5515.18
PROD000288,COCONUT HAIR OIL 500ML,BEAUTY,HAIRCARE,PARACHUTE,249.00,624,1826,454674.00,523923.76,63207.36,286.92
PROD000454,TENNIS RACKET PRO STAFF,SPORTS,SPORTS EQUIPMENT,WILSON,8999.00,638,1914,17224086.00,17263836.16,2355701.67,9019.77
PROD001233,LATERAL FILING CABINET 4-DRAWER,OFFICE SUPPLIES,STORAGE CABINETS,IKEA,12999.00,597,1809,23515191.00,23496312.54,3195085.45,12988.56
PROD000530,PANDEMIC BOARD GAME,TOYS,BOARD GAMES,Z-MAN GAMES,2999.00,635,1907,5719093.00,5764939.45,603194.29,3023.04
PROD000662,ATTA WHOLE WHEAT 10KG,GROCERIES,STAPLES,AASHIRVAAD,449.00,631,1866,837834.00,910138.87,106926.65,487.75
PROD000720,AYURVEDIC COUGH SYRUP,HEALTH,AYURVEDA,ZANDU,129.00,603,1790,230910.00,301357.66,27196.67,168.36
PROD000524,TICKET TO RIDE INDIA,TOYS,BOARD GAMES,DAYS OF WONDER,3999.00,679,2092,8365908.00,8428355.75,1096454.08,4028.85
PROD000771,BABY WASH & SHAMPOO 400ML,BABY,BATH & SKIN CARE,JOHNSON'S BABY,299.00,645,1911,571389.00,645959.46,77796.38,338.02
PROD000198,THROW CUSHIONS SET OF 5,HOME,DECOR,HOUSE THIS,2499.00,668,2000,4998000.00,5073926.90,843094.29,2536.96
PROD000104,POLO COLLAR T-SHIRT,CLOTHING,MEN,LACOSTE,3990.00,636,1900,7581000.00,7635017.60,1202340.41,4018.43
PROD000182,3-SEATER FABRIC SOFA,HOME,FURNITURE,IKEA,49999.00,585,1719,85948281.00,85747151.83,12442445.34,49882.00
PROD000095,PLAYSTATION 5 DIGITAL EDITION,ELECTRONICS,GAMING CONSOLES,SONY,44990.00,578,1754,78912460.00,78695326.33,9794935.44,44866.21
PROD000632,IMPORTED KIWI PACK OF 6,GROCERIES,FRUITS,ZESPRI,199.00,619,1912,380488.00,448585.87,49324.06,234.62
PROD001149,PGA48 CARDIOID DYNAMIC VOCAL,MUSIC & INSTRUMENTS,MICROPHONES,SHURE,4499.00,633,1886,8485114.00,8538204.78,1302456.33,4527.15
PROD001094,PASSPORT COVER RFID,BAGS & LUGGAGE,TRAVEL KITS,BELLROY,2999.00,590,1780,5338220.00,5395910.08,711642.86,3031.41
PROD000692,PULSE OXIMETER FINGERTIP,HEALTH,MEDICAL EQUIPMENT,CHOICEMMED,999.00,587,1770,1768230.00,1832809.68,270686.31,1035.49
PROD000320,SOAP BAR CHARCOAL,BEAUTY,BATH & BODY,WOW,249.00,649,1966,489534.00,569543.61,70794.77,289.70
PROD001064,SHOULDER BAG CANVAS HOBO,BAGS & LUGGAGE,HANDBAGS,LAVIE,1799.00,663,2006,3608794.00,3680703.99,473218.14,1834.85
PROD000230,DRIP IRRIGATION KIT,HOME,GARDEN,JAIN IRRIGATION,1999.00,614,1777,3552223.00,3606605.75,516306.18,2029.60
PROD000231,LED BULB 9W PACK OF 6,HOME,LIGHTING,SYSKA,599.00,638,1905,1141095.00,1210762.07,153661.20,635.57
PROD000158,SALWAR KAMEEZ SET,CLOTHING,ETHNIC WEAR,GLOBAL DESI,2499.00,621,1851,4625649.00,4692464.44,643276.56,2535.10
PROD000826,PET GPS TRACKER,PETS,PET ACCESSORIES,TRACTIVE,3999.00,611,1865,7458135.00,7521088.16,869153.63,4032.76
PROD001153,INTERMEDIATE VIOLIN 4/4,MUSIC & INSTRUMENTS,VIOLINS,EASTMAN,29999.00,620,1863,55888137.00,55669944.46,8357408.46,29881.88
PROD001162,CYBERPUNK 2077 PC STEAM,GAMING,PC GAMES,CD PROJEKT RED,2999.00,633,1955,5863045.00,5912709.16,830139.16,3024.40
PROD000574,JUMP STARTER 1500A,AUTOMOTIVE,TOOLS,NOCO BOOST PLUS,8999.00,667,1963,17665037.00,17675978.31,1943902.25,9004.57
PROD000590,OBD2 HEADS UP DISPLAY,AUTOMOTIVE,CAR ELECTRONICS,ATOTO,2499.00,631,1916,4788084.00,4844712.62,667951.70,2528.56
PROD000864,GRID NOTEBOOK A5 5MM,STATIONERY,NOTEBOOKS,RHODIA,799.00,639,1938,1548462.00,1616009.46,195672.60,833.85
PROD000750,FORMULA MILK STAGE 2 400G,BABY,BABY FOOD,SIMILAC,799.00,616,1845,1474155.00,1539408.57,168253.91,834.37
PROD000272,MATTE LIPSTICK SMUDGEPROOF,BEAUTY,MAKEUP,M.A.C,1800.00,671,2057,3702600.00,3776159.21,435135.67,1835.76
PROD000712,CHYAWANPRASH 1KG,HEALTH,AYURVEDA,DABUR,349.00,606,1829,638321.00,704195.68,85490.92,385.02
PROD000308,FOOT CREAM CRACKED HEELS,BEAUTY,PERSONAL CARE,O'KEEFFE'S,649.00,629,1948,1264252.00,1335886.65,187162.23,685.77
PROD000514,1000PC PANORAMA PUZZLE,TOYS,PUZZLES,BUFFALO GAMES,1999.00,580,1788,3574212.00,3635275.89,459566.33,2033.15
PROD000880,COLORING PENCILS SET 48,STATIONERY,ART SUPPLIES,FABER-CASTELL,1299.00,630,1904,2473296.00,2538908.38,304219.50,1333.46
PROD001015,FRESH FOAM 880V13,FOOTWEAR,SPORTS SHOES,NEW BALANCE,12999.00,614,1873,24347127.00,24321392.34,3469579.46,12985.26
PROD000077,SOUNDCORE MOTION X600,ELECTRONICS,SPEAKERS,ANKER,9999.00,633,1888,18878112.00,18879774.37,2535029.18,9999.88
PROD000861,DOTTED BULLET JOURNAL A5,STATIONERY,NOTEBOOKS,LEUCHTTURM1917,1299.00,614,1844,2395356.00,2461019.62,279034.61,1334.61
PROD000350,FACTFULNESS,BOOKS,NON-FICTION,HANS ROSLING / HODDER,499.00,646,1891,943609.00,1016384.47,127162.68,537.49
PROD001070,COACH MINI SADDLE BAG,BAGS & LUGGAGE,HANDBAGS,COACH,29999.00,640,1861,55828139.00,55728510.14,7750682.02,29945.46
PROD000870,DAILY PLANNER UNDATED,STATIONERY,NOTEBOOKS,PAPIER,1999.00,645,1893,3784107.00,3851219.06,393335.84,2034.45
PROD000376,THE 4-HOUR WORKWEEK,BOOKS,SELF-HELP,TIM FERRISS / VERMILION,449.00,638,1940,871060.00,941977.25,122449.08,485.56
PROD000998,RUNNING SHOE CLOUD X,FOOTWEAR,WOMEN FOOTWEAR,ON RUNNING,14999.00,632,1897,28453103.00,28442877.44,4038622.99,14993.61
PROD000638,AVOCADO 2 PCS,GROCERIES,FRUITS,NATURE'S BASKET,249.00,647,1912,476088.00,548513.94,63156.77,286.88
PROD001256,INDEX CARDS 4X6 PACK OF 200,OFFICE SUPPLIES,PAPER SUPPLIES,OXFORD,299.00,611,1881,562419.00,632463.74,69310.88,336.24
PROD001002,KIDS RUNNING SHOE FLEX,FOOTWEAR,KIDS FOOTWEAR,NIKE,3995.00,623,1827,7298865.00,7336944.82,784475.26,4015.84
PROD000223,GARDENING TOOL KIT 8-PIECE,HOME,GARDEN,KRAFT SEEDS,999.00,618,1815,1813185.00,1878604.05,210238.98,1035.04
PROD001047,HIKING BACKPACK 50L FRAME,BAGS & LUGGAGE,BACKPACKS,DEUTER,12999.00,623,1913,24867087.00,24915231.00,3427820.56,13024.17
PROD000641,FULL CREAM MILK 1L,GROCERIES,DAIRY,AMUL,68.00,643,1912,130016.00,205942.60,21485.44,107.71
PROD001195,BIGSCREEN BEYOND MICRO OLED VR,GAMING,VR DEVICES,BIGSCREEN,119999.00,651,1893,227158107.00,226498401.09,28694925.26,119650.50
PROD000472,GOGGLES ANTI-FOG MIRRORED,SPORTS,SWIMMING,ARENA,999.00,624,1824,1822176.00,1890755.42,245719.52,1036.60
PROD000708,ACUPRESSURE MAT & PILLOW SET,HEALTH,WELLNESS PRODUCTS,SHAKTI MAT,1999.00,600,1888,3774112.00,3831262.38,495369.57,2029.27
PROD000450,SLEEVELESS DRY-FIT VEST,SPORTS,ATHLETIC WEAR,REEBOK,1499.00,631,1873,2807627.00,2879050.69,355604.91,1537.13
PROD000973,CARRERA CALIBRE 16 CHRONO,JEWELLERY,WATCHES,TAG HEUER,150000.00,674,2029,304350000.00,304502807.16,39264104.25,150075.31
PROD000017,MSI RAIDER GE78 HX,ELECTRONICS,LAPTOP,MSI,249990.00,628,1934,483480660.00,482524332.17,59221201.05,249495.52
PROD000828,CAT LITTER BOX COVERED,PETS,PET ACCESSORIES,CATIT,1999.00,608,1884,3766116.00,3838334.60,527041.89,2037.33
PROD000714,ARJUNA CAPSULES 60,HEALTH,AYURVEDA,HIMALAYA,199.00,626,1856,369344.00,442107.95,41888.08,238.20
PROD000745,JUNIOR NUTRIGRO 400G 2+ YEARS,BABY,BABY FOOD,MEAD JOHNSON,799.00,645,1871,1494929.00,1568200.73,190514.30,838.16
PROD000427,HEADLAMP 300 LUMENS,SPORTS,OUTDOOR,BLACK DIAMOND,2499.00,653,1952,4878048.00,4925552.92,595479.69,2523.34
PROD000651,MULTIGRAIN BREAD LOAF 400G,GROCERIES,BAKERY,BRITANNIA,55.00,620,1854,101970.00,172225.44,13058.37,92.89
PROD001255,STICKY NOTES 76X76 5-COLOR PACK,OFFICE SUPPLIES,PAPER SUPPLIES,POST-IT,299.00,618,1847,552253.00,620851.12,83838.05,336.14
PROD000941,SOLITAIRE DIAMOND RING 0.3CT 18KT,JEWELLERY,RINGS,TANISHQ,45000.00,613,1861,83745000.00,83467149.70,9519188.30,44850.70
PROD000305,BODY LOTION COCOA BUTTER,BEAUTY,PERSONAL CARE,VASELINE,299.00,612,1807,540293.00,612459.61,69107.76,338.94
PROD000645,BUTTER SALTED 500G,GROCERIES,DAIRY,AMUL,265.00,635,1936,513040.00,583581.34,67978.51,301.44
PROD000226,ORGANIC COMPOST MANURE 5KG,HOME,GARDEN,UGAOO,499.00,647,1951,973549.00,1045116.13,109690.92,535.68
PROD000824,DOG BED ORTHOPEDIC MEDIUM,PETS,PET ACCESSORIES,FURHAVEN,2999.00,610,1794,5380206.00,5437677.21,682883.78,3031.04
PROD001006,RAIN BOOTS RUBBER FROG,FOOTWEAR,KIDS FOOTWEAR,HUNTER,4999.00,599,1893,9463107.00,9534553.37,1178696.34,5036.74
PROD000059,65 INCH 4K OLED EVO,ELECTRONICS,TV,PANASONIC,179990.00,620,1847,332441530.00,331636299.06,38557751.16,179554.03
PROD000653,CHOCOLATE TRUFFLE CAKE 500G,GROCERIES,BAKERY,THE BELGIAN WAFFLE CO.,699.00,667,2005,1401495.00,1477362.13,185287.51,736.84
PROD000934,PEARL NECKLACE CLASSIC STRAND,JEWELLERY,FASHION JEWELLERY,PIPA BELLA,1299.00,618,1893,2459007.00,2528414.65,296046.74,1335.67
PROD001243,XGIMI HORIZON PRO 4K,OFFICE SUPPLIES,PROJECTORS,XGIMI,99999.00,627,1901,190098099.00,188887157.51,26694933.03,99362.00
PROD000358,CLASS 6-10 SCIENCE BUNDLE,BOOKS,EDUCATIONAL,S.CHAND,1499.00,666,1994,2989006.00,3058261.84,414206.19,1533.73
PROD000909,POM POM ASSORTED 150PCS,STATIONERY,CRAFT MATERIALS,CRAYOLA,199.00,630,1842,366558.00,439465.42,49202.32,238.58
PROD000620,YOGA BAR OATS & BERRIES BAR,GROCERIES,SNACKS,YOGA BAR,40.00,615,1809,72360.00,144275.47,9208.27,79.75
PROD001125,SONOR AQX STUDIO DRUM SET,MUSIC & INSTRUMENTS,DRUMS,SONOR,84999.00,672,2024,172037976.00,171926214.09,22896996.60,84943.78
PROD001136,ABLETON LIVE 11 SUITE DAW,MUSIC & INSTRUMENTS,STUDIO EQUIPMENT,ABLETON,54999.00,663,1984,109118016.00,109028445.97,16132030.61,54953.85
PROD000189,TV UNIT WITH STORAGE,HOME,FURNITURE,IKEA,14999.00,616,1823,27343177.00,27336179.37,3406646.04,14995.16
PROD000287,BIOTIN HAIR SUPPLEMENT,BEAUTY,HAIRCARE,WOW LIFE SCIENCE,699.00,593,1773,1239327.00,1306006.11,133117.40,736.61
PROD000245,ORTHOPAEDIC MATTRESS 6-INCH QUEEN,HOME,BEDDINGS,SPRINGTEK,14999.00,613,1875,28123125.00,28083564.00,3443914.27,14977.90
PROD001121,DD-80S COMPLETE DRUM KIT,MUSIC & INSTRUMENTS,DRUMS,LUDWIG,74999.00,643,1899,142423101.00,142393363.28,17745997.17,74983.34
PROD000302,TRIMMER BT5515 CORDLESS,BEAUTY,PERSONAL CARE,BRAUN,3499.00,635,1942,6795058.00,6856695.25,1065382.03,3530.74
PROD001031,CAPTOE OXFORD BLACK,FOOTWEAR,FORMAL SHOES,BESPOKE,14999.00,639,1972,29578028.00,29602002.62,3801552.39,15011.16
PROD000191,MACRAME WALL HANGING,HOME,DECOR,NESTASIA,1299.00,600,1857,2412243.00,2475586.35,353616.50,1333.11
PROD001134,KRK ROKIT 5 G4 STUDIO MONITOR,MUSIC & INSTRUMENTS,STUDIO EQUIPMENT,KRK,19999.00,627,1956,39118044.00,39060037.09,4353117.97,19969.34
PROD000576,FUNNEL SET WITH FILTER,AUTOMOTIVE,TOOLS,LISLE,599.00,610,1844,1104556.00,1168572.50,133597.16,633.72
PROD000544,RC BOAT SPEED BOAT,TOYS,REMOTE CONTROL TOYS,ALTAIR AERIAL,4999.00,638,1948,9738052.00,9792967.85,1210740.72,5027.19
PROD000377,AWAKEN THE GIANT WITHIN,BOOKS,SELF-HELP,TONY ROBBINS / SIMON & SCHUSTER,499.00,651,2001,998499.00,1075914.82,109661.32,537.69
PROD000814,GRAIN-FREE CAT FOOD CHICKEN 1.5KG,PETS,CAT FOOD,ORIJEN,3499.00,640,1908,6676092.00,6732988.67,816153.28,3528.82
PROD000607,HORLICKS CLASSIC MALT 500G,GROCERIES,BEVERAGES,HORLICKS,249.00,577,1721,428529.00,492701.69,52052.30,286.29
PROD001021,OLD SKOOL LOW SNEAKER,FOOTWEAR,CASUAL SHOES,VANS,5495.00,697,2083,11446085.00,11473479.95,1352805.00,5508.15
PROD000780,BABY EAR CLEANING SWABS,BABY,BATH & SKIN CARE,JOHNSON'S,129.00,621,1850,238650.00,305696.57,31142.94,165.24
PROD000939,EAR CUFF SET 3-PIECE,JEWELLERY,FASHION JEWELLERY,ACCESSORIZE,599.00,669,2036,1219564.00,1296666.37,151892.89,636.87
PROD000437,FOOSBALL TABLE MINI,SPORTS,INDOOR,STIGA,9999.00,618,1897,18968103.00,18983432.83,2223065.46,10007.08
PROD000903,GLITTER GLUE 12-PACK,STATIONERY,CRAFT MATERIALS,ELMER'S,499.00,618,1773,884727.00,956484.70,119902.25,539.47
PROD000057,43 INCH 4K SMART TV,ELECTRONICS,TV,XIAOMI,32999.00,613,1800,59398200.00,59318749.24,6947093.70,32954.86
PROD000311,BODY WASH LAVENDER 400ML,BEAUTY,BATH & BODY,FIAMA,299.00,629,1926,575874.00,644625.82,75192.93,334.70
PROD001013,PREDATOR ACCURACY FOOTBALL,FOOTWEAR,SPORTS SHOES,ADIDAS,9999.00,628,1894,18938106.00,18962636.55,2397268.23,10011.95
PROD000236,NIGHT LAMP PLUG-IN,HOME,LIGHTING,WIPRO,399.00,647,1989,793611.00,866227.35,86809.71,435.51
PROD001096,COMPRESSION PACKING BAGS 5PC,BAGS & LUGGAGE,TRAVEL KITS,SPACESAVER,999.00,591,1731,1729269.00,1800463.40,204069.22,1040.13
PROD000079,HARMAN KARDON ONYX STUDIO 8,ELECTRONICS,SPEAKERS,HARMAN KARDON,24999.00,619,1850,46248150.00,46145134.42,6960636.19,24943.32
PROD000326,BEARD GROOMING KIT 7-IN-1,BEAUTY,GROOMING TOOLS,MI,1299.00,603,1826,2371974.00,2437327.64,230408.22,1334.79
PROD001059,CHECK-IN 2.0 HARDSIDE 70CM,BAGS & LUGGAGE,TROLLEYS,SAFARI,6999.00,647,1932,13522068.00,13594074.87,1547822.60,7036.27
PROD000303,DEO SPRAY 72HR,BEAUTY,PERSONAL CARE,DOVE,249.00,643,1979,492771.00,568561.94,59956.24,287.30
PROD000481,ACTIVITY PLAY GYM MAT,TOYS,INFANT,FISHER-PRICE,2499.00,619,1841,4600659.00,4652667.43,566077.12,2527.25
PROD000506,TRANSFORMERS OPTIMUS PRIME,TOYS,ACTION FIGURES,HASBRO,5999.00,621,1858,11146142.00,11204244.96,1510954.26,6030.27
PROD001048,"LAPTOP BACKPACK 15.6""",BAGS & LUGGAGE,BACKPACKS,SAMSONITE,4999.00,637,1891,9453109.00,9528363.09,1048812.70,5038.80
PROD000138,HIGH HEELS BLOCK,CLOTHING,FOOTWEAR,STEVE MADDEN,4999.00,620,1926,9628074.00,9685392.65,1315879.79,5028.76
PROD000422,CAMPING TENT 4-PERSON,SPORTS,OUTDOOR,QUECHUA,7999.00,586,1764,14110236.00,14123070.65,1559578.38,8006.28
PROD000816,STERILISED CAT DRY FOOD 1.5KG,PETS,CAT FOOD,PURINA PRO PLAN,2199.00,624,1827,4017573.00,4082356.37,444702.41,2234.46
PROD000027,LUMIX GH6,ELECTRONICS,CAMERA,PANASONIC,149990.00,667,2042,306279580.00,306324869.76,43557075.71,150012.18
PROD000359,STD 12 ECONOMICS GUIDE,BOOKS,EDUCATIONAL,T.R. JAIN / VK PUBLICATIONS,299.00,621,1898,567502.00,637464.20,66088.18,335.86
PROD001052,77CM LARGE SUITCASE,BAGS & LUGGAGE,TROLLEYS,AMERICAN TOURISTER,9999.00,650,1975,19748025.00,19777560.56,2086789.11,10013.95
PROD000586,LED INTERIOR LIGHT STRIP,AUTOMOTIVE,CAR ELECTRONICS,GOVEE,1299.00,619,1791,2326509.00,2396490.25,317677.05,1338.07
PROD000298,FLOWERBOMB EDP 50ML,BEAUTY,FRAGRANCE,VIKTOR & ROLF,8500.00,640,1958,16643000.00,16657195.73,1771002.99,8507.25
PROD001248,LG CINEBEAM HU710PW 4K UST,OFFICE SUPPLIES,PROJECTORS,LG,249999.00,606,1816,453998184.00,453143183.76,65284171.33,249528.18
PROD000279,BB CREAM SPF 35,BEAUTY,MAKEUP,GARNIER,279.00,643,1890,527310.00,599834.45,65537.89,317.37
PROD000666,TABLE SALT IODIZED 1KG,GROCERIES,STAPLES,TATA SALT,30.00,661,1995,59850.00,134531.23,7675.19,67.43
PROD000980,TIMEX EXPEDITION CLASSIC,JEWELLERY,WATCHES,TIMEX,3495.00,606,1823,6371385.00,6426469.21,957276.64,3525.22
PROD000461,"MOUNTAIN BIKE 21-SPEED 27.5""",SPORTS,CYCLING,HERO SPRINT,14999.00,609,1855,27823145.00,27862551.46,2954366.07,15020.24
PROD000419,TREADMILL MOTORIZED 3HP,SPORTS,FITNESS,POWERMAX,34999.00,629,1912,66918088.00,66845679.15,7393098.59,34961.13
PROD000338,THE GREAT GATSBY,BOOKS,FICTION,F. SCOTT FITZGERALD / PENGUIN,199.00,632,1848,367752.00,440942.73,53401.21,238.61
PROD000394,UPSC PRELIMS GENERAL STUDIES,BOOKS,ENTRANCE PREP,GS SCORE,999.00,628,1909,1907091.00,1975691.98,266392.76,1034.94
PROD000778,BABY SUNSCREEN SPF 50+,BABY,BATH & SKIN CARE,BANANA BOAT BABY,799.00,638,1923,1536477.00,1610692.36,159440.95,837.59
PROD000551,SEAT COVER LEATHERETTE SET,AUTOMOTIVE,CAR ACCESSORIES,AUTOFURNISH,2999.00,587,1776,5326224.00,5387306.26,594024.85,3033.39
PROD001105,PRS SE CUSTOM 24,MUSIC & INSTRUMENTS,GUITARS,PRS GUITARS,59999.00,664,1997,119818003.00,119497714.11,18209985.04,59838.61
PROD000205,INDUCTION COOKTOP 2000W,HOME,APPLIANCES,PHILIPS,3499.00,609,1796,6284204.00,6335087.26,785484.97,3527.33
PROD000895,COMPASS GEOMETRY SET 8-PIECE,STATIONERY,WRITING TOOLS,FABER-CASTELL,399.00,656,1978,789222.00,867582.59,113992.01,438.62
PROD000836,FIRST AID KIT FOR PETS,PETS,HEALTHCARE,AKC PET FIRST AID,1999.00,628,1861,3720139.00,3788688.72,537248.45,2035.83
PROD001091,TOILETRY BAG HANGING CLEAR TSA,BAGS & LUGGAGE,TRAVEL KITS,BAGO TRAVEL,999.00,619,1836,1834164.00,1905875.79,265026.97,1038.06
PROD000289,LEAVE-IN CREAM CURLY HAIR,BEAUTY,HAIRCARE,CANTU,799.00,577,1744,1393456.00,1457812.92,226072.59,835.90
PROD000244,WATERPROOF MATTRESS PROTECTOR,HOME,BEDDINGS,SLEEPYHEAD,999.00,601,1782,1780218.00,1837575.16,252992.98,1031.19
PROD000610,BOOST HEALTH DRINK 500G,GROCERIES,BEVERAGES,BOOST,329.00,607,1788,588252.00,656137.99,69882.73,366.97
PROD001095,UNIVERSAL TRAVEL ADAPTER,BAGS & LUGGAGE,TRAVEL KITS,ANKER,2499.00,611,1827,4565673.00,4624220.05,637498.63,2531.05
PROD000100,ANALOGUE POCKET,ELECTRONICS,GAMING CONSOLES,ANALOGUE,22999.00,663,1965,45193035.00,45131415.86,5122980.06,22967.64
PROD000404,THE MAGIC TREE HOUSE SERIES,BOOKS,CHILDREN BOOKS,MARY POPE OSBORNE / RANDOM HOUSE,299.00,663,2026,605774.00,680523.90,85386.45,335.90
PROD000846,DOG TOOTHBRUSH KIT + PASTE,PETS,GROOMING,VIRBAC,499.00,662,1996,996004.00,1070466.51,113595.58,536.31
PROD000841,PET SLICKER BRUSH SELF-CLEANING,PETS,GROOMING,HERTZKO,1299.00,608,1821,2365479.00,2430329.23,347461.82,1334.61
PROD000218,OTG OVEN 30L,HOME,KITCHEN,MORPHY RICHARDS,5999.00,629,1829,10972171.00,11026945.69,1433152.23,6028.95
PROD000324,ELECTRIC EPILATOR,BEAUTY,GROOMING TOOLS,BRAUN,3499.00,612,1806,6319194.00,6373489.38,861312.81,3529.06
PROD000629,BEETROOT 1KG,GROCERIES,VEGETABLES,FRESHO,49.00,590,1706,83594.00,150348.55,12071.86,88.13
PROD001218,THERMAL LABEL PRINTER LW-400,OFFICE SUPPLIES,PRINTERS,BROTHER,9999.00,621,1888,18878112.00,18937091.31,2969636.36,10030.24
PROD000383,THE DIARY OF A YOUNG GIRL,BOOKS,BIOGRAPHIES,ANNE FRANK / PENGUIN,249.00,629,1844,459156.00,529516.77,51552.01,287.16
PROD000782,ROMPER WITH SNAP BUTTONS 3-6M,BABY,CLOTHING,H&M BABY,699.00,600,1844,1288956.00,1355273.05,179615.54,734.96
PROD000411,YOGA MAT ANTI-SLIP 6MM,SPORTS,FITNESS,BOLDFIT,799.00,608,1796,1435004.00,1503105.22,169750.02,836.92
PROD000987,HIKING BOOT WATERPROOF,FOOTWEAR,MEN FOOTWEAR,SALOMON,14999.00,619,1836,27538164.00,27588106.85,3376059.86,15026.20
PROD000042,GALAXY WATCH 6 CLASSIC,ELECTRONICS,SMARTWATCH,SAMSUNG,36999.00,640,1948,72074052.00,71869915.99,7079253.78,36894.21
PROD000679,MOMOS FROZEN VEG 15 PIECES,GROCERIES,FROZEN FOOD,WOW MOMO,199.00,627,1884,374916.00,443711.31,47377.44,235.52
PROD000840,IMMUNITY BOOSTER SYRUP 200ML,PETS,HEALTHCARE,HIMALAYA ERINA,299.00,629,1853,554047.00,625716.40,69474.42,337.68
PROD000656,PITA BREAD 6 PIECES,GROCERIES,BAKERY,MODERN BREAD,59.00,651,1941,114519.00,188713.92,10848.02,97.23
PROD000269,CETAPHIL MOISTURIZING LOTION,BEAUTY,SKINCARE,CETAPHIL,499.00,594,1834,915166.00,981642.52,98317.12,535.25
PROD000843,PET NAIL CLIPPER WITH GUARD,PETS,GROOMING,MILLERS FORGE,799.00,643,1965,1570035.00,1639262.33,209546.59,834.23
PROD000595,STUDDS NINJA ELITE FULL FACE,AUTOMOTIVE,HELMETS,STUDDS,1999.00,643,1974,3946026.00,4010602.13,598443.11,2031.71
PROD000507,WWE JOHN CENA ELITE FIGURE,TOYS,ACTION FIGURES,MATTEL,1999.00,657,1948,3894052.00,3966236.42,546712.00,2036.06
PROD000261,MOISTURIZING CREAM SPF 50,BEAUTY,SKINCARE,NEUTROGENA,699.00,650,1958,1368642.00,1441068.10,161099.99,735.99
PROD000728,PORE CLEANER ELECTRIC,HEALTH,PERSONAL HYGIENE,BLACKHEAD REMOVER,1299.00,626,1874,2434326.00,2499022.22,352324.03,1333.52
PROD000024,OM SYSTEM OM-5,ELECTRONICS,CAMERA,OLYMPUS,99990.00,574,1768,176782320.00,176161617.69,21279250.81,99638.92
PROD000774,FRAGRANCE-FREE LOTION 200ML,BABY,BATH & SKIN CARE,AVEENO BABY,599.00,667,1963,1175837.00,1249602.70,143788.77,636.58
PROD000379,MINDSET: THE NEW PSYCHOLOGY,BOOKS,SELF-HELP,CAROL S. DWECK / ROBINSON,399.00,646,2015,803985.00,873427.22,81053.60,433.46
PROD000628,MUSHROOM BUTTON 200G,GROCERIES,VEGETABLES,FRESHO,59.00,648,1920,113280.00,189246.67,10740.34,98.57
PROD000177,V-NECK VEST PACK OF 3,CLOTHING,INNERWEAR,RUPA FRONTLINE,299.00,659,2005,599495.00,673667.25,77174.72,335.99
PROD000735,ORGANIC COTTON DIAPERS M 20PCS,BABY,DIAPERS,PARASOL CO.,1499.00,663,2007,3008493.00,3078417.55,308487.62,1533.84
PROD000691,DIGITAL BP MONITOR UPPER ARM,HEALTH,MEDICAL EQUIPMENT,OMRON,2999.00,617,1819,5455181.00,5496079.46,603485.20,3021.48
PROD001040,OXFORD GENUINE LEATHER CAP-TOE,FOOTWEAR,FORMAL SHOES,RUOSH,6999.00,671,2071,14494929.00,14526397.65,2044499.88,7014.19
PROD000108,TRACK PANTS DRI-FIT,CLOTHING,MEN,NIKE,2495.00,655,1974,4925130.00,4996857.94,681530.92,2531.34
PROD000801,ADULT DRY DOG FOOD CHICKEN 3KG,PETS,DOG FOOD,ROYAL CANIN,1899.00,631,1927,3659373.00,3721725.61,440046.00,1931.36
PROD001146,BETA 58A SUPERCARDIOID DYNAMIC,MUSIC & INSTRUMENTS,MICROPHONES,SHURE,14999.00,596,1765,26473235.00,26445390.28,3268489.87,14983.22
PROD001100,LUGGAGE STRAP LOCK SET 2,BAGS & LUGGAGE,TRAVEL KITS,TRAVELON,999.00,637,1965,1963035.00,2030076.59,235259.77,1033.12
PROD000456,BADMINTON SHUTTLECOCK PACK OF 6,SPORTS,SPORTS EQUIPMENT,YONEX,699.00,643,1956,1367244.00,1437026.32,167429.69,734.68
PROD000859,TECHNICAL DRAWING PEN SET 4,STATIONERY,PENS,STAEDTLER,1299.00,638,1917,2490183.00,2555722.18,295359.45,1333.19
PROD000044,FENIX 7 PRO,ELECTRONICS,SMARTWATCH,GARMIN,89999.00,642,1906,171538094.00,170850933.95,21790682.94,89638.48
PROD000970,FRIENDSHIP BRACELET SET 3,JEWELLERY,BRACELETS,SHAYA,899.00,611,1877,1687423.00,1751499.13,214903.36,933.14
PROD000028,INSTA360 X3,ELECTRONICS,CAMERA,INSTA360,44999.00,629,1926,86668074.00,86707919.57,12294086.97,45019.69
PROD000617,OREO CHOCOLATE CREAM 300G,GROCERIES,SNACKS,OREO / CADBURY,99.00,587,1828,180972.00,250762.78,23924.18,137.18
PROD001097,TRAVEL MEDICATION ORGANIZER,BAGS & LUGGAGE,TRAVEL KITS,SHACKE,799.00,590,1783,1424617.00,1484563.55,233503.18,832.62
PROD001111,KOMPLETE KONTROL S49 MK2,MUSIC & INSTRUMENTS,KEYBOARDS,NATIVE INSTRUMENTS,49999.00,597,1762,88098238.00,87959326.74,10869708.04,49920.16
PROD000123,JOGGER SET,CLOTHING,KIDS,NIKE,2495.00,635,1845,4603275.00,4671305.59,611651.32,2531.87
PROD000723,WATER FLOSSER CORDLESS,HEALTH,PERSONAL HYGIENE,WATERPIK,3999.00,660,1999,7994001.00,8053911.47,1016966.76,4028.97
PROD000766,PLAYPEN FOLDABLE 10-PANEL,BABY,BABY GEAR,GRACO,7999.00,612,1831,14646169.00,14678456.96,2039543.82,8016.63
PROD000838,FLEA COLLAR SERESTO 8-MONTH,PETS,HEALTHCARE,BAYER SERESTO,2999.00,639,1845,5533155.00,5585511.40,799379.28,3027.38
PROD000188,ROCKING CHAIR WOODEN,HOME,FURNITURE,HOMETOWN,9999.00,608,1820,18198180.00,18210093.50,2379247.90,10005.55
PROD000373,THINK AND GROW RICH,BOOKS,SELF-HELP,NAPOLEON HILL / FINGERPRINT,199.00,633,1870,372130.00,444953.85,51054.53,237.94
PROD000225,SPRINKLER ROTARY 360°,HOME,GARDEN,NELSON,899.00,641,1891,1700009.00,1773661.73,246258.62,937.95
PROD000813,WET CAT FOOD POUCH 85G SALMON,PETS,CAT FOOD,SHEBA,99.00,626,1857,183843.00,254811.96,22198.03,137.22
PROD000112,HIGH-RISE SKINNY JEANS,CLOTHING,WOMEN,LEVI'S,3499.00,621,1884,6592116.00,6652024.89,771528.39,3530.80
PROD000556,PHONE MOUNT MAGNETIC VENT,AUTOMOTIVE,CAR ACCESSORIES,BELKIN,1499.00,661,2024,3033976.00,3104711.23,389196.04,1533.95
PROD001003,SCHOOL SHOE BLACK VELCRO,FOOTWEAR,KIDS FOOTWEAR,BATA BUBBLEGUMMERS,999.00,656,2026,2023974.00,2097175.28,279187.21,1035.13
PROD000111,FLORAL MIDI DRESS,CLOTHING,WOMEN,ZARA,3990.00,638,1913,7632870.00,7682809.61,864896.71,4016.11
PROD000915,22KT GOLD COIN 1G,JEWELLERY,GOLD,MMTC-PAMP,6500.00,643,1896,12324000.00,12340071.17,1919751.12,6508.48
PROD001150,WIRELESS CLIP-ON LAVALIER,MUSIC & INSTRUMENTS,MICROPHONES,DJI MIC,26999.00,628,1889,51001111.00,50878203.31,7354315.75,26933.94
PROD000120,CROP TOP RIBBED,CLOTHING,WOMEN,FOREVER 21,999.00,594,1780,1778220.00,1842681.94,210494.61,1035.21
PROD000755,SOFT CLOTH BOOK CRINKLE,BABY,TOYS,LAMAZE,799.00,626,1809,1445391.00,1512305.05,168369.85,835.99
PROD000855,ROLLER BALL PEN MEDIUM BLUE,STATIONERY,PENS,PILOT G2,149.00,611,1814,270286.00,343387.54,29015.53,189.30
PROD000502,SPIDER-MAN ARTICULATED 15CM,TOYS,ACTION FIGURES,HASBRO,1499.00,624,1840,2758160.00,2826915.54,437950.36,1536.37
PROD000579,AIR COMPRESSOR PORTABLE 150PSI,AUTOMOTIVE,TOOLS,MICHELIN,7999.00,619,1932,15454068.00,15488178.61,1982742.57,8016.66
PROD000878,PALETTE KNIFE SET OF 5,STATIONERY,ART SUPPLIES,ROYAL LANGNICKEL,599.00,643,1916,1147684.00,1221659.18,168752.52,637.61
PROD000463,CYCLING HELMET MIPS,SPORTS,CYCLING,GIRO,5999.00,622,1894,11362106.00,11389005.69,1618240.49,6013.20
PROD001044,QUECHUA NH100 NATURE 10L,BAGS & LUGGAGE,BACKPACKS,DECATHLON,799.00,584,1767,1411833.00,1476255.34,187872.18,835.46
PROD001151,STUDENT VIOLIN 4/4 OUTFIT,MUSIC & INSTRUMENTS,VIOLINS,STENTOR,8999.00,617,1821,16387179.00,16411827.67,1787656.30,9012.54
PROD000131,AIR MAX 270 SNEAKERS,CLOTHING,FOOTWEAR,NIKE,12995.00,648,1859,24157705.00,24118141.63,3090161.97,12973.72
PROD000809,SMALL BREED DRY FOOD 1.5KG,PETS,DOG FOOD,EUKANUBA,1499.00,571,1701,2549799.00,2607342.88,302125.73,1532.83
PROD001086,"TOTE BAG LAPTOP WOMEN 15""",BAGS & LUGGAGE,LAPTOP BAGS,BAGGIT,1999.00,651,1977,3952023.00,4009382.02,521715.60,2028.01
PROD000086,HDMI 2.1 CABLE 2M,ELECTRONICS,COMPUTER ACCESSORIES,BELKIN,1999.00,641,1925,3848075.00,3898034.64,490059.07,2024.95
PROD000637,PINEAPPLE 1 KG,GROCERIES,FRUITS,FRESHO,89.00,664,1995,177555.00,253860.14,26996.58,127.25
PROD000304,FACE WASH NEEM,BEAUTY,PERSONAL CARE,HIMALAYA,99.00,627,1924,190476.00,262420.70,26042.87,136.39
PROD000388,THE STORY OF MY EXPERIMENTS,BOOKS,BIOGRAPHIES,MAHATMA GANDHI / FINGERPRINT,199.00,628,1921,382279.00,456779.42,49874.27,237.78
PROD000860,SKETCH PEN SET OF 24,STATIONERY,PENS,FABER-CASTELL,499.00,639,1887,941613.00,1014088.35,123891.80,537.41
PROD001068,WOVEN BASKET BAG STRAW,BAGS & LUGGAGE,HANDBAGS,ZARA,2999.00,640,1919,5755081.00,5818829.47,914292.91,3032.22
PROD000043,PIXEL WATCH 2,ELECTRONICS,SMARTWATCH,GOOGLE,34999.00,666,1964,68738036.00,68545693.90,6965355.57,34901.07
PROD000988,LOAFER PENNY SLIP-ON LEATHER,FOOTWEAR,MEN FOOTWEAR,HUSH PUPPIES,4499.00,610,1811,8147689.00,8194283.76,830019.29,4524.73
PROD000831,TICK & FLEA SPOT-ON TREATMENT,PETS,HEALTHCARE,FRONTLINE PLUS,699.00,637,1912,1336488.00,1406116.89,155389.68,735.42
PROD000352,HC VERMA CONCEPTS OF PHYSICS VOL 1,BOOKS,EDUCATIONAL,H.C. VERMA / BHARATI BHAWAN,449.00,614,1893,849957.00,917225.12,111627.51,484.54
PROD001174,ZELDA: TEARS OF THE KINGDOM SWITCH,GAMING,CONSOLE GAMES,NINTENDO,4499.00,596,1821,8192679.00,8250693.48,1107947.66,4530.86
PROD000888,MANILA FOLDER 100PCS,STATIONERY,FILES & FOLDERS,OXFORD,499.00,587,1787,891713.00,957719.32,114963.11,535.94
PROD000727,EAR WAX REMOVAL KIT,HEALTH,PERSONAL HYGIENE,CLINERE,499.00,632,1902,949098.00,1024161.08,123444.70,538.47
PROD000776,WET WIPES 99% WATER 80PCS,BABY,BATH & SKIN CARE,WATERWIPES,399.00,619,1889,753711.00,828427.10,81562.00,438.55
PROD000781,ORGANIC COTTON ONESIE 3-PACK,BABY,CLOTHING,CARTER'S,1299.00,641,1936,2514864.00,2580690.67,380081.59,1333.00
PROD001045,ANTI-THEFT BACKPACK URBAN,BAGS & LUGGAGE,BACKPACKS,PACSAFE,7999.00,649,1932,15454068.00,15509066.57,2529695.68,8027.47
PROD000821,ADJUSTABLE DOG HARNESS L,PETS,PET ACCESSORIES,RUFFWEAR,4999.00,630,1893,9463107.00,9522344.39,1149625.07,5030.29
PROD000058,VU 65 MASTERPIECE QLED,ELECTRONICS,TV,VU,89999.00,659,2041,183687959.00,183667609.76,26120993.33,89989.03
PROD000380,DEEP WORK,BOOKS,SELF-HELP,CAL NEWPORT / PIATKUS,449.00,638,1861,835589.00,912215.21,107211.77,490.17
PROD000316,HAND WASH LIQUID 250ML,BEAUTY,BATH & BODY,SAVLON,99.00,648,1968,194832.00,267680.35,24734.82,136.02
PROD000890,COLOR TAB DIVIDERS 8-TAB,STATIONERY,FILES & FOLDERS,AVERY,199.00,639,1891,376309.00,445225.09,38938.88,235.44
PROD000600,LS2 FF320 STREAM FULL FACE,AUTOMOTIVE,HELMETS,LS2,7499.00,607,1868,14008132.00,14046336.97,1820374.61,7519.45
PROD000442,CLIMALITE TRAINING TOP,SPORTS,ATHLETIC WEAR,ADIDAS,2499.00,635,1922,4803078.00,4861841.58,701759.65,2529.57
PROD000291,SAUVAGE EDT 100ML,BEAUTY,FRAGRANCE,DIOR,8500.00,639,1938,16473000.00,16488416.25,1893041.69,8507.95
PROD000792,ANTI-COLIC BOTTLE 150ML,BABY,FEEDING ESSENTIALS,DR. BROWN'S,1299.00,591,1824,2369376.00,2425337.44,386655.01,1329.68
PROD000790,BABY GIRL FROCK 3-PACK,BABY,CLOTHING,HOPSCOTCH,999.00,655,1922,1920078.00,1995480.74,237944.45,1038.23
PROD000772,NAPPY RASH CREAM 50G,BABY,BATH & SKIN CARE,HIMALAYA,199.00,637,1921,382279.00,455037.48,52016.86,236.88
PROD000051,"OLED C3 65""",ELECTRONICS,TV,LG,189990.00,617,1866,354521340.00,352487373.61,49826971.14,188899.99
PROD001210,XBOX LIVE GOLD 12 MONTHS,GAMING,GAME CODES,MICROSOFT,4499.00,680,2057,9254443.00,9320260.51,1294661.81,4531.00
PROD000266,RETINOL NIGHT SERUM,BEAUTY,SKINCARE,OLAY,1299.00,556,1688,2192712.00,2254347.79,271134.14,1335.51
PROD000875,OIL PAINT SET 12 COLORS,STATIONERY,ART SUPPLIES,GAMBLIN,3499.00,639,1909,6679591.00,6733941.69,886559.82,3527.47
PROD000035,MOMENTUM 4 WIRELESS,ELECTRONICS,HEADPHONES,SENNHEISER,26990.00,615,1836,49553640.00,49441363.38,6977524.96,26928.85
PROD000494,SCIENCE EXPERIMENT KIT 50-IN-1,TOYS,EDUCATIONAL,THAMES & KOSMOS,2999.00,623,1852,5554148.00,5609443.06,732689.77,3028.86
PROD001232,PEDESTAL CABINET 3-DRAWER,OFFICE SUPPLIES,STORAGE CABINETS,FEATHERLITE,6999.00,643,1938,13564062.00,13606150.79,1639799.92,7020.72
PROD001128,ALESIS NITRO MAX MESH E-KIT,MUSIC & INSTRUMENTS,DRUMS,ALESIS,49999.00,641,1989,99448011.00,99417260.03,10693122.61,49983.54
PROD000726,MENSTRUAL CUP MEDIUM,HEALTH,PERSONAL HYGIENE,SIRONA,599.00,621,1853,1109947.00,1179872.82,168524.70,636.74
PROD000678,PEAS GREEN FROZEN 500G,GROCERIES,FROZEN FOOD,ITC,99.00,588,1745,172755.00,242798.03,21206.32,139.14
PROD000511,RAVENSBURGER 500PC CITY SKYLINE,TOYS,PUZZLES,RAVENSBURGER,1499.00,606,1866,2797134.00,2858274.60,356391.20,1531.77
PROD000627,GINGER 200G,GROCERIES,VEGETABLES,24 MANTRA ORGANIC,29.00,653,1890,54810.00,132187.92,6409.88,69.94
PROD000675,EDAMAME 400G,GROCERIES,FROZEN FOOD,VEEBA,199.00,630,1903,378697.00,452538.17,51106.95,237.80
PROD000626,CAPSICUM MIXED 3 COLORS,GROCERIES,VEGETABLES,FRESHO,69.00,611,1885,130065.00,199482.52,18184.12,105.83
PROD000031,WH-1000XM5,ELECTRONICS,HEADPHONES,SONY,29990.00,620,1931,57910690.00,57944680.07,6760707.45,30007.60
PROD000926,SILVER KADA BRACELET MEN,JEWELLERY,SILVER,MALABAR GOLD,4999.00,588,1851,9253149.00,9294311.93,1091367.54,5021.24
PROD000746,RICE CARROT MASH 100G POUCH,BABY,BABY FOOD,HIPP ORGANIC,299.00,648,1906,569894.00,644936.49,77161.00,338.37
PROD000559,CAR COVER WATERPROOF SILVER,AUTOMOTIVE,CAR ACCESSORIES,COVERCRAFT,2499.00,609,1838,4593162.00,4651291.50,713020.15,2530.63
PROD000883,ACCORDION FILE 13-POCKET,STATIONERY,FILES & FOLDERS,SMEAD,499.00,659,1969,982531.00,1056980.18,123907.88,536.81
PROD001060,CARRY-ON TUMI ALPHA 3,BAGS & LUGGAGE,TROLLEYS,TUMI,79000.00,638,1891,149389000.00,149008814.98,19862103.87,78798.95
PROD000175,THERMAL VEST,CLOTHING,INNERWEAR,LUX INFERNO,449.00,609,1809,812241.00,881424.13,107994.44,487.24
PROD000019,GIGABYTE AORUS 15,ELECTRONICS,LAPTOP,GIGABYTE,119990.00,644,1898,227741020.00,227136158.41,31396532.92,119671.32
PROD000937,ADJUSTABLE STACK RINGS SET 7,JEWELLERY,FASHION JEWELLERY,SHAYA,999.00,569,1706,1704294.00,1768012.66,185967.85,1036.35
PROD000654,SOURDOUGH LOAF 450G,GROCERIES,BAKERY,THE BAKER'S DOZEN,249.00,664,1962,488538.00,565030.16,64683.41,287.99
PROD000784,BABY SLEEPING BAG 1 TOG,BABY,CLOTHING,GROBAG,1999.00,605,1816,3630184.00,3692630.72,533582.63,2033.39
PROD001200,LENOVO EXPLORER MIXED REALITY,GAMING,VR DEVICES,LENOVO,19999.00,599,1823,36458177.00,36417214.63,4586821.67,19976.53
PROD000568,CRASH GUARD TUBULAR,AUTOMOTIVE,MOTORBIKE ACCESSORIES,SAIGA,2999.00,651,1924,5770076.00,5830398.89,709451.84,3030.35
PROD001062,SATCHEL BAG SUEDE,BAGS & LUGGAGE,HANDBAGS,BAGGIT,2499.00,634,1915,4785585.00,4840541.96,521948.25,2527.70
PROD000785,COTTON JHABLA PACK OF 5,BABY,CLOTHING,MEE MEE,599.00,635,1900,1138100.00,1210470.36,138518.40,637.09
PROD000839,PET PROBIOTIC POWDER 60G,PETS,HEALTHCARE,FORTIFLORA,799.00,650,2001,1598799.00,1670566.85,196517.34,834.87
PROD000134,FLOATERS OUTDOOR,CLOTHING,FOOTWEAR,WOODLAND,3499.00,684,2023,7078477.00,7147551.56,935533.57,3533.14
PROD000460,BOXING GLOVES 12OZ,SPORTS,SPORTS EQUIPMENT,EVERLAST,2499.00,646,1903,4755597.00,4826961.29,674370.59,2536.50
PROD001049,JANSPORT BIG STUDENT 34L,BAGS & LUGGAGE,BACKPACKS,JANSPORT,5499.00,649,1922,10569078.00,10605152.15,1183291.41,5517.77
PROD000268,CLAY FACE MASK KAOLIN,BEAUTY,SKINCARE,INNISFREE,799.00,603,1800,1438200.00,1504331.19,197464.51,835.74
PROD000834,EAR CLEANER SOLUTION 118ML,PETS,HEALTHCARE,VIRBAC EPI-OTIC,599.00,631,1880,1126120.00,1195276.14,130886.57,635.79
PROD000885,EXPANDING FILE WALLET,STATIONERY,FILES & FOLDERS,DURABLE,399.00,604,1833,731367.00,801135.28,119416.93,437.06
PROD001085,"HARD SHELL CASE 14"" ASUS",BAGS & LUGGAGE,LAPTOP BAGS,INATECK,1999.00,626,1881,3760119.00,3817722.22,416130.70,2029.62
PROD000170,REVERSIBLE JACKET,CLOTHING,WINTER WEAR,JACK & JONES,3999.00,622,1841,7362159.00,7424888.25,882030.14,4033.07
PROD000160,CHANDERI DUPATTA,CLOTHING,ETHNIC WEAR,FABINDIA,1299.00,650,1963,2549937.00,2618591.86,339026.61,1333.97
PROD000362,MAUS COMPLETE EDITION,BOOKS,COMICS,ART SPIEGELMAN / PENGUIN,1799.00,597,1716,3087084.00,3152323.11,318075.23,1837.02
PROD000721,ORAL-B ELECTRIC TOOTHBRUSH,HEALTH,PERSONAL HYGIENE,ORAL-B,2499.00,622,1830,4573170.00,4637937.36,535401.55,2534.39
PROD000438,SKIPPING ROPE DIGITAL COUNTER,SPORTS,INDOOR,NIVIA,499.00,635,1884,940116.00,1010338.90,112114.99,536.27
PROD000469,CYCLING JERSEY SHORT SLEEVE,SPORTS,CYCLING,PROVIZ,2499.00,618,1881,4700619.00,4752961.41,652308.68,2526.83
PROD000833,PET CALCIUM SUPPLEMENT 150G,PETS,HEALTHCARE,VETNEX,399.00,612,1878,749322.00,820363.58,88704.27,436.83
PROD001117,ALESIS RECITAL 88-KEY SEMI-WEIGHTED,MUSIC & INSTRUMENTS,KEYBOARDS,ALESIS,16999.00,623,1857,31567143.00,31588728.62,3556902.99,17010.62
PROD000577,OIL FILTER WRENCH,AUTOMOTIVE,TOOLS,GEDORE,799.00,645,1961,1566839.00,1640503.92,214610.03,836.56
PROD000254,WARDROBE ORGANIZER SET,HOME,HOME STORAGE,IKEA,1299.00,647,1975,2565525.00,2629471.90,285354.86,1331.38
PROD000156,NEHRU JACKET BROCADE,CLOTHING,ETHNIC WEAR,MANYAVAR,3499.00,639,1921,6721579.00,6767377.52,892757.40,3522.84
